number,prob_0,prob_ann,prob_ann_std
0.0,1.8601292251043644e-10,1.8601292251043644e-10,2.732261938670791e-10
1.0,0.30320593151906955,0.30320593151906955,0.08314786459093632
2.0,0.5515579998777795,0.5515579998777795,0.11320884873871943
3.0,0.14941013718370394,0.14941013718370394,0.06782851543969752
4.0,0.23918250209530964,0.23918250209530964,0.13153130887419395
5.0,7.421398057730197e-16,7.421398057730197e-16,1.2359014589757923e-15
6.0,1.2525279494579035e-17,1.2525279494579035e-17,2.174223824609146e-17
7.0,3.159870269527233e-12,3.159870269527233e-12,4.426681501331826e-12
8.0,0.2005720681565128,0.2005720681565128,0.06721519016393447
9.0,0.0008526928685025104,0.0008526928685025104,0.001303256826810268
10.0,1.0638583595869332e-31,1.0638583595869332e-31,1.4513689318035962e-31
11.0,4.042035954714007e-43,4.042035954714007e-43,5.51038822503822e-43
12.0,0.2050195647980945,0.2050195647980945,0.053046169620972375
13.0,6.295991393150094e-70,6.295991393150094e-70,1.386233554989873e-69
14.0,0.3535186276031213,0.3535186276031213,0.08981598291924603
15.0,0.058668887700853836,0.058668887700853836,0.0397366808120569
16.0,0.027158698126400573,0.027158698126400573,0.017421587837218745
17.0,0.0005231557867981489,0.0005231557867981489,0.0007166814812517411
18.0,3.409287715184356e-40,3.409287715184356e-40,6.5871396128925164e-40
19.0,0.15282501935988926,0.15282501935988926,0.07634794222235097
20.0,1.184434730732062e-86,1.184434730732062e-86,2.641272629150697e-86
21.0,6.49051946861378e-15,6.49051946861378e-15,1.416892607393092e-14
22.0,0.3949578742104659,0.3949578742104659,0.059725305436920895
23.0,0.0043181298151835175,0.0043181298151835175,0.005023888523720815
24.0,0.42668456124129,0.42668456124129,0.07137690000441561
25.0,0.8736722167528402,0.8736722167528402,0.0423679020717804
26.0,3.361029916012359e-71,3.361029916012359e-71,7.418271972178083e-71
27.0,1.1897535529432114e-05,1.1897535529432114e-05,1.5732788164760705e-05
28.0,6.306723856377289e-07,6.306723856377289e-07,1.067364713939159e-06
29.0,0.44611783881677025,0.44611783881677025,0.15389369446076775
30.0,0.26774381574261696,0.26774381574261696,0.02008427530297333
31.0,3.035390415833469e-29,3.035390415833469e-29,5.573656028440065e-29
32.0,0.2018613855641324,0.2018613855641324,0.06258772033049502
33.0,0.99999993213266,0.99999993213266,8.04150920834654e-08
34.0,0.3916950420275602,0.3916950420275602,0.14110180218598933
35.0,0.20916827195210203,0.20916827195210203,0.029992427542302337
36.0,0.23954249968921312,0.23954249968921312,0.03516000090828456
37.0,1.9964008048255727e-21,1.9964008048255727e-21,3.1471408074859364e-21
38.0,0.14802670178009605,0.14802670178009605,0.0799053920367129
39.0,3.353569333766988e-28,3.353569333766988e-28,4.963164603135936e-28
40.0,0.6413686026384255,0.6413686026384255,0.11996083629003931
41.0,0.1898169553503664,0.1898169553503664,0.027750897281989605
42.0,0.29124747202166157,0.29124747202166157,0.08982375362514684
43.0,7.225435758459518e-45,7.225435758459518e-45,1.5164692259914658e-44
44.0,2.595196914687949e-09,2.595196914687949e-09,5.3584004983563336e-09
45.0,0.7135863491264078,0.7135863491264078,0.09769072361214123
46.0,0.19657579223709937,0.19657579223709937,0.024964349832898906
47.0,0.010666302141884552,0.010666302141884552,0.006094636320456844
48.0,1.189809764266936e-16,1.189809764266936e-16,2.588472662377008e-16
49.0,0.22986352599151555,0.22986352599151555,0.16978410124092685
50.0,1.533669617803852e-20,1.533669617803852e-20,2.5335294405431942e-20
51.0,3.143929769494448e-31,3.143929769494448e-31,4.340322697486534e-31
52.0,0.02232889459110473,0.02232889459110473,0.0256633534160645
53.0,0.2519117683100512,0.2519117683100512,0.01957159604592776
54.0,0.24581885751479332,0.24581885751479332,0.025908968601372612
55.0,0.136693596241457,0.136693596241457,0.09514296185025091
56.0,7.843281288394766e-21,7.843281288394766e-21,1.0815062325134723e-20
57.0,0.00593914091071955,0.00593914091071955,0.0056045984297624
58.0,0.15756092236531155,0.15756092236531155,0.07349809288373033
59.0,0.17332988345695974,0.17332988345695974,0.0629078732541064
60.0,0.0005280513691652548,0.0005280513691652548,0.0008143833472835025
61.0,3.571201115513888e-13,3.571201115513888e-13,5.492143893360691e-13
62.0,0.16247405712531754,0.16247405712531754,0.023698916036804872
63.0,0.6901620826851171,0.6901620826851171,0.0722466313347893
64.0,0.11952630569318883,0.11952630569318883,0.0700009772564341
65.0,9.706430241984195e-13,9.706430241984195e-13,1.4294276343871995e-12
66.0,1.3161648779096454e-06,1.3161648779096454e-06,2.408470128756961e-06
67.0,0.18042651179435584,0.18042651179435584,0.024128701827051416
68.0,7.097191557494053e-55,7.097191557494053e-55,1.5490366257295153e-54
69.0,0.342689907387498,0.342689907387498,0.06347054794984462
70.0,0.9098028608838579,0.9098028608838579,0.032135605277334216
71.0,0.1435399523167735,0.1435399523167735,0.06422099339058655
72.0,0.27024628730644,0.27024628730644,0.056514736984633794
73.0,2.4180153571764112e-61,2.4180153571764112e-61,5.380716698910407e-61
74.0,7.61757404524488e-22,7.61757404524488e-22,1.0704775705496766e-21
75.0,0.5514918786217546,0.5514918786217546,0.13653362873592723
76.0,0.0014257460458094759,0.0014257460458094759,0.0015812621880295298
77.0,1.4725801292498162e-06,1.4725801292498162e-06,2.89417722105284e-06
78.0,3.1661518055176596e-28,3.1661518055176596e-28,4.35043983612284e-28
79.0,0.33514565317634226,0.33514565317634226,0.08858356019518525
80.0,0.41656038273361107,0.41656038273361107,0.17622400316432404
81.0,2.440970540887611e-05,2.440970540887611e-05,4.4323903321496396e-05
82.0,4.19625556764112e-18,4.19625556764112e-18,8.850489467409335e-18
83.0,0.08315949468070921,0.08315949468070921,0.06699828481708948
84.0,5.175433970409949e-29,5.175433970409949e-29,7.085094079707285e-29
85.0,0.000459596608539866,0.000459596608539866,0.0004616930254833687
86.0,5.665305037727216e-16,5.665305037727216e-16,7.805815909553846e-16
87.0,4.936785877278661e-18,4.936785877278661e-18,1.0794074852610999e-17
88.0,4.7379576231246754e-20,4.7379576231246754e-20,6.697390923219053e-20
89.0,0.13227170370439395,0.13227170370439395,0.09119352637098677
90.0,0.6370663947871273,0.6370663947871273,0.10804286123430541
91.0,2.2483442275602133e-07,2.2483442275602133e-07,3.6045097176367654e-07
92.0,0.425827412687316,0.425827412687316,0.1217068859830859
93.0,0.4394611246494529,0.4394611246494529,0.11337144368618855
94.0,3.435475791188481e-41,3.435475791188481e-41,6.738318732652837e-41
95.0,9.983619779315242e-27,9.983619779315242e-27,2.2109306093086985e-26
96.0,0.027614351193898257,0.027614351193898257,0.014826367560811743
97.0,0.013216885572159979,0.013216885572159979,0.016640176471983875
98.0,0.052680464571489095,0.052680464571489095,0.03916254819910715
99.0,0.3967236753445022,0.3967236753445022,0.07927983167264291
100.0,0.0030251458047294453,0.0030251458047294453,0.0028946313322615073
101.0,1.885754374477179e-28,1.885754374477179e-28,3.4979849677186625e-28
102.0,3.016751193591003e-05,3.016751193591003e-05,4.846439231056834e-05
103.0,0.18679169120703215,0.18679169120703215,0.06868097522832896
104.0,0.3559109984337101,0.3559109984337101,0.058794890941490256
105.0,0.06578964196059703,0.06578964196059703,0.03486089569318392
106.0,0.16231322000751458,0.16231322000751458,0.030049681583193637
107.0,1.5130523856141342e-38,1.5130523856141342e-38,2.5088311266548505e-38
108.0,4.947465535031737e-07,4.947465535031737e-07,7.836410366175686e-07
109.0,2.1371921538430673e-20,2.1371921538430673e-20,3.161990918146206e-20
110.0,0.15610333140805754,0.15610333140805754,0.09144642543192708
111.0,6.660548355958723e-05,6.660548355958723e-05,9.444107643425348e-05
112.0,0.04784373711156583,0.04784373711156583,0.02825872717049561
113.0,0.0002508779061575609,0.0002508779061575609,0.00035845302777806284
114.0,0.1973218850738135,0.1973218850738135,0.02697742869227569
115.0,0.41397979729575196,0.41397979729575196,0.07231283242943341
116.0,0.586001216552732,0.586001216552732,0.1607398661612242
117.0,2.074979459203312e-104,2.074979459203312e-104,4.630349452482556e-104
118.0,0.5333209200554002,0.5333209200554002,0.07099093161533804
119.0,0.07718111788611384,0.07718111788611384,0.08955617771360484
120.0,0.4567011893770868,0.4567011893770868,0.10474936910622114
121.0,3.9610894984779067e-26,3.9610894984779067e-26,5.598669562061746e-26
122.0,4.664575405909895e-10,4.664575405909895e-10,9.477037809306016e-10
123.0,5.8107231711165e-10,5.8107231711165e-10,8.357754789766545e-10
124.0,1.3601377830907417e-36,1.3601377830907417e-36,2.608875044905309e-36
125.0,0.2803841507529959,0.2803841507529959,0.08560384368069528
126.0,6.787268911741798e-51,6.787268911741798e-51,9.99607117462247e-51
127.0,9.543413500347774e-24,9.543413500347774e-24,1.3279164950618514e-23
128.0,0.2017449659981337,0.2017449659981337,0.06431663562289078
129.0,4.959226251326874e-08,4.959226251326874e-08,7.957008425743261e-08
130.0,0.07012192322152229,0.07012192322152229,0.026511839353017635
131.0,0.06694618498834333,0.06694618498834333,0.02289808618299769
132.0,0.03741539961782977,0.03741539961782977,0.02094873200590995
133.0,7.379613774197914e-22,7.379613774197914e-22,1.007390609334183e-21
134.0,0.2558738051177293,0.2558738051177293,0.1414551330261214
135.0,9.149010462169739e-18,9.149010462169739e-18,1.881241151366689e-17
136.0,0.309610872812183,0.309610872812183,0.05392639841795183
137.0,0.7192581635587219,0.7192581635587219,0.051404378620555746
138.0,4.711292814967865e-36,4.711292814967865e-36,7.74247602517677e-36
139.0,0.3410498868763765,0.3410498868763765,0.17459481126969173
140.0,1.6595066681162165e-69,1.6595066681162165e-69,3.675843698074426e-69
141.0,7.815585630727079e-18,7.815585630727079e-18,1.0682404715908812e-17
142.0,3.0734055165098257e-44,3.0734055165098257e-44,6.531506404942644e-44
143.0,0.14120675455002243,0.14120675455002243,0.0683437537792792
144.0,3.46884351335768e-54,3.46884351335768e-54,6.175270725919076e-54
145.0,0.2916468847375185,0.2916468847375185,0.17332160769283306
146.0,0.28105701366611574,0.28105701366611574,0.027187351522447802
147.0,0.6583907185672702,0.6583907185672702,0.10769035006669081
148.0,0.3553185669812728,0.3553185669812728,0.12205860927885487
149.0,0.4793396871501573,0.4793396871501573,0.18429922426939715
150.0,0.4761266707293771,0.4761266707293771,0.11702365297591799
151.0,3.038540288973177e-19,3.038540288973177e-19,5.455908020804508e-19
152.0,0.43287304301571367,0.43287304301571367,0.11385990008000281
153.0,0.15603791676301587,0.15603791676301587,0.06481044963631521
154.0,0.4325557261917461,0.4325557261917461,0.10671624830225726
155.0,0.16629747547917945,0.16629747547917945,0.052441675646882305
156.0,0.4118398917736104,0.4118398917736104,0.0840996039995297
157.0,0.5832001442672554,0.5832001442672554,0.11004060882178263
158.0,0.22429614787368793,0.22429614787368793,0.05303090765651309
159.0,0.00016464684575767354,0.00016464684575767354,0.00023024030342837188
160.0,0.29742379031132915,0.29742379031132915,0.06157253433436518
161.0,1.0549293291578992e-90,1.0549293291578992e-90,2.3505395627798815e-90
162.0,0.029486997387137236,0.029486997387137236,0.01948852282090087
163.0,0.6517962017624093,0.6517962017624093,0.1133222583451027
164.0,2.2632429212913615e-27,2.2632429212913615e-27,4.734720850944042e-27
165.0,1.339811476596704e-22,1.339811476596704e-22,2.0314558195702397e-22
166.0,0.05779504060469258,0.05779504060469258,0.07644617677760174
167.0,0.4773135274906716,0.4773135274906716,0.12080425586012264
168.0,5.603652609406904e-10,5.603652609406904e-10,8.047145153171428e-10
169.0,0.3825648210288456,0.3825648210288456,0.05219961135601801
170.0,0.3427551050935399,0.3427551050935399,0.08007548271982916
171.0,7.909994069080402e-12,7.909994069080402e-12,1.7471962887065064e-11
172.0,7.525864964445796e-09,7.525864964445796e-09,1.4713783094384862e-08
173.0,2.5563383467833707e-15,2.5563383467833707e-15,5.578165981198507e-15
174.0,0.47591636088861744,0.47591636088861744,0.17136960097026374
175.0,4.256777192770274e-16,4.256777192770274e-16,5.722526347573941e-16
176.0,0.2266136254209555,0.2266136254209555,0.09043705573018332
177.0,0.5248335037666105,0.5248335037666105,0.05665074102205504
178.0,5.671121867215447e-60,5.671121867215447e-60,1.2515153346969812e-59
179.0,0.3011165737529279,0.3011165737529279,0.044036854057465095
180.0,0.29310744320659843,0.29310744320659843,0.07384778485940655
181.0,0.11989308112538466,0.11989308112538466,0.01946416374178417
182.0,3.643010844156933e-47,3.643010844156933e-47,7.733040775296984e-47
183.0,0.26816832548573105,0.26816832548573105,0.07295398650785402
184.0,0.4056970613795886,0.4056970613795886,0.0658613601018385
185.0,0.0020016917912589827,0.0020016917912589827,0.0015915330348720816
186.0,0.34947177400974666,0.34947177400974666,0.12170682306854472
187.0,9.855463395876338e-18,9.855463395876338e-18,2.165018305905734e-17
188.0,0.09874315055681623,0.09874315055681623,0.10688059989113306
189.0,0.5139123324651349,0.5139123324651349,0.1546033179119578
190.0,0.4720944777864184,0.4720944777864184,0.13537661132360637
191.0,0.015077789957608601,0.015077789957608601,0.018839494039892258
192.0,0.19379166482741197,0.19379166482741197,0.11337057829850453
193.0,0.057371241265510096,0.057371241265510096,0.042338417441101804
194.0,0.0027175737214064767,0.0027175737214064767,0.0036800338581935623
195.0,0.14504348153743413,0.14504348153743413,0.020002493042208806
196.0,0.1952841907774809,0.1952841907774809,0.058241663793491064
197.0,0.0704479722660036,0.0704479722660036,0.04825282228194046
198.0,0.0019828853288121036,0.0019828853288121036,0.0020886487187926663
199.0,0.015617861246136741,0.015617861246136741,0.015292681323651636
200.0,0.026213900337829815,0.026213900337829815,0.01666603558870746
201.0,0.5006741663077439,0.5006741663077439,0.11033768107489565
202.0,5.4600642125494905e-08,5.4600642125494905e-08,7.633022924753866e-08
203.0,2.715271751279357e-24,2.715271751279357e-24,5.529190505514784e-24
204.0,0.18766029321611194,0.18766029321611194,0.03911497281354248
205.0,0.2352542220904707,0.2352542220904707,0.05939793331445745
206.0,0.06104656514363273,0.06104656514363273,0.03942918612241084
207.0,0.49176371884360626,0.49176371884360626,0.1042926862668154
208.0,0.24822166897129225,0.24822166897129225,0.12837244326999353
209.0,0.3533219918996229,0.3533219918996229,0.041811788574010855
210.0,3.2712228346275844e-48,3.2712228346275844e-48,6.922228442987393e-48
211.0,0.1543324231498277,0.1543324231498277,0.04233907115260305
212.0,0.08446071558485553,0.08446071558485553,0.025960936777535516
213.0,7.827601816063007e-32,7.827601816063007e-32,1.0824664430775243e-31
214.0,0.34765372149589757,0.34765372149589757,0.06142524150591579
215.0,0.531831909401292,0.531831909401292,0.16468434334723692
216.0,0.04208337995907263,0.04208337995907263,0.045196108245839736
217.0,0.00837466144124026,0.00837466144124026,0.011221618257077449
218.0,1.0485942057857714e-62,1.0485942057857714e-62,2.267473227995311e-62
219.0,0.9684335072297646,0.9684335072297646,0.026074560397329517
220.0,0.34057012497708966,0.34057012497708966,0.047950210829146
221.0,0.057773499344528315,0.057773499344528315,0.045340826850082304
222.0,2.7122697141716177e-25,2.7122697141716177e-25,3.741957895577277e-25
223.0,0.0024987165930257533,0.0024987165930257533,0.004715825536611232
224.0,2.9687595832574975e-13,2.9687595832574975e-13,4.620731504675063e-13
225.0,1.4346964728107539e-53,1.4346964728107539e-53,3.0882392117467894e-53
226.0,0.26420949799912974,0.26420949799912974,0.09319803217467834
227.0,0.16092906836793028,0.16092906836793028,0.12179401410573232
228.0,1.2689260957636254e-05,1.2689260957636254e-05,1.910393255567627e-05
229.0,1.0843073837338172e-25,1.0843073837338172e-25,1.541201134155478e-25
230.0,1.6537353053603542e-17,1.6537353053603542e-17,2.2869388467820964e-17
231.0,0.18847069001735853,0.18847069001735853,0.16599479205772538
232.0,0.2987662209807346,0.2987662209807346,0.09427377172404608
233.0,0.268303575792761,0.268303575792761,0.08441147485011156
234.0,0.08057021229455899,0.08057021229455899,0.08064860376099454
235.0,5.026404241069789e-35,5.026404241069789e-35,1.0229726961931187e-34
236.0,0.004581813573774142,0.004581813573774142,0.004501710098310247
237.0,8.910108293039066e-18,8.910108293039066e-18,1.2892298416971957e-17
238.0,7.773430326533176e-08,7.773430326533176e-08,1.068677490441671e-07
239.0,0.010540674246931262,0.010540674246931262,0.008664816570328063
240.0,0.004653523167019691,0.004653523167019691,0.005804642447757085
241.0,0.006825946963932865,0.006825946963932865,0.00743954622361674
242.0,3.417849058545367e-41,3.417849058545367e-41,5.420981529717843e-41
243.0,4.101279758526462e-19,4.101279758526462e-19,7.741317057665113e-19
244.0,2.549362918066697e-11,2.549362918066697e-11,5.379235267284007e-11
245.0,0.16406710443159178,0.16406710443159178,0.04767317902705759
246.0,0.24653801297988961,0.24653801297988961,0.027620586263806774
247.0,0.6168404272356909,0.6168404272356909,0.08227885919917778
248.0,1.3424922652779899e-49,1.3424922652779899e-49,2.4030026840498696e-49
249.0,0.40321943540951394,0.40321943540951394,0.061926688473485675
250.0,2.9434053584636734e-55,2.9434053584636734e-55,6.1603046899303565e-55
251.0,0.22280916490631766,0.22280916490631766,0.10781491971578669
252.0,2.1488306907307747e-36,2.1488306907307747e-36,3.570044673039089e-36
253.0,0.5105934007077344,0.5105934007077344,0.15676238578952423
254.0,0.22652205098052342,0.22652205098052342,0.4307153287240634
255.0,0.4095416888901676,0.4095416888901676,0.06091813221316282
256.0,0.25109355704891134,0.25109355704891134,0.03678153836520169
257.0,0.18567670261881858,0.18567670261881858,0.24019874573515337
258.0,6.056023681942596e-32,6.056023681942596e-32,6.8964189382758e-32
259.0,0.2043205640864884,0.2043205640864884,0.03143112311456847
260.0,0.15966391340905844,0.15966391340905844,0.012606530974641003
261.0,0.7500424109532539,0.7500424109532539,0.07180535871374072
262.0,0.41362308035743095,0.41362308035743095,0.03525120979392462
263.0,0.09649594574112302,0.09649594574112302,0.06939264302678866
264.0,0.042510451155268456,0.042510451155268456,0.04823221599490676
265.0,0.04748258329738766,0.04748258329738766,0.019993275229536842
266.0,0.20867379946636996,0.20867379946636996,0.05816903223670838
267.0,0.1985725081609315,0.1985725081609315,0.06542738556312144
268.0,0.12679496907088814,0.12679496907088814,0.11148731016714751
269.0,0.0010329059649347204,0.0010329059649347204,0.0017142986051530353
270.0,0.30807735115291235,0.30807735115291235,0.06639991180124143
271.0,0.33089164201174787,0.33089164201174787,0.08441193031879103
272.0,2.614487674608907e-17,2.614487674608907e-17,5.0005301634524825e-17
273.0,0.14687413040372682,0.14687413040372682,0.10728873174722292
274.0,0.5992281719164366,0.5992281719164366,0.11773123840308605
275.0,6.767948424128093e-36,6.767948424128093e-36,1.4606935689365502e-35
276.0,0.07949726891040675,0.07949726891040675,0.06531676936479515
277.0,0.4381092098613021,0.4381092098613021,0.11413923937422389
278.0,0.040975275175327466,0.040975275175327466,0.022500761202211818
279.0,6.202275787610111e-22,6.202275787610111e-22,8.49451207861179e-22
280.0,0.3436972612735133,0.3436972612735133,0.08168409003204224
281.0,2.5744031584603878e-17,2.5744031584603878e-17,3.9032861871920526e-17
282.0,3.4908069401889246e-07,3.4908069401889246e-07,6.466518584173223e-07
283.0,1.655457388408805e-05,1.655457388408805e-05,2.7809210914220768e-05
284.0,2.8681166143825777e-06,2.8681166143825777e-06,4.509987558054524e-06
285.0,2.337378734161943e-31,2.337378734161943e-31,4.518565153869604e-31
286.0,1.5186714595597004e-08,1.5186714595597004e-08,2.0845897475344766e-08
287.0,0.9563151880252276,0.9563151880252276,0.04590242169875483
288.0,0.37780214920774935,0.37780214920774935,0.09480436317995646
289.0,0.2867133764359316,0.2867133764359316,0.11145665661097634
290.0,0.3327545863157546,0.3327545863157546,0.08087233986378309
291.0,0.09626006872353361,0.09626006872353361,0.0813319726333494
292.0,0.003520439283614478,0.003520439283614478,0.003371997869840527
293.0,0.19618124910443874,0.19618124910443874,0.10571308569988294
294.0,0.0007890602899803571,0.0007890602899803571,0.0008534795251741767
295.0,3.312609850974684e-36,3.312609850974684e-36,5.181373738254646e-36
296.0,0.0805844541946695,0.0805844541946695,0.05850100212515552
297.0,1.3703019903315076e-09,1.3703019903315076e-09,2.883015805735447e-09
298.0,0.5543411842429169,0.5543411842429169,0.06594926533959411
299.0,0.17221575238233083,0.17221575238233083,0.028638518834942697
300.0,0.10882714638398538,0.10882714638398538,0.038650447274286855
301.0,2.020040037404529e-14,2.020040037404529e-14,2.9693204969326994e-14
302.0,0.5417904761047352,0.5417904761047352,0.08910466773357177
303.0,0.18128319165141743,0.18128319165141743,0.036486493937634756
304.0,0.1946274555691165,0.1946274555691165,0.20165185349071707
305.0,5.201782164856947e-07,5.201782164856947e-07,7.117573396124884e-07
306.0,1.564417809609418e-05,1.564417809609418e-05,1.790920778041974e-05
307.0,0.23781047678540435,0.23781047678540435,0.31727496334050803
308.0,0.3450027787294246,0.3450027787294246,0.07050476700155704
309.0,0.23302378908146015,0.23302378908146015,0.04226312292096944
310.0,1.2116583247530555e-13,1.2116583247530555e-13,2.1240615224076692e-13
311.0,8.108145371992718e-58,8.108145371992718e-58,1.796192444953491e-57
312.0,1.330170311952185e-36,1.330170311952185e-36,1.9190445406325387e-36
313.0,0.6775561699477419,0.6775561699477419,0.1439168222644514
314.0,0.009527242548661273,0.009527242548661273,0.011292184107780935
315.0,7.18146860716576e-58,7.18146860716576e-58,1.226871683149905e-57
316.0,0.12834846349447465,0.12834846349447465,0.03282121572700482
317.0,0.030525906880460495,0.030525906880460495,0.043416338408204615
318.0,5.434428543978869e-18,5.434428543978869e-18,1.1550639333568427e-17
319.0,1.4396294716139602e-50,1.4396294716139602e-50,2.5136566363683384e-50
320.0,0.3749091030167877,0.3749091030167877,0.1099524255115608
321.0,4.909864222667968e-36,4.909864222667968e-36,7.940991420869097e-36
322.0,0.15379354645488888,0.15379354645488888,0.08773464898863821
323.0,0.03445049909074298,0.03445049909074298,0.04248443897601207
324.0,0.30202926417983633,0.30202926417983633,0.09440677366141094
325.0,0.07088751363450782,0.07088751363450782,0.04877347096764377
326.0,0.14362000538464995,0.14362000538464995,0.044127566671831604
327.0,0.8271537677236763,0.8271537677236763,0.10050750010936763
328.0,1.9874040399486654e-30,1.9874040399486654e-30,2.787222984305082e-30
329.0,4.647651765284073e-29,4.647651765284073e-29,7.886714867924282e-29
330.0,0.43967650831980903,0.43967650831980903,0.09128955656038992
331.0,0.560531810884102,0.560531810884102,0.09651804793022883
332.0,0.018078041385521826,0.018078041385521826,0.018629049677662126
333.0,0.13080753098977285,0.13080753098977285,0.12333900533397733
334.0,0.366357071272147,0.366357071272147,0.14295347218059687
335.0,0.5405994417032343,0.5405994417032343,0.11654453795356894
336.0,0.1921808532825993,0.1921808532825993,0.06098945476002463
337.0,0.008954519350595531,0.008954519350595531,0.008863171852075058
338.0,0.7901314051915118,0.7901314051915118,0.10308968475593473
339.0,0.32938615954645245,0.32938615954645245,0.0901511406683215
340.0,9.587075531093989e-35,9.587075531093989e-35,1.3216479668620363e-34
341.0,0.26812439281684486,0.26812439281684486,0.07527703623554866
342.0,0.3104294378370216,0.3104294378370216,0.06844907778096344
343.0,0.30223624493888784,0.30223624493888784,0.06871975038422125
344.0,0.21616095757510684,0.21616095757510684,0.05140178471040223
345.0,0.005201401541460855,0.005201401541460855,0.005426156663935275
346.0,0.5120263402186085,0.5120263402186085,0.12442366896720754
347.0,9.86368203321745e-10,9.86368203321745e-10,1.4790674505468733e-09
348.0,0.35173847407818604,0.35173847407818604,0.07690293807349254
349.0,0.422918991349179,0.422918991349179,0.14946330218723866
350.0,2.2221720160380292e-23,2.2221720160380292e-23,3.509522379982361e-23
351.0,0.0001781708775610656,0.0001781708775610656,0.0002714506758146545
352.0,8.686883376400866e-06,8.686883376400866e-06,1.057048049331415e-05
353.0,0.22743235905280995,0.22743235905280995,0.05694362814892484
354.0,2.318599365110682e-22,2.318599365110682e-22,3.8786419733251545e-22
355.0,0.00043890419936982647,0.00043890419936982647,0.000572573854036988
356.0,8.30581484792537e-44,8.30581484792537e-44,1.4028025754136038e-43
357.0,0.04534525967040626,0.04534525967040626,0.030247505456402805
358.0,0.2700765429184298,0.2700765429184298,0.07496475632030349
359.0,0.1992152569489968,0.1992152569489968,0.06162900082842915
360.0,8.057253967175459e-07,8.057253967175459e-07,1.0852710105533879e-06
361.0,2.1190559953159787e-07,2.1190559953159787e-07,4.0731319001701535e-07
362.0,9.920400608373131e-40,9.920400608373131e-40,1.9952099917419935e-39
363.0,0.17622764211677558,0.17622764211677558,0.03716393823856471
364.0,0.14602567208131997,0.14602567208131997,0.1462246680823404
365.0,1.0607546804007337e-09,1.0607546804007337e-09,1.685805639987342e-09
366.0,2.782828272898422e-26,2.782828272898422e-26,3.8200580288549295e-26
367.0,0.000677938686907906,0.000677938686907906,0.0008393453894404699
368.0,0.04212660644048029,0.04212660644048029,0.03486930346116584
369.0,0.15105884470692332,0.15105884470692332,0.018188633585491196
370.0,2.3129784465352117e-10,2.3129784465352117e-10,3.040796542864671e-10
371.0,0.24747911048887147,0.24747911048887147,0.027053849431437745
372.0,7.046028864544012e-12,7.046028864544012e-12,1.0566796196781186e-11
373.0,1.6439125777543043e-17,1.6439125777543043e-17,2.921831184335942e-17
374.0,6.277453553923748e-08,6.277453553923748e-08,1.1348491840037312e-07
375.0,1.4666773252216257e-51,1.4666773252216257e-51,3.272349313681733e-51
376.0,0.35894734831190434,0.35894734831190434,0.05030926198874385
377.0,5.365011218393248e-53,5.365011218393248e-53,1.0740422722060599e-52
378.0,4.215692786440385e-09,4.215692786440385e-09,5.634746734038878e-09
379.0,9.641342156071459e-55,9.641342156071459e-55,2.0791447961563488e-54
380.0,1.7913393589104243e-10,1.7913393589104243e-10,1.730110726857668e-10
381.0,0.2091912513820639,0.2091912513820639,0.10444660030232918
382.0,0.5191265713288251,0.5191265713288251,0.10452647380054245
383.0,0.30112928766392516,0.30112928766392516,0.07454306374491887
384.0,0.10355169948455771,0.10355169948455771,0.08844208981748267
385.0,2.940104784878028e-08,2.940104784878028e-08,4.574401297646886e-08
386.0,0.21513318961884792,0.21513318961884792,0.02947608460721849
387.0,0.1896606268602569,0.1896606268602569,0.018033926553918386
388.0,0.13862938860844493,0.13862938860844493,0.13039676744888548
389.0,8.666095828182905e-06,8.666095828182905e-06,1.1191565405635104e-05
390.0,0.49533322581206923,0.49533322581206923,0.11284017889006037
391.0,0.0002319652893263038,0.0002319652893263038,0.0002799885766073241
392.0,0.45295150996334926,0.45295150996334926,0.1388932982655045
393.0,0.2070340975835902,0.2070340975835902,0.030795849049016
394.0,0.2343187617019379,0.2343187617019379,0.11523657608424477
395.0,0.37865583847789974,0.37865583847789974,0.07264158453610838
396.0,8.573694941778408e-08,8.573694941778408e-08,1.1528033330797198e-07
397.0,7.435657660158355e-07,7.435657660158355e-07,9.479343738945107e-07
398.0,0.03704833788479158,0.03704833788479158,0.027716941000573397
399.0,0.21980689179251028,0.21980689179251028,0.18331714122069914
400.0,0.15025786390782234,0.15025786390782234,0.07153163969985964
401.0,4.542035538679467e-19,4.542035538679467e-19,7.60676754818132e-19
402.0,0.23755871607466866,0.23755871607466866,0.09363608754708498
403.0,0.17687557711716967,0.17687557711716967,0.09176041573730412
404.0,3.388704159967378e-07,3.388704159967378e-07,4.731625831230479e-07
405.0,0.024025694320199582,0.024025694320199582,0.02701395547150397
406.0,3.325934622000362e-30,3.325934622000362e-30,5.6129944699560264e-30
407.0,6.4090726925853365e-18,6.4090726925853365e-18,8.766031662133508e-18
408.0,0.22626704185645607,0.22626704185645607,0.08547232378716979
409.0,0.002392999219325321,0.002392999219325321,0.002558302127117403
410.0,0.23275596159237075,0.23275596159237075,0.15941510812599638
411.0,0.43847109261058315,0.43847109261058315,0.10301653049872785
412.0,0.3083279675635104,0.3083279675635104,0.06842306797143573
413.0,0.1715507555206719,0.1715507555206719,0.08303231544141017
414.0,0.014552283289685866,0.014552283289685866,0.016784476238281287
415.0,1.7148486667399752e-18,1.7148486667399752e-18,2.802351785640239e-18
416.0,0.39043335886690295,0.39043335886690295,0.0879058867323032
417.0,0.5151337064445259,0.5151337064445259,0.09559687355561167
418.0,0.12441180081103125,0.12441180081103125,0.015286324073718029
419.0,0.0834963088133676,0.0834963088133676,0.032559243793589515
420.0,0.18146799630348787,0.18146799630348787,0.05035104295828681
421.0,0.023852991162010465,0.023852991162010465,0.02818551429222851
422.0,0.3533557081893139,0.3533557081893139,0.1528710512074038
423.0,0.23226181916154937,0.23226181916154937,0.10168545259100097
424.0,0.0036567386396153096,0.0036567386396153096,0.0035290908748253544
425.0,3.598648694177343e-13,3.598648694177343e-13,7.427645497965062e-13
426.0,0.46015405423568795,0.46015405423568795,0.06946515887193006
427.0,0.0009494432729338584,0.0009494432729338584,0.0016660915867418172
428.0,0.2732597290755943,0.2732597290755943,0.0855325965959412
429.0,0.0006159896870977896,0.0006159896870977896,0.000985137548598738
430.0,6.086091591447594e-26,6.086091591447594e-26,1.0887226523536515e-25
431.0,1.658655743027118e-19,1.658655743027118e-19,2.266375693084681e-19
432.0,0.10279831684278125,0.10279831684278125,0.06167240246484201
433.0,3.6670749332361685e-57,3.6670749332361685e-57,7.836239446896462e-57
434.0,3.962974332932569e-15,3.962974332932569e-15,8.111988406153553e-15
435.0,0.2522525660813427,0.2522525660813427,0.07937728663259348
436.0,0.3133089440750713,0.3133089440750713,0.06433149924270491
437.0,0.23170023356727695,0.23170023356727695,0.06806112730779991
438.0,3.232386117109751e-05,3.232386117109751e-05,5.3464078554468975e-05
439.0,0.31286556458639225,0.31286556458639225,0.04782703243341787
440.0,0.1873062087603779,0.1873062087603779,0.03281851995163197
441.0,0.21088811815476252,0.21088811815476252,0.10246244119096361
442.0,0.20775320843467368,0.20775320843467368,0.03967406165924522
443.0,3.451527037496113e-10,3.451527037496113e-10,4.714509758276709e-10
444.0,1.4149348809011996e-09,1.4149348809011996e-09,2.0257481710067626e-09
445.0,3.221817897533363e-36,3.221817897533363e-36,5.015304996088222e-36
446.0,0.00020345550685562226,0.00020345550685562226,0.00019873453460906145
447.0,0.00015844408260932557,0.00015844408260932557,0.0002987465124786755
448.0,4.328375138849863e-28,4.328375138849863e-28,9.206496545303945e-28
449.0,1.5495952416647905e-13,1.5495952416647905e-13,2.8071101122028374e-13
450.0,0.36457400855253075,0.36457400855253075,0.09155180352162091
451.0,0.22121957429586642,0.22121957429586642,0.042481890364828974
452.0,0.42125916821389725,0.42125916821389725,0.16984544467658536
453.0,0.6750187281410314,0.6750187281410314,0.0847529777849489
454.0,0.15709622423332031,0.15709622423332031,0.06066936403116303
455.0,0.18982009793483362,0.18982009793483362,0.09176048042576122
456.0,4.4143618032748456e-08,4.4143618032748456e-08,7.345422238085796e-08
457.0,1.8903389431700203e-19,1.8903389431700203e-19,3.163887292959547e-19
458.0,0.24004555640335914,0.24004555640335914,0.04267421436722578
459.0,0.33005432631094045,0.33005432631094045,0.09796689870074476
460.0,0.01276895890239155,0.01276895890239155,0.01030730633826549
461.0,0.03250482013023241,0.03250482013023241,0.018335620066595604
462.0,0.205413102196183,0.205413102196183,0.15856625809007496
463.0,0.3317369938588455,0.3317369938588455,0.07055849316431237
464.0,0.3695124134833373,0.3695124134833373,0.09767602731587374
465.0,8.15700389146162e-05,8.15700389146162e-05,0.00014727623842056644
466.0,0.3202477653207966,0.3202477653207966,0.07488820342865889
467.0,7.778095358158122e-13,7.778095358158122e-13,1.5762953785568007e-12
468.0,0.29501056403386244,0.29501056403386244,0.07741909054927539
469.0,0.4604929252675566,0.4604929252675566,0.10101560324284987
470.0,0.25810304280581836,0.25810304280581836,0.07177230535514799
471.0,0.46805894500459305,0.46805894500459305,0.15997227515002657
472.0,0.008005229157623823,0.008005229157623823,0.012419270867925618
473.0,0.15796311620668893,0.15796311620668893,0.0692575887040544
474.0,1.1162870699515568e-15,1.1162870699515568e-15,1.5497441760401776e-15
475.0,0.15861477651878758,0.15861477651878758,0.04792263990222595
476.0,0.24040089194477873,0.24040089194477873,0.09180090491915303
477.0,0.9975697782184187,0.9975697782184187,0.0034059439815756014
478.0,0.29886366225454175,0.29886366225454175,0.10352026260349631
479.0,0.39818275427374694,0.39818275427374694,0.10618326802650535
480.0,3.417813712474678e-14,3.417813712474678e-14,4.6447497294729115e-14
481.0,9.342167489613844e-12,9.342167489613844e-12,1.858424221519443e-11
482.0,2.4082785367515174e-38,2.4082785367515174e-38,4.82115451967651e-38
483.0,3.662468082067499e-59,3.662468082067499e-59,8.099063315055282e-59
484.0,1.0654856105838937e-12,1.0654856105838937e-12,1.6356362798064387e-12
485.0,0.1821036109006698,0.1821036109006698,0.07620973381167248
486.0,3.726668101328322e-13,3.726668101328322e-13,7.584710277726435e-13
487.0,2.493574942850645e-15,2.493574942850645e-15,3.76035239641171e-15
488.0,1.6124764359728866e-08,1.6124764359728866e-08,2.4033553859225588e-08
489.0,0.42401314965579545,0.42401314965579545,0.09837433683840173
490.0,0.12517853006569293,0.12517853006569293,0.08858967421377288
491.0,0.4729254618039427,0.4729254618039427,0.11712157275154093
492.0,0.42190440378296595,0.42190440378296595,0.1133674641859272
493.0,0.2789648668110409,0.2789648668110409,0.046565811867497545
494.0,1.0704130345214412e-28,1.0704130345214412e-28,1.6395887504993606e-28
495.0,0.0006508478653275477,0.0006508478653275477,0.0006350052287509582
496.0,0.22294656446711478,0.22294656446711478,0.09253566603939166
497.0,0.32586239361042896,0.32586239361042896,0.08118492589073562
498.0,0.00527481337652404,0.00527481337652404,0.006875474245942958
499.0,0.008692336597041309,0.008692336597041309,0.007077990005318154
500.0,0.3584955813952786,0.3584955813952786,0.0828393329015904
501.0,0.22483203034579974,0.22483203034579974,0.06219661948527843
502.0,0.4635045709896556,0.4635045709896556,0.20782442424201628
503.0,7.51468396112872e-19,7.51468396112872e-19,1.2286873032800499e-18
504.0,2.2492456034129067e-36,2.2492456034129067e-36,4.184402028358927e-36
505.0,0.2124722825504522,0.2124722825504522,0.22834870106001487
506.0,8.864997221817672e-06,8.864997221817672e-06,1.3168425229488926e-05
507.0,0.25161223086764906,0.25161223086764906,0.13911109281561748
508.0,0.2001898072630252,0.2001898072630252,0.03315179972007452
509.0,0.06727347560739805,0.06727347560739805,0.03463010931672417
510.0,1.731050097489766e-10,1.731050097489766e-10,2.400545666258524e-10
511.0,3.2626475307629774e-18,3.2626475307629774e-18,5.51212319554923e-18
512.0,0.06451017298638709,0.06451017298638709,0.0520647767344095
513.0,2.938519963050056e-105,2.938519963050056e-105,6.552361624350957e-105
514.0,0.4666601927844335,0.4666601927844335,0.10873788803083165
515.0,5.677672925842347e-09,5.677672925842347e-09,1.1681170040230234e-08
516.0,3.639310203797892e-21,3.639310203797892e-21,5.255866965542345e-21
517.0,3.1733731618636805e-11,3.1733731618636805e-11,6.454049131449033e-11
518.0,0.4559891294079259,0.4559891294079259,0.06303485194377115
519.0,0.3275532898023819,0.3275532898023819,0.07090579508231816
520.0,0.3260683250694913,0.3260683250694913,0.06249817161523399
521.0,0.1643461544875378,0.1643461544875378,0.032024320614465356
522.0,2.6295796910821e-06,2.6295796910821e-06,4.111768726646197e-06
523.0,1.7840896385053804e-53,1.7840896385053804e-53,3.191600844362109e-53
524.0,0.521933341283443,0.521933341283443,0.1255057747775527
525.0,0.23233457457963227,0.23233457457963227,0.05295215462816873
526.0,2.9683837590558234e-62,2.9683837590558234e-62,6.3864192412561845e-62
527.0,0.059354191596967545,0.059354191596967545,0.03478349772775297
528.0,5.039684646716875e-11,5.039684646716875e-11,7.283326599123054e-11
529.0,0.3362710402121266,0.3362710402121266,0.20609232509892886
530.0,0.5465874228803813,0.5465874228803813,0.16086552467322277
531.0,0.42283924874894785,0.42283924874894785,0.18269907613884548
532.0,0.31077066443865553,0.31077066443865553,0.0797136151841799
533.0,0.8003953397543574,0.8003953397543574,0.2062503041448423
534.0,0.3847489948303414,0.3847489948303414,0.10114500339369031
535.0,0.0018781167172868772,0.0018781167172868772,0.0026727280965563255
536.0,0.2759441723349384,0.2759441723349384,0.1342133131565726
537.0,0.5357135013628616,0.5357135013628616,0.07208092173045254
538.0,2.6329753874047955e-27,2.6329753874047955e-27,3.71947369041923e-27
539.0,6.193063546487892e-08,6.193063546487892e-08,9.365743793106506e-08
540.0,0.21056932951984572,0.21056932951984572,0.13871807767554725
541.0,2.014899286785131e-12,2.014899286785131e-12,2.9657941345978235e-12
542.0,0.994276462525535,0.994276462525535,0.009726227453079583
543.0,0.6405787361524682,0.6405787361524682,0.15787492958529661
544.0,7.715867048563732e-10,7.715867048563732e-10,1.0587197430098465e-09
545.0,0.9438352786307238,0.9438352786307238,0.030274294967308234
546.0,0.3119383891587,0.3119383891587,0.07789777529087424
547.0,0.00022707457739928985,0.00022707457739928985,0.0002760243599821113
548.0,2.5524501095829465e-11,2.5524501095829465e-11,3.849890451856217e-11
549.0,0.3866953789443616,0.3866953789443616,0.1672998953548253
550.0,5.672849455928667e-06,5.672849455928667e-06,7.647803325758925e-06
551.0,0.19784939965605364,0.19784939965605364,0.08516118305400178
552.0,0.5731879479349038,0.5731879479349038,0.1205517027297281
553.0,0.40747720743196914,0.40747720743196914,0.18719991946361236
554.0,0.9926572672797039,0.9926572672797039,0.005800446007413699
555.0,9.80330709928644e-39,9.80330709928644e-39,1.3820176363691767e-38
556.0,1.1413645704636938e-34,1.1413645704636938e-34,1.5926458962059713e-34
557.0,0.24526058087994257,0.24526058087994257,0.08556428086323961
558.0,0.3241040667065034,0.3241040667065034,0.0698602279406388
559.0,0.2318588598223515,0.2318588598223515,0.1285708420731098
560.0,0.3157301883913539,0.3157301883913539,0.07243753040017532
561.0,0.5150813470524536,0.5150813470524536,0.12326775935255826
562.0,6.026745306624311e-100,6.026745306624311e-100,1.3476185567678686e-99
563.0,1.1421198873791547e-20,1.1421198873791547e-20,2.0588921142210936e-20
564.0,6.186240714404029e-57,6.186240714404029e-57,1.324590706122918e-56
565.0,0.16179152579934653,0.16179152579934653,0.09951042144763113
566.0,0.336984542055667,0.336984542055667,0.11491619726830787
567.0,0.32580370422264265,0.32580370422264265,0.1063444325247588
568.0,4.870829186631488e-09,4.870829186631488e-09,6.575190662384883e-09
569.0,0.3631556217025604,0.3631556217025604,0.16689286853052018
570.0,0.009587113408349345,0.009587113408349345,0.011998826881947087
571.0,0.565523194217333,0.565523194217333,0.09100697694040077
572.0,0.3971552173486362,0.3971552173486362,0.09699966696717435
573.0,0.346619351960148,0.346619351960148,0.08702245425550946
574.0,7.026538277349967e-05,7.026538277349967e-05,9.63441904177808e-05
575.0,0.15410421578643824,0.15410421578643824,0.12453409348096176
576.0,1.0843463635484022e-53,1.0843463635484022e-53,2.3877693226148503e-53
577.0,4.544247019515016e-37,4.544247019515016e-37,7.13414412109155e-37
578.0,0.1253942967457001,0.1253942967457001,0.04442167852012136
579.0,0.027861972002759684,0.027861972002759684,0.034691198468371466
580.0,4.171964479206461e-12,4.171964479206461e-12,5.709689312985848e-12
581.0,1.5186747932976113e-06,1.5186747932976113e-06,1.996863744352022e-06
582.0,0.041526954944485876,0.041526954944485876,0.03895209220560794
583.0,5.57283373357026e-20,5.57283373357026e-20,8.713206827447809e-20
584.0,0.24000920456710748,0.24000920456710748,0.06458125198505296
585.0,0.3194568875641709,0.3194568875641709,0.0619231559208652
586.0,0.5603024809378063,0.5603024809378063,0.14704315841521406
587.0,5.4860831058833635e-12,5.4860831058833635e-12,1.0487723901806369e-11
588.0,0.4197907457753235,0.4197907457753235,0.08305852667405333
589.0,0.06510713287873424,0.06510713287873424,0.05906063671472537
590.0,1.3435271336166969e-05,1.3435271336166969e-05,2.0614776526277148e-05
591.0,0.3079333018219517,0.3079333018219517,0.060546231340571396
592.0,0.8401461667558486,0.8401461667558486,0.04926808927161271
593.0,0.010782585950879862,0.010782585950879862,0.012245459975596725
594.0,0.2988836370401657,0.2988836370401657,0.14813455238714246
595.0,0.31126866423954314,0.31126866423954314,0.10753584840641096
596.0,0.1331919494357463,0.1331919494357463,0.025779247286686287
597.0,0.6648637008147404,0.6648637008147404,0.27309671336438457
598.0,0.3724688327880271,0.3724688327880271,0.07467034241425106
599.0,0.06552682586048217,0.06552682586048217,0.06979269288565186
600.0,8.082503549871378e-20,8.082503549871378e-20,1.6162215604881207e-19
601.0,0.3638286586587589,0.3638286586587589,0.1130224239840489
602.0,0.040827352774172376,0.040827352774172376,0.02066081481255452
603.0,0.024022680637420635,0.024022680637420635,0.017589544553009255
604.0,4.198808908055037e-29,4.198808908055037e-29,5.886831038245215e-29
605.0,0.19551197812771073,0.19551197812771073,0.12834355367828318
606.0,0.25770276550572446,0.25770276550572446,0.032539439523964646
607.0,0.31338428227369336,0.31338428227369336,0.1868834272704177
608.0,0.436263859410669,0.436263859410669,0.10884185968856509
609.0,0.2263281658225635,0.2263281658225635,0.10715426633048762
610.0,0.28596052435957686,0.28596052435957686,0.05307786402055962
611.0,0.21641669844315667,0.21641669844315667,0.03598103550342635
612.0,2.5786165109192913e-05,2.5786165109192913e-05,3.500314280350433e-05
613.0,1.063623695263913e-24,1.063623695263913e-24,1.6651449222005332e-24
614.0,8.102198584726668e-12,8.102198584726668e-12,1.2933458289350665e-11
615.0,0.4103885153194434,0.4103885153194434,0.09281307589694261
616.0,0.1955441488908048,0.1955441488908048,0.0745732141836415
617.0,0.2116486446481213,0.2116486446481213,0.07474048482792252
618.0,0.43742983834448895,0.43742983834448895,0.18792040584098058
619.0,0.8545144858756559,0.8545144858756559,0.0662063159829901
620.0,0.02185180077752966,0.02185180077752966,0.016268515535129258
621.0,0.414071613598622,0.414071613598622,0.13208218356638454
622.0,1.2784523309347615e-05,1.2784523309347615e-05,2.082663831286297e-05
623.0,0.49547867882877583,0.49547867882877583,0.09061883992720375
624.0,3.820043216913505e-24,3.820043216913505e-24,5.558972074250746e-24
625.0,9.480678316927546e-05,9.480678316927546e-05,0.00019152753642271163
626.0,0.39122828451432856,0.39122828451432856,0.13810621011757587
627.0,0.3105225199842095,0.3105225199842095,0.05732535187688801
628.0,0.8975184444425202,0.8975184444425202,0.044226513471467166
629.0,0.3684115013256442,0.3684115013256442,0.1055451077158832
630.0,0.3483810611938506,0.3483810611938506,0.08489201377192845
631.0,0.9702578843322804,0.9702578843322804,0.011840433818114568
632.0,0.6099980864471114,0.6099980864471114,0.18995918514915486
633.0,1.621464318405301e-08,1.621464318405301e-08,2.4805202910376663e-08
634.0,0.03276199772947932,0.03276199772947932,0.024583607036110785
635.0,0.012945085553448737,0.012945085553448737,0.017250926711781727
636.0,5.753562884769878e-29,5.753562884769878e-29,8.079278566136426e-29
637.0,0.33948810360197423,0.33948810360197423,0.07163385052735785
638.0,0.2091227957552637,0.2091227957552637,0.026010446586309435
639.0,0.022698103779186015,0.022698103779186015,0.029342028467630822
640.0,3.2505167155148035e-10,3.2505167155148035e-10,4.439154378257759e-10
641.0,0.4475254052121792,0.4475254052121792,0.12196880707404142
642.0,0.30656833715081194,0.30656833715081194,0.10827772361205912
643.0,0.1673250139476131,0.1673250139476131,0.12354805154780622
644.0,0.3442786935228085,0.3442786935228085,0.06549089705595071
645.0,1.0401187610022315e-19,1.0401187610022315e-19,1.4441924269147408e-19
646.0,0.14592258811439063,0.14592258811439063,0.02857579195789425
647.0,0.21700450686409387,0.21700450686409387,0.15937174029115736
648.0,0.22966313735077612,0.22966313735077612,0.03168015987658323
649.0,3.7853095784482076e-05,3.7853095784482076e-05,5.443962116774757e-05
650.0,3.83667672100758e-47,3.83667672100758e-47,8.213839659990135e-47
651.0,0.35876025789048904,0.35876025789048904,0.08273704599329317
652.0,0.39394393130020466,0.39394393130020466,0.07478499858017572
653.0,1.1333350312981102e-15,1.1333350312981102e-15,1.6738770622694807e-15
654.0,0.15703108888222633,0.15703108888222633,0.01917971411841749
655.0,0.2974160790744541,0.2974160790744541,0.056944094546748855
656.0,0.1491168362667936,0.1491168362667936,0.08159189061171238
657.0,0.8221653262650289,0.8221653262650289,0.07249022041156448
658.0,0.2768854029393383,0.2768854029393383,0.18652181634728676
659.0,0.11765665518895599,0.11765665518895599,0.06570592504013306
660.0,3.881269028929165e-17,3.881269028929165e-17,6.069968711942429e-17
661.0,0.20123764783502116,0.20123764783502116,0.13530377786463868
662.0,1.822994798156759e-09,1.822994798156759e-09,2.484499725084919e-09
663.0,4.11026669599563e-30,4.11026669599563e-30,5.769310650119019e-30
664.0,0.32048939637349205,0.32048939637349205,0.0881860073076683
665.0,0.9763810692829612,0.9763810692829612,0.022187354298132043
666.0,1.7682309490454568e-18,1.7682309490454568e-18,2.793785833655388e-18
667.0,0.22223007814292658,0.22223007814292658,0.10604415942373138
668.0,0.12162670297021512,0.12162670297021512,0.07213187619325244
669.0,0.29336860718751945,0.29336860718751945,0.09639670338333985
670.0,0.018779906777707914,0.018779906777707914,0.020229986513795723
671.0,0.21834725310016506,0.21834725310016506,0.1277810498947517
672.0,0.4838292246814646,0.4838292246814646,0.11986088983197994
673.0,0.31502227094683805,0.31502227094683805,0.12363516614756816
674.0,0.6581722994542073,0.6581722994542073,0.15165906621006003
675.0,0.5910720655991838,0.5910720655991838,0.1290641968586761
676.0,1.0619273394462863e-12,1.0619273394462863e-12,1.6059406273439593e-12
677.0,0.3723371827589124,0.3723371827589124,0.09267004083997384
678.0,0.18421341741237557,0.18421341741237557,0.06716375219108939
679.0,0.4564312000588574,0.4564312000588574,0.0906980099258586
680.0,0.22072180514624978,0.22072180514624978,0.02029356752306345
681.0,0.5493304922176878,0.5493304922176878,0.11936309917590025
682.0,0.9939219614102077,0.9939219614102077,0.0028852834983149004
683.0,0.5729633876622687,0.5729633876622687,0.1917891719363032
684.0,6.62375262331058e-06,6.62375262331058e-06,9.298284164748767e-06
685.0,0.2415106451401098,0.2415106451401098,0.06161400074282598
686.0,0.2490249327274094,0.2490249327274094,0.057892006461380506
687.0,0.7152848800308733,0.7152848800308733,0.1372637107304498
688.0,0.4972944893329082,0.4972944893329082,0.10046381898084976
689.0,1.2967371974089107e-08,1.2967371974089107e-08,1.82835482535244e-08
690.0,0.0001917991978734514,0.0001917991978734514,0.0002353025301739364
691.0,0.17439169532132917,0.17439169532132917,0.012156943165518009
692.0,0.22204536737295655,0.22204536737295655,0.12195629557342212
693.0,9.9239634305182e-27,9.9239634305182e-27,1.4653420289619455e-26
694.0,0.642478167770572,0.642478167770572,0.12861990551003788
695.0,0.0011091464116173974,0.0011091464116173974,0.0014708907403998197
696.0,2.1284711673864693e-12,2.1284711673864693e-12,4.54808151705405e-12
697.0,0.19092270442799947,0.19092270442799947,0.11105208532150034
698.0,0.3876701980008498,0.3876701980008498,0.12194333753654293
699.0,0.1525787840780834,0.1525787840780834,0.12397339853355512
700.0,0.21665984351285728,0.21665984351285728,0.08503455345822551
701.0,0.09075816442811664,0.09075816442811664,0.05065806568687973
702.0,0.00024214835623014903,0.00024214835623014903,0.00047749228077960745
703.0,3.1103508247454185e-06,3.1103508247454185e-06,5.01627490335723e-06
704.0,0.42302917422959163,0.42302917422959163,0.10215084296146165
705.0,0.0005075022401620938,0.0005075022401620938,0.0006634828218407533
706.0,3.9313512760112615e-16,3.9313512760112615e-16,5.385827247217983e-16
707.0,0.48503042325152484,0.48503042325152484,0.11617655273053194
708.0,0.7634251121000641,0.7634251121000641,0.07943230352717612
709.0,0.9999949031204945,0.9999949031204945,9.17566348741872e-06
710.0,0.12261276624527713,0.12261276624527713,0.07991985550733935
711.0,0.39550973328558825,0.39550973328558825,0.08365264809423748
712.0,5.24774393000843e-79,5.24774393000843e-79,1.1490146904421164e-78
713.0,0.5573852853262038,0.5573852853262038,0.17199558188959935
714.0,0.08416927840756702,0.08416927840756702,0.04870607527726583
715.0,0.22403929677287363,0.22403929677287363,0.03404399277280959
716.0,8.228234487544617e-07,8.228234487544617e-07,1.1583796060249558e-06
717.0,0.9980581904004066,0.9980581904004066,0.0012936626023444858
718.0,0.0006266329840744931,0.0006266329840744931,0.0008474084144612626
719.0,0.046252920635843624,0.046252920635843624,0.03287152910260178
720.0,0.2273662144543179,0.2273662144543179,0.06029525277241031
721.0,1.1318498343569148e-13,1.1318498343569148e-13,2.323229399335464e-13
722.0,0.6056284763516161,0.6056284763516161,0.09050993831678102
723.0,0.365399977200061,0.365399977200061,0.09049228801138097
724.0,0.3910463780903449,0.3910463780903449,0.1448390007374713
725.0,0.47714382952686857,0.47714382952686857,0.08904205872748822
726.0,0.0004269945360792923,0.0004269945360792923,0.0006289623239232762
727.0,0.7117232166552159,0.7117232166552159,0.1266507251876023
728.0,0.3232506916915985,0.3232506916915985,0.11149530492023949
729.0,1.3583511374076346e-57,1.3583511374076346e-57,2.367500945896683e-57
730.0,0.4822604219027471,0.4822604219027471,0.17239139750394564
731.0,0.004895229451007047,0.004895229451007047,0.007945019913371824
732.0,0.9685859309057075,0.9685859309057075,0.025547676958394196
733.0,0.15732118902919,0.15732118902919,0.07508378326915935
734.0,0.6091785049177413,0.6091785049177413,0.24234193471331675
735.0,0.32865902864116053,0.32865902864116053,0.07653422718939241
736.0,0.43395035215389044,0.43395035215389044,0.11022098548784909
737.0,1.3407475835214105e-24,1.3407475835214105e-24,2.1571723997880575e-24
738.0,0.35450080607981055,0.35450080607981055,0.07280170794902129
739.0,0.24196833700013415,0.24196833700013415,0.08167178470759705
740.0,0.8764352803852222,0.8764352803852222,0.09130891277791185
741.0,0.24630814691086433,0.24630814691086433,0.12018184990028928
742.0,4.600582117689382e-06,4.600582117689382e-06,6.172146898658727e-06
743.0,0.45560934109821866,0.45560934109821866,0.09788507436322545
744.0,0.3338544232270161,0.3338544232270161,0.11502703361083381
745.0,4.040534663691296e-06,4.040534663691296e-06,5.825511742364212e-06
746.0,0.9637695463946448,0.9637695463946448,0.0135434112856555
747.0,0.0002488545111233273,0.0002488545111233273,0.0003184783034259562
748.0,7.905580124413748e-42,7.905580124413748e-42,1.081437160109954e-41
749.0,0.4343028491216717,0.4343028491216717,0.0713016177786348
750.0,0.09119175366341062,0.09119175366341062,0.06864211799331353
751.0,0.9924871705946872,0.9924871705946872,0.007054875378053284
752.0,0.4079121673779911,0.4079121673779911,0.16254456738168055
753.0,0.3302749768728773,0.3302749768728773,0.11137914045165566
754.0,0.007352871021847285,0.007352871021847285,0.011412470071983174
755.0,1.8118302413344921e-06,1.8118302413344921e-06,2.6813407502020193e-06
756.0,0.7352692293041725,0.7352692293041725,0.07430691435604526
757.0,0.5425402862906583,0.5425402862906583,0.10902839531175006
758.0,0.6239855025209206,0.6239855025209206,0.12234656842648624
759.0,0.27291087837927486,0.27291087837927486,0.06624248011411736
760.0,0.004910852952444025,0.004910852952444025,0.007343751458664905
761.0,2.4206066430967403e-28,2.4206066430967403e-28,5.116440296528062e-28
762.0,0.6346064937423189,0.6346064937423189,0.09026475179545727
763.0,0.9662214467112328,0.9662214467112328,0.012226390954122089
764.0,0.25095843001101825,0.25095843001101825,0.15624752787435667
765.0,0.21466940713439886,0.21466940713439886,0.04446113461145731
766.0,0.3427504608626626,0.3427504608626626,0.09667084850146163
767.0,0.31725919022398463,0.31725919022398463,0.1703303696676054
768.0,0.0003937635454653553,0.0003937635454653553,0.0005310373505570046
769.0,5.474244960633318e-65,5.474244960633318e-65,1.2188088137930237e-64
770.0,0.1957921715221514,0.1957921715221514,0.12683075650392667
771.0,0.7592937806168787,0.7592937806168787,0.13361516146718078
772.0,0.04465632755777318,0.04465632755777318,0.040051646408174664
773.0,4.873714374898606e-09,4.873714374898606e-09,6.801835845458305e-09
774.0,0.2341880339105879,0.2341880339105879,0.13216469042168028
775.0,1.7555117658276753e-22,1.7555117658276753e-22,3.8019598737997475e-22
776.0,0.964825193568118,0.964825193568118,0.013492112318353903
777.0,3.956286121474203e-05,3.956286121474203e-05,5.137899113169272e-05
778.0,0.3956871881065446,0.3956871881065446,0.07099034030726506
779.0,0.008978854101052673,0.008978854101052673,0.013339797162500795
780.0,4.157985583515212e-38,4.157985583515212e-38,6.885332759859084e-38
781.0,0.5089268964470369,0.5089268964470369,0.08472514515463186
782.0,0.2746389384305771,0.2746389384305771,0.1823475060426878
783.0,0.30387514882332767,0.30387514882332767,0.059502237587159834
784.0,0.16965937690168043,0.16965937690168043,0.07468466548844409
785.0,0.3475182312900245,0.3475182312900245,0.16752785018131755
786.0,0.14428375852560796,0.14428375852560796,0.05741014131110341
787.0,0.36110976699125674,0.36110976699125674,0.1099752672593553
788.0,1.711266906574104e-17,1.711266906574104e-17,3.41081520378675e-17
789.0,0.07605412650659292,0.07605412650659292,0.07368021225688166
790.0,0.5004011010137781,0.5004011010137781,0.08117374790790771
791.0,2.1898268971514148e-17,2.1898268971514148e-17,3.896744638805745e-17
792.0,0.5608212853337868,0.5608212853337868,0.19658243764511513
793.0,0.2891701554062278,0.2891701554062278,0.08218659875981332
794.0,0.07074240403445486,0.07074240403445486,0.06316421257943584
795.0,3.411696547442419e-23,3.411696547442419e-23,5.122616795284152e-23
796.0,7.5745495390828e-10,7.5745495390828e-10,1.1248841835937329e-09
797.0,4.113121940655712e-26,4.113121940655712e-26,6.224287152197049e-26
798.0,1.1195055150835575e-17,1.1195055150835575e-17,1.5821108166789612e-17
799.0,0.2856206174983219,0.2856206174983219,0.07737454838948642
800.0,0.3622104795124642,0.3622104795124642,0.18577421006408926
801.0,0.5037989859570676,0.5037989859570676,0.11051187490328059
802.0,0.03881354252928413,0.03881354252928413,0.030795846180639703
803.0,6.915819106426668e-18,6.915819106426668e-18,9.511878441101001e-18
804.0,0.4288745646466291,0.4288745646466291,0.1328678960178708
805.0,0.32192931650366247,0.32192931650366247,0.10444646473100211
806.0,0.6940111896108482,0.6940111896108482,0.11470430831582099
807.0,3.2325898224510854e-09,3.2325898224510854e-09,4.527900738099904e-09
808.0,0.00898891572895013,0.00898891572895013,0.01168000726035847
809.0,0.5630827304133981,0.5630827304133981,0.13650093050147824
810.0,0.5993814000953746,0.5993814000953746,0.043138400607034125
811.0,2.6506965610935838e-12,2.6506965610935838e-12,3.642498641442104e-12
812.0,0.9735136242591051,0.9735136242591051,0.01112302081244422
813.0,0.5712664777229121,0.5712664777229121,0.08549358444589543
814.0,0.27861750737095087,0.27861750737095087,0.0649164225907787
815.0,0.4061307157890425,0.4061307157890425,0.11688324529893211
816.0,0.3344547828570702,0.3344547828570702,0.1764876943534537
817.0,0.35610132418583096,0.35610132418583096,0.06749084181300172
818.0,2.0171345054600832e-05,2.0171345054600832e-05,2.7853996397299788e-05
819.0,0.06215974339424052,0.06215974339424052,0.03451022621261121
820.0,0.705641623183673,0.705641623183673,0.09770017938087949
821.0,0.39017498408269646,0.39017498408269646,0.10390065921151875
822.0,0.39008337155408,0.39008337155408,0.06917288059871542
823.0,0.2020000275246972,0.2020000275246972,0.07015993076304916
824.0,0.2923995823816009,0.2923995823816009,0.07345995587684577
825.0,0.2981613397219945,0.2981613397219945,0.08248208514927607
826.0,0.028885428541305637,0.028885428541305637,0.015396891095030299
827.0,1.0633287131910993e-71,1.0633287131910993e-71,2.359783454371392e-71
828.0,0.43335330505678177,0.43335330505678177,0.14400441620464655
829.0,0.2329397696319592,0.2329397696319592,0.06594178322897182
830.0,4.4026301339052965e-17,4.4026301339052965e-17,7.176904191854709e-17
831.0,0.2200893464132565,0.2200893464132565,0.10967457614697636
832.0,1.1169030360115221e-27,1.1169030360115221e-27,2.1326475371785412e-27
833.0,0.3749017142976,0.3749017142976,0.09263882360650648
834.0,0.5145442448724595,0.5145442448724595,0.17331830389258532
835.0,0.3112147940374894,0.3112147940374894,0.05460134484548265
836.0,0.35044275366275857,0.35044275366275857,0.11490904699890671
837.0,9.13699572020934e-44,9.13699572020934e-44,1.523301510805561e-43
838.0,7.1724162690462675e-12,7.1724162690462675e-12,9.822978456592053e-12
839.0,0.3289644561981439,0.3289644561981439,0.08461669798104063
840.0,0.01345105008899597,0.01345105008899597,0.010597832025488555
841.0,0.5573329989807746,0.5573329989807746,0.09010882577329053
842.0,0.0015238178306521857,0.0015238178306521857,0.002049222915745411
843.0,0.999998898103961,0.999998898103961,1.3516309719921307e-06
844.0,1.3250386522794218e-05,1.3250386522794218e-05,2.7850677866138695e-05
845.0,0.3855254161963012,0.3855254161963012,0.16380481200751817
846.0,0.3675613719909431,0.3675613719909431,0.07686685483934438
847.0,0.4640901316439338,0.4640901316439338,0.1211187547871701
848.0,0.5891959115471092,0.5891959115471092,0.16424041647777576
849.0,2.9539898594488412e-08,2.9539898594488412e-08,4.2439008549398166e-08
850.0,0.2670326842579887,0.2670326842579887,0.09950014541276365
851.0,0.0005754866672636846,0.0005754866672636846,0.001116960467831068
852.0,0.33597694624290586,0.33597694624290586,0.07528728543482396
853.0,1.9117851840108395e-13,1.9117851840108395e-13,2.6334175239756434e-13
854.0,0.3852717753797921,0.3852717753797921,0.1940992674718537
855.0,0.24787459627259006,0.24787459627259006,0.030819131089187032
856.0,0.45116320258945536,0.45116320258945536,0.09864572246561483
857.0,0.38954522116301704,0.38954522116301704,0.1303510267048686
858.0,6.163997645268027e-11,6.163997645268027e-11,9.095840922260585e-11
859.0,0.2509334989294285,0.2509334989294285,0.09708295769893073
860.0,0.533804754405959,0.533804754405959,0.16605764820367672
861.0,0.01054114102054667,0.01054114102054667,0.01063818331573632
862.0,0.21956060801448513,0.21956060801448513,0.01769047504723245
863.0,0.5258995160070755,0.5258995160070755,0.2012578899427512
864.0,0.9816293451655067,0.9816293451655067,0.00694182314618554
865.0,0.39821807609193494,0.39821807609193494,0.08094722890217103
866.0,0.07202704895333102,0.07202704895333102,0.058023858873142445
867.0,0.3443339753611675,0.3443339753611675,0.08837975922077342
868.0,0.23161215164769167,0.23161215164769167,0.0331837731928328
869.0,4.8533428659082635e-08,4.8533428659082635e-08,6.764382328384378e-08
870.0,3.237977430931427e-20,3.237977430931427e-20,5.560720062130787e-20
871.0,0.6254165877310822,0.6254165877310822,0.08913969590557201
872.0,0.4946626092922218,0.4946626092922218,0.18486837521486746
873.0,0.41609969519724216,0.41609969519724216,0.08401962087942269
874.0,0.5303246337856525,0.5303246337856525,0.10778641992259202
875.0,0.5030750788947683,0.5030750788947683,0.1536275163076214
876.0,0.4477796464026932,0.4477796464026932,0.14809846671482074
877.0,1.0385679713074859e-32,1.0385679713074859e-32,1.5428202981192724e-32
878.0,0.3638137397425173,0.3638137397425173,0.07372034510622776
879.0,0.22770978936591443,0.22770978936591443,0.03551959506811658
880.0,0.04942899871250528,0.04942899871250528,0.019919421883595054
881.0,0.18289848938885134,0.18289848938885134,0.051699061240847374
882.0,0.1670388780298347,0.1670388780298347,0.09477608514948624
883.0,0.9775330215707173,0.9775330215707173,0.026135418060698853
884.0,0.8334891702126326,0.8334891702126326,0.06427508047456151
885.0,1.4227038306775769e-84,1.4227038306775769e-84,3.164445808803851e-84
886.0,0.021289965158908113,0.021289965158908113,0.0190435872045871
887.0,0.31769468715087756,0.31769468715087756,0.10257497008362054
888.0,1.4817541341498738e-25,1.4817541341498738e-25,2.7102361660487106e-25
889.0,0.3013461323163176,0.3013461323163176,0.07439928705174689
890.0,2.14096511773849e-11,2.14096511773849e-11,3.233508082064529e-11
891.0,0.1582879022286148,0.1582879022286148,0.07669358926740968
892.0,1.4186210526091132e-13,1.4186210526091132e-13,2.248392950886406e-13
893.0,0.9498969466561636,0.9498969466561636,0.02126906547463539
894.0,0.15844914316614317,0.15844914316614317,0.042994139937640306
895.0,0.4293332204813696,0.4293332204813696,0.09101226942096392
896.0,0.5212818541035495,0.5212818541035495,0.08587373538550935
897.0,0.5729491332424924,0.5729491332424924,0.10014000646099146
898.0,0.18783817247818516,0.18783817247818516,0.15168281400090242
899.0,1.1121371846002689e-06,1.1121371846002689e-06,1.8267202387844658e-06
900.0,0.43485906191410006,0.43485906191410006,0.08379433643756495
901.0,0.06742408339530352,0.06742408339530352,0.04378332795537068
902.0,1.0359750382484168e-15,1.0359750382484168e-15,1.8246758106968954e-15
903.0,4.697653884082083e-37,4.697653884082083e-37,6.757812086990423e-37
904.0,0.3626884482979994,0.3626884482979994,0.0916667935771207
905.0,7.444497647106999e-07,7.444497647106999e-07,1.0323640566485838e-06
906.0,0.42100059737059203,0.42100059737059203,0.10656790951916535
907.0,9.425670664278446e-15,9.425670664278446e-15,1.4283679208337197e-14
908.0,0.22419458894361405,0.22419458894361405,0.10122318359680303
909.0,6.913241841421292e-14,6.913241841421292e-14,9.354260362919095e-14
910.0,0.07875044101426623,0.07875044101426623,0.06535719868510009
911.0,0.7350778904297846,0.7350778904297846,0.23721678291065282
912.0,0.411715966694322,0.411715966694322,0.09355045516640922
913.0,0.29306942614314024,0.29306942614314024,0.17445637407932554
914.0,5.43198720148389e-06,5.43198720148389e-06,8.250648426752636e-06
915.0,0.5823194257833327,0.5823194257833327,0.11843933675336898
916.0,0.1210965881047886,0.1210965881047886,0.04802553638373443
917.0,3.879983167406365e-19,3.879983167406365e-19,8.055711578580527e-19
918.0,0.004288776210261672,0.004288776210261672,0.005603459094817932
919.0,0.4861553479158733,0.4861553479158733,0.12839428747364337
920.0,0.22732722421520163,0.22732722421520163,0.05881166008409239
921.0,0.2600088794788064,0.2600088794788064,0.14663131941501797
922.0,0.09205420274276702,0.09205420274276702,0.03843268114429899
923.0,0.9995524225806529,0.9995524225806529,0.000906171628552761
924.0,0.19445780832665943,0.19445780832665943,0.021887027948396046
925.0,0.44361371069033134,0.44361371069033134,0.07809893760751216
926.0,5.17284701658944e-07,5.17284701658944e-07,7.977677030178686e-07
927.0,0.30171453979621643,0.30171453979621643,0.07850154093276732
928.0,0.15194838497240493,0.15194838497240493,0.0726283953256509
929.0,9.375763558015124e-07,9.375763558015124e-07,1.2524596296987074e-06
930.0,0.2386484340488836,0.2386484340488836,0.11665680531023444
931.0,0.1930833905659854,0.1930833905659854,0.11574449155717721
932.0,0.19123448223965495,0.19123448223965495,0.14494667686282997
933.0,0.3876123150873432,0.3876123150873432,0.20861491320395661
934.0,0.2646876488445799,0.2646876488445799,0.14511771536424858
935.0,0.32820868131601133,0.32820868131601133,0.09404494430383745
936.0,1.207295392288098e-12,1.207295392288098e-12,1.652400941603592e-12
937.0,0.42935239778981565,0.42935239778981565,0.10385342537516663
938.0,0.3542641536365586,0.3542641536365586,0.17313538000141274
939.0,0.38237402370238005,0.38237402370238005,0.09094976912920949
940.0,0.21863034174712376,0.21863034174712376,0.13177966943803246
941.0,0.008628503412752073,0.008628503412752073,0.010905943044440583
942.0,0.5495937395327134,0.5495937395327134,0.08658399806707713
943.0,0.27874798076855917,0.27874798076855917,0.15898938469200066
944.0,1.7671981706033454e-41,1.7671981706033454e-41,3.5057930156986344e-41
945.0,0.050601349029285925,0.050601349029285925,0.028092582299756225
946.0,0.0031650751597680055,0.0031650751597680055,0.004455374489127209
947.0,0.5023225607440316,0.5023225607440316,0.10567452155484976
948.0,0.1773228498114686,0.1773228498114686,0.09222754010447466
949.0,0.18911247829849362,0.18911247829849362,0.134578480399026
950.0,0.5139755215380252,0.5139755215380252,0.08510374604609282
951.0,0.00023288524243847446,0.00023288524243847446,0.0002565691869228402
952.0,0.009411746857288888,0.009411746857288888,0.009100860113541132
953.0,1.3812432646166523e-25,1.3812432646166523e-25,2.9450854893632706e-25
954.0,0.13373187788643764,0.13373187788643764,0.11937991327503039
955.0,0.11305315711615686,0.11305315711615686,0.06352641546038203
956.0,0.1615715170663154,0.1615715170663154,0.044408153463514004
957.0,0.3590339719211951,0.3590339719211951,0.08591649491878328
958.0,3.409478087629651e-14,3.409478087629651e-14,4.2143868582334806e-14
959.0,0.4249391861183177,0.4249391861183177,0.09949252436793624
960.0,0.38776107254815073,0.38776107254815073,0.1099175850357021
961.0,0.2519426337739997,0.2519426337739997,0.06538811845538726
962.0,0.20877594836455476,0.20877594836455476,0.17939130307881707
963.0,0.31787209379875697,0.31787209379875697,0.10513906927839309
964.0,0.33529325377691277,0.33529325377691277,0.1596175284477935
965.0,0.3816275752950675,0.3816275752950675,0.08386165639935204
966.0,0.39347291483885777,0.39347291483885777,0.17786125489524704
967.0,0.962037064253599,0.962037064253599,0.04034005781862667
968.0,0.19582171538565474,0.19582171538565474,0.1532505785031044
969.0,0.2074929694149108,0.2074929694149108,0.0486824980854305
970.0,0.1488860492229055,0.1488860492229055,0.0983086603524162
971.0,0.46172733683778916,0.46172733683778916,0.21835966121321304
972.0,0.0009683877062831402,0.0009683877062831402,0.0009600882948113461
973.0,0.06891761300028998,0.06891761300028998,0.050753687947494866
974.0,0.30056647891240357,0.30056647891240357,0.0761506674487129
975.0,0.5570849118214924,0.5570849118214924,0.1793641269481913
976.0,0.1993422443921969,0.1993422443921969,0.0781704295381113
977.0,0.4922555931679833,0.4922555931679833,0.17552885151733658
978.0,2.955091933562299e-07,2.955091933562299e-07,4.664144994077721e-07
979.0,0.3563710067924478,0.3563710067924478,0.08348254161229951
980.0,0.3200786418204195,0.3200786418204195,0.19382369131380622
981.0,2.1195131827511275e-65,2.1195131827511275e-65,4.314990071541245e-65
982.0,5.995473239022129e-11,5.995473239022129e-11,8.204553059845938e-11
983.0,0.24453099877760026,0.24453099877760026,0.12405703763823972
984.0,0.054612222921923456,0.054612222921923456,0.03617999284197061
985.0,0.0007484533588918832,0.0007484533588918832,0.0012018197127569637
986.0,0.00264799343768172,0.00264799343768172,0.004093697612789219
987.0,4.983499706237435e-31,4.983499706237435e-31,8.20735850923185e-31
988.0,0.4899862007406732,0.4899862007406732,0.1033636128148765
989.0,0.23908018037702528,0.23908018037702528,0.11549131441905938
990.0,0.1292115296393791,0.1292115296393791,0.09046047697836344
991.0,0.3604975481121784,0.3604975481121784,0.13261254739755302
992.0,0.4437948222236014,0.4437948222236014,0.07669472189315367
993.0,0.34049450769815204,0.34049450769815204,0.1426732849532024
994.0,0.39540356836642243,0.39540356836642243,0.06716224439584521
995.0,0.2800987092961522,0.2800987092961522,0.03308553386398617
996.0,0.003960426294075512,0.003960426294075512,0.00319865656219878
997.0,4.432249112168831e-09,4.432249112168831e-09,5.955988912909862e-09
998.0,0.6765137380893509,0.6765137380893509,0.11012743908569292
999.0,0.37245745658761853,0.37245745658761853,0.16208516574639156
1000.0,0.10275995255815673,0.10275995255815673,0.05895133142720773
1001.0,0.3944310606234728,0.3944310606234728,0.07310310435168822
1002.0,2.4875763418840813e-05,2.4875763418840813e-05,2.8606377583791433e-05
1003.0,0.5187197025133322,0.5187197025133322,0.16493434326797676
1004.0,2.2089350067354076e-19,2.2089350067354076e-19,2.643664600936069e-19
1005.0,0.2972949239449198,0.2972949239449198,0.13136811223294334
1006.0,0.21220954643771317,0.21220954643771317,0.13616265682220347
1007.0,1.0668986466136453e-05,1.0668986466136453e-05,1.4104335811089272e-05
1008.0,0.3526753646596906,0.3526753646596906,0.13851772310733204
1009.0,0.9840544336275799,0.9840544336275799,0.01951717518988821
1010.0,0.5563441808491685,0.5563441808491685,0.11925888461061854
1011.0,0.14699837096409987,0.14699837096409987,0.05610619134919981
1012.0,0.28662387810552187,0.28662387810552187,0.08641587990658663
1013.0,0.002486921963446525,0.002486921963446525,0.003796522801002271
1014.0,0.519523965682125,0.519523965682125,0.09584782753133676
1015.0,0.3753861269038586,0.3753861269038586,0.04439809489799341
1016.0,5.605621915861688e-10,5.605621915861688e-10,7.646626439186801e-10
1017.0,0.0035057424135695597,0.0035057424135695597,0.0042666185809202605
1018.0,1.5486714353070436e-13,1.5486714353070436e-13,2.0704409968497797e-13
1019.0,0.8764148631416001,0.8764148631416001,0.05904313968973531
1020.0,0.4242152109627617,0.4242152109627617,0.10524662560235996
1021.0,0.15594222376590838,0.15594222376590838,0.05386028902214674
1022.0,0.4032883887527386,0.4032883887527386,0.09447531616968646
1023.0,0.55135671384334,0.55135671384334,0.13042526432933615
1024.0,0.015843670459925886,0.015843670459925886,0.021109625516138847
1025.0,0.24788276444962437,0.24788276444962437,0.22310275449841302
1026.0,0.2534629138930774,0.2534629138930774,0.0786332633749065
1027.0,2.6127380238050286e-14,2.6127380238050286e-14,3.7465293273629726e-14
1028.0,1.6379589311999378e-16,1.6379589311999378e-16,2.156236347781527e-16
1029.0,0.017253129833273866,0.017253129833273866,0.012926405862258596
1030.0,0.2728059734396523,0.2728059734396523,0.03242089624808224
1031.0,0.055040256949151135,0.055040256949151135,0.0700107098656367
1032.0,1.122004567118992e-28,1.122004567118992e-28,2.1705869261238674e-28
1033.0,4.277205467750123e-25,4.277205467750123e-25,5.871660800249454e-25
1034.0,6.570125005806611e-25,6.570125005806611e-25,1.2894959939502637e-24
1035.0,0.015625508395624023,0.015625508395624023,0.015042193209529186
1036.0,1.4228929013817064e-21,1.4228929013817064e-21,2.862445941221949e-21
1037.0,0.38094490797117564,0.38094490797117564,0.12277404842115548
1038.0,0.26674934295559766,0.26674934295559766,0.09103339700059727
1039.0,1.1124705823273504e-70,1.1124705823273504e-70,2.4193843732979374e-70
1040.0,0.5496286311970124,0.5496286311970124,0.14099777630225663
1041.0,0.1481525430320228,0.1481525430320228,0.08410792783702518
1042.0,0.0009746178047618239,0.0009746178047618239,0.0013158908328209516
1043.0,0.19979804477913252,0.19979804477913252,0.12884712472068802
1044.0,1.3155249000438625e-61,1.3155249000438625e-61,2.9034971312233652e-61
1045.0,8.37097929796786e-24,8.37097929796786e-24,1.1662547534728514e-23
1046.0,0.20866867540697212,0.20866867540697212,0.07208074994904602
1047.0,6.688058122451827e-45,6.688058122451827e-45,9.162807895012848e-45
1048.0,0.2195774613174346,0.2195774613174346,0.03403329000999127
1049.0,7.140066897182182e-20,7.140066897182182e-20,1.062519000337883e-19
1050.0,5.312000028310019e-22,5.312000028310019e-22,7.865884113361544e-22
1051.0,0.3001181201917037,0.3001181201917037,0.10218683319119196
1052.0,1.471033543469931e-10,1.471033543469931e-10,1.976521241131108e-10
1053.0,0.38301502181033087,0.38301502181033087,0.08686300636417663
1054.0,0.9995223644034645,0.9995223644034645,0.0006616616680364224
1055.0,0.19222302797615545,0.19222302797615545,0.08124976660762097
1056.0,7.361373862622034e-35,7.361373862622034e-35,1.009517789446935e-34
1057.0,4.1907378286764884e-08,4.1907378286764884e-08,5.99714136753881e-08
1058.0,0.5017931666929825,0.5017931666929825,0.10183010816406372
1059.0,1.1598961505134085e-14,1.1598961505134085e-14,2.2844216219710644e-14
1060.0,3.343289788134025e-17,3.343289788134025e-17,4.817858729321541e-17
1061.0,2.9908435118722184e-06,2.9908435118722184e-06,4.172605290070484e-06
1062.0,0.7769868116520141,0.7769868116520141,0.08001907872339138
1063.0,0.05384430184913182,0.05384430184913182,0.060578852017299206
1064.0,2.0870681326390262e-07,2.0870681326390262e-07,2.77443412221134e-07
1065.0,0.148759928377101,0.148759928377101,0.06876501062624127
1066.0,8.779173971775115e-07,8.779173971775115e-07,1.4807075789751035e-06
1067.0,8.273901668968932e-16,8.273901668968932e-16,1.184816326305723e-15
1068.0,0.40700751201870905,0.40700751201870905,0.07801884382852754
1069.0,2.440677210442211e-16,2.440677210442211e-16,3.459955075650688e-16
1070.0,0.25843018681558866,0.25843018681558866,0.05898473292256209
1071.0,2.536806072216905e-16,2.536806072216905e-16,5.02243656091332e-16
1072.0,0.19739629760633084,0.19739629760633084,0.07034844794304278
1073.0,0.1630395506349043,0.1630395506349043,0.0446999346961023
1074.0,8.722677769740064e-22,8.722677769740064e-22,1.3118017144399346e-21
1075.0,3.3290318116334496e-23,3.3290318116334496e-23,4.8810930447393947e-23
1076.0,0.5553952868884877,0.5553952868884877,0.10948768730917187
1077.0,9.723045206332173e-72,9.723045206332173e-72,2.1206237013819908e-71
1078.0,0.2876645840039863,0.2876645840039863,0.10558973485703893
1079.0,0.658067870016222,0.658067870016222,0.11510543653069283
1080.0,2.09778619797217e-51,2.09778619797217e-51,4.630365146448605e-51
1081.0,1.8168208508022829e-06,1.8168208508022829e-06,3.033929310554816e-06
1082.0,1.0658799090315107e-08,1.0658799090315107e-08,1.7161910013719955e-08
1083.0,1.0162735898704454e-21,1.0162735898704454e-21,1.379313276423265e-21
1084.0,0.2548479005747758,0.2548479005747758,0.06447604237954799
1085.0,0.34048771038887293,0.34048771038887293,0.09360617408335455
1086.0,0.5890364189647894,0.5890364189647894,0.1319758263392008
1087.0,0.04976297795942805,0.04976297795942805,0.04874918742243419
1088.0,0.36773167565107256,0.36773167565107256,0.11009230312699132
1089.0,1.1573694887964522e-08,1.1573694887964522e-08,2.3007854912319924e-08
1090.0,0.37092220530489817,0.37092220530489817,0.15959115741117297
1091.0,2.1031984577996548e-05,2.1031984577996548e-05,3.151142710947479e-05
1092.0,2.8211414333751467e-13,2.8211414333751467e-13,6.005849892109918e-13
1093.0,0.5008723495312408,0.5008723495312408,0.08736051974948472
1094.0,1.166796381952569e-08,1.166796381952569e-08,2.3375762167231413e-08
1095.0,0.005085345580782033,0.005085345580782033,0.006158586015095394
1096.0,0.3850472122788883,0.3850472122788883,0.0985036813654258
1097.0,3.827501052136868e-06,3.827501052136868e-06,8.263650339772002e-06
1098.0,1.308114603804828e-25,1.308114603804828e-25,2.175217551648741e-25
1099.0,0.4079415406175803,0.4079415406175803,0.12884861046541451
1100.0,0.49043268228669323,0.49043268228669323,0.08313977843036285
1101.0,1.4906298454368015e-31,1.4906298454368015e-31,2.963228699298302e-31
1102.0,0.2828011955639094,0.2828011955639094,0.057973961823029205
1103.0,0.9947993735750492,0.9947993735750492,0.004511250960084396
1104.0,0.3313392749012648,0.3313392749012648,0.0715239877563372
1105.0,0.03880685541631164,0.03880685541631164,0.02616572858092034
1106.0,0.18434511526641764,0.18434511526641764,0.13249714332502638
1107.0,0.9994144904084529,0.9994144904084529,0.0005924558179815674
1108.0,0.16275988993930107,0.16275988993930107,0.020543249288242076
1109.0,8.196657701913242e-113,8.196657701913242e-113,1.8311458566441778e-112
1110.0,0.40075144808334173,0.40075144808334173,0.07186534212570014
1111.0,7.325112545570413e-23,7.325112545570413e-23,1.34026979728492e-22
1112.0,7.210247547253844e-15,7.210247547253844e-15,1.1352347825990317e-14
1113.0,3.0012708469459416e-12,3.0012708469459416e-12,6.545923759416731e-12
1114.0,0.3386543236229405,0.3386543236229405,0.1335558150051286
1115.0,0.22989197404945455,0.22989197404945455,0.04160390645997678
1116.0,2.3693900460385143e-67,2.3693900460385143e-67,5.1270754131381797e-67
1117.0,0.25863679789867405,0.25863679789867405,0.04266155104469891
1118.0,0.17964455111234323,0.17964455111234323,0.12556076666261384
1119.0,4.010251241868292e-08,4.010251241868292e-08,5.6344552903053e-08
1120.0,6.0709902868233855e-52,6.0709902868233855e-52,1.309328301880564e-51
1121.0,0.25353185234759407,0.25353185234759407,0.07225379461754153
1122.0,1.1280259291583773e-11,1.1280259291583773e-11,1.6560799115294852e-11
1123.0,5.620644946415295e-40,5.620644946415295e-40,1.0217725265910903e-39
1124.0,0.31813535885085314,0.31813535885085314,0.07665380684395952
