number,prob_ann,anomaly_score,anomaly_score_norm,combined_score
717.0,0.9980581904004066,-11.30923861023717,1.0,0.9990290952002032
631.0,0.9702578843322804,-11.30925892303923,0.8808543103659758,0.9255560973491281
763.0,0.9662214467112328,-11.309277158932757,0.7738908247847576,0.8700561357479952
554.0,0.9926572672797039,-11.309287797651066,0.711488925429876,0.85207309635479
682.0,0.9939219614102077,-11.309316551304818,0.5428330257855123,0.76837749359786
751.0,0.9924871705946872,-11.309331486479689,0.45523005969880614,0.7238586151467467
533.0,0.8003953397543574,-11.309312102285933,0.5689289539441234,0.6846621468492404
776.0,0.964825193568118,-11.3093690210707,0.23506916225596797,0.599947177912043
665.0,0.9763810692829612,-11.309373404114794,0.20936021232046187,0.5928706408017115
33.0,0.99999993213266,-11.309409097328414,0.0,0.49999996606633
843.0,0.999998898103961,-11.309409097328414,0.0,0.4999994490519805
709.0,0.9999949031204945,-11.309409097328414,0.0,0.4999974515602473
923.0,0.9995524225806529,-11.309409097328414,0.0,0.49977621129032646
1054.0,0.9995223644034645,-11.309409097328414,0.0,0.49976118220173227
1107.0,0.9994144904084529,-11.309409097328414,0.0,0.49970724520422644
477.0,0.9975697782184187,-11.309409097328414,0.0,0.4987848891092094
1103.0,0.9947993735750492,-11.309409097328414,0.0,0.4973996867875246
542.0,0.994276462525535,-11.309409097328414,0.0,0.4971382312627675
864.0,0.9816293451655067,-11.30940765148834,0.008480642514768988,0.49505499384013785
1009.0,0.9840544336275799,-11.309409096042009,7.545473636128008e-06,0.49203098955060803
883.0,0.9775330215707173,-11.309409097328414,0.0,0.48876651078535865
812.0,0.9735136242591051,-11.309408773833836,0.0018974725680891424,0.48770554841359715
732.0,0.9685859309057075,-11.309409097328414,0.0,0.4842929654528538
219.0,0.9684335072297646,-11.309409097328414,0.0,0.4842167536148823
746.0,0.9637695463946448,-11.309408374367209,0.0042405627318657935,0.4840050545632553
967.0,0.962037064253599,-11.309409097328414,0.0,0.4810185321267995
287.0,0.9563151880252276,-11.309409097328414,0.0,0.4781575940126138
893.0,0.9498969466561636,-11.309409096751876,3.3817050280049443e-06,0.4749501641805958
545.0,0.9438352786307238,-11.309409097328412,1.4551915228366852e-11,0.47191763932263786
327.0,0.8271537677236763,-11.309392112789247,0.09962360811186954,0.46338868791777293
70.0,0.9098028608838579,-11.309409097328414,0.0,0.45490143044192893
628.0,0.8975184444425202,-11.309409097261703,3.9130100049078465e-07,0.4487594178717603
1019.0,0.8764148631416001,-11.309408627449663,0.0027560957678360865,0.4395854794547181
740.0,0.8764352803852222,-11.309409097328414,0.0,0.4382176401926111
25.0,0.8736722167528402,-11.309409097328414,0.0,0.4368361083764201
619.0,0.8545144858756559,-11.309409097328396,1.0186340659856796e-10,0.42725724298875967
592.0,0.8401461667558486,-11.309409097328414,0.0,0.4200730833779243
75.0,0.5514918786217546,-11.30936032088495,0.2861005082959309,0.4187961934588428
884.0,0.8334891702126326,-11.30940909732345,2.911838237196207e-08,0.4167445996655075
809.0,0.5630827304133981,-11.309363033791366,0.2701878289663,0.41663527968984904
657.0,0.8221653262650289,-11.309409097328414,0.0,0.41108266313251446
338.0,0.7901314051915118,-11.309409068395585,0.00016970686556305736,0.39515055602853744
1062.0,0.7769868116520141,-11.309409097328414,0.0,0.38849340582600705
708.0,0.7634251121000641,-11.309409082882718,8.473190246149898e-05,0.3817549220012628
771.0,0.7592937806168787,-11.309409097328414,0.0,0.37964689030843934
261.0,0.7500424109532539,-11.309409097328038,2.2118911147117615e-09,0.3750212065825725
911.0,0.7350778904297846,-11.309407238259029,0.010904458351433277,0.3729911743906089
756.0,0.7352692293041725,-11.309409097328414,0.0,0.36763461465208624
137.0,0.7192581635587219,-11.309409097328414,0.0,0.3596290817793609
687.0,0.7152848800308733,-11.309409097328414,0.0,0.35764244001543666
45.0,0.7135863491264078,-11.309409097328402,7.275957614183426e-11,0.3567931745995837
727.0,0.7117232166552159,-11.309409097328414,0.0,0.35586160832760794
820.0,0.705641623183673,-11.309409097328414,0.0,0.3528208115918365
806.0,0.6940111896108482,-11.30940909714366,1.0836811270564795e-06,0.3470061366459876
63.0,0.6901620826851171,-11.309409097328414,0.0,0.34508104134255857
313.0,0.6775561699477419,-11.309409097328414,0.0,0.33877808497387096
998.0,0.6765137380893509,-11.309409097328414,0.0,0.33825686904467545
453.0,0.6750187281410314,-11.309409097328414,0.0,0.3375093640705157
597.0,0.6648637008147404,-11.309408810662603,0.001681451714830473,0.33327257626478546
147.0,0.6583907185672702,-11.309409097049455,1.6362464521080256e-06,0.32919617740686113
674.0,0.6581722994542073,-11.309409097328414,0.0,0.32908614972710365
1079.0,0.658067870016222,-11.309409097328414,0.0,0.329033935008111
247.0,0.6168404272356909,-11.309402635880328,0.03789992566453293,0.3273701764501119
163.0,0.6517962017624093,-11.309409097328414,0.0,0.32589810088120463
810.0,0.5993814000953746,-11.309401036782024,0.04727951149106957,0.32333045579322206
694.0,0.642478167770572,-11.309409097328414,0.0,0.321239083885286
40.0,0.6413686026384255,-11.309409097328414,0.0,0.3206843013192128
543.0,0.6405787361524682,-11.309409097328414,0.0,0.3202893680762341
90.0,0.6370663947871273,-11.309409097328407,4.3655745685100555e-11,0.31853319741539154
762.0,0.6346064937423189,-11.309409097328414,0.0,0.31730324687115946
871.0,0.6254165877310822,-11.309409097328407,4.3655745685100555e-11,0.312708293887369
758.0,0.6239855025209206,-11.309409097328414,0.0,0.3119927512604603
632.0,0.6099980864471114,-11.309408249317457,0.004974047900759615,0.3074860671739355
734.0,0.6091785049177413,-11.309409097328038,2.2118911147117615e-09,0.3045892535648162
722.0,0.6056284763516161,-11.30940909729687,1.8502760212868452e-07,0.3028143306896091
274.0,0.5992281719164366,-11.309409090376189,4.0778599213808775e-05,0.2996344752578252
675.0,0.5910720655991838,-11.309409097328414,0.0,0.2955360327995919
848.0,0.5891959115471092,-11.309409097328414,0.0,0.2945979557735546
1086.0,0.5890364189647894,-11.309409097328414,0.0,0.2945182094823947
116.0,0.586001216552732,-11.309409097328414,0.0,0.293000608276366
157.0,0.5832001442672554,-11.30940909732841,1.4551915228366852e-11,0.29160007214090367
915.0,0.5823194257833327,-11.309409097328414,0.0,0.29115971289166637
552.0,0.5731879479349038,-11.3094090972607,3.9717997424304485e-07,0.286594172557439
730.0,0.4822604219027471,-11.309393602171909,0.09088756452547386,0.2865739932141105
683.0,0.5729633876622687,-11.309409097034276,1.725275069475174e-06,0.2864825564686691
897.0,0.5729491332424924,-11.30940909730361,1.4549004845321178e-07,0.28647463936627043
813.0,0.5712664777229121,-11.309409090535096,3.984651993960142e-05,0.28565316212142583
792.0,0.5608212853337868,-11.309407976471554,0.006574438288225792,0.2836978618110063
571.0,0.565523194217333,-11.309409097328414,0.0,0.2827615971086665
331.0,0.560531810884102,-11.309409097328414,0.0,0.280265905442051
586.0,0.5603024809378063,-11.309409097319708,5.106267053633928e-08,0.28015126600023843
713.0,0.5573852853262038,-11.309409097328396,1.0186340659856796e-10,0.2786926427140336
841.0,0.5573329989807746,-11.309409097328414,0.0,0.2786664994903873
975.0,0.5570849118214924,-11.309409094610976,1.593926572240889e-05,0.2785504255436074
1010.0,0.5563441808491685,-11.309409097328414,0.0,0.27817209042458424
1076.0,0.5553952868884877,-11.309409097328396,1.0186340659856796e-10,0.27769764349517556
298.0,0.5543411842429169,-11.309409097328414,0.0,0.27717059212145845
2.0,0.5515579998777795,-11.309409097328414,0.0,0.27577899993888977
1023.0,0.55135671384334,-11.309409097328414,0.0,0.27567835692167
942.0,0.5495937395327134,-11.309409078283348,0.00011170972720719874,0.2748527246299603
1040.0,0.5496286311970124,-11.309409097328414,0.0,0.2748143155985062
681.0,0.5493304922176878,-11.309409097328182,1.367880031466484e-09,0.2746652467927839
530.0,0.5465874228803813,-11.309409097328414,0.0,0.27329371144019066
346.0,0.5120263402186085,-11.309403752854704,0.03134826027962845,0.27168730024911847
757.0,0.5425402862906583,-11.309409097328414,0.0,0.27127014314532916
302.0,0.5417904761047352,-11.309409097328414,0.0,0.2708952380523676
335.0,0.5405994417032343,-11.309409097326302,1.2383679859340191e-08,0.27029972704345706
537.0,0.5357135013628616,-11.309409049920868,0.0002780711802188307,0.2679957862715402
860.0,0.533804754405959,-11.309409097328414,0.0,0.2669023772029795
118.0,0.5333209200554002,-11.309409097324735,2.158049028366804e-08,0.26666047081794525
215.0,0.531831909401292,-11.309409097328414,0.0,0.265915954700646
874.0,0.5303246337856525,-11.309409097328414,0.0,0.26516231689282627
863.0,0.5258995160070755,-11.30940909731903,5.50498953089118e-08,0.2629497855284854
177.0,0.5248335037666105,-11.309409097328414,0.0,0.26241675188330527
524.0,0.521933341283443,-11.309409097328414,0.0,0.2609666706417215
896.0,0.5212818541035495,-11.309409097328414,0.0,0.2606409270517748
1014.0,0.519523965682125,-11.309409097328414,0.0,0.2597619828410625
382.0,0.5191265713288251,-11.309409097328414,0.0,0.25956328566441256
1003.0,0.5187197025133322,-11.309409097328414,0.0,0.2593598512566661
417.0,0.5151337064445259,-11.309409097328412,1.4551915228366852e-11,0.25756685322953893
561.0,0.5150813470524536,-11.309409097325243,1.8597347661852837e-08,0.2575406828249006
834.0,0.5145442448724595,-11.309409097328414,0.0,0.25727212243622977
950.0,0.5139755215380252,-11.309409093703549,2.1261817892082036e-05,0.2569983916779586
189.0,0.5139123324651349,-11.309409097328414,0.0,0.25695616623256745
253.0,0.5105934007077344,-11.309409097328414,0.0,0.2552967003538672
781.0,0.5089268964470369,-11.309409097328407,4.3655745685100555e-11,0.25446344824534634
801.0,0.5037989859570676,-11.30940909732841,1.4551915228366852e-11,0.25189949298580977
875.0,0.5030750788947683,-11.309409097328414,0.0,0.25153753944738416
947.0,0.5023225607440316,-11.309409097328414,0.0,0.2511612803720158
1058.0,0.5017931666929825,-11.309409097328414,0.0,0.25089658334649123
1093.0,0.5008723495312408,-11.309409097110551,1.2778909876942635e-06,0.25043681371111426
201.0,0.5006741663077439,-11.309409097328414,0.0,0.25033708315387193
790.0,0.5004011010137781,-11.309409097328414,0.0,0.25020055050688905
688.0,0.4972944893329082,-11.309409097328414,0.0,0.2486472446664541
623.0,0.49547867882877583,-11.309409097328414,0.0,0.24773933941438792
390.0,0.49533322581206923,-11.309409097328414,0.0,0.24766661290603462
872.0,0.4946626092922218,-11.309409097328414,0.0,0.2473313046461109
977.0,0.4922555931679833,-11.309409097328414,0.0,0.24612779658399164
207.0,0.49176371884360626,-11.309409097325783,1.5425030142068863e-08,0.2458818671343182
1100.0,0.49043268228669323,-11.30940909732796,2.663000486791134e-09,0.24521634247484686
988.0,0.4899862007406732,-11.30940909723764,5.324400262907147e-07,0.24499336659034973
174.0,0.47591636088861744,-11.309407081662249,0.011822984073660336,0.2438696724811389
919.0,0.4861553479158733,-11.309409097328414,0.0,0.24307767395793664
707.0,0.48503042325152484,-11.309409097328414,0.0,0.24251521162576242
672.0,0.4838292246814646,-11.309409097328414,0.0,0.2419146123407323
502.0,0.4635045709896556,-11.30940613709375,0.01736339474155102,0.2404339828656033
149.0,0.4793396871501573,-11.309409062207337,0.0002060043188976124,0.23977284573452745
167.0,0.4773135274906716,-11.309409097140664,1.1012598406523466e-06,0.2386573143752561
725.0,0.47714382952686857,-11.309409097328414,0.0,0.23857191476343428
150.0,0.4761266707293771,-11.309409097328414,0.0,0.23806333536468854
491.0,0.4729254618039427,-11.309409097328414,0.0,0.23646273090197134
190.0,0.4720944777864184,-11.30940909727284,3.2597745303064585e-07,0.2360474018819357
471.0,0.46805894500459305,-11.309409097328414,0.0,0.23402947250229653
514.0,0.4666601927844335,-11.309409097328414,0.0,0.23333009639221675
847.0,0.4640901316439338,-11.309409097328414,0.0,0.2320450658219669
971.0,0.46172733683778916,-11.309409097324888,2.0678271539509296e-08,0.23086367875803035
469.0,0.4604929252675566,-11.309409097328414,0.0,0.2302464626337783
426.0,0.46015405423568795,-11.309409097328414,0.0,0.23007702711784397
120.0,0.4567011893770868,-11.309409097328414,0.0,0.2283505946885434
679.0,0.4564312000588574,-11.309409097328414,0.0,0.2282156000294287
518.0,0.4559891294079259,-11.309409097328414,0.0,0.22799456470396295
743.0,0.45560934109821866,-11.309409097328414,0.0,0.22780467054910933
392.0,0.45295150996334926,-11.309409097328414,0.0,0.22647575498167463
856.0,0.45116320258945536,-11.309409097326066,1.3780663721263409e-08,0.22558160818505954
876.0,0.4477796464026932,-11.309409097328414,0.0,0.2238898232013466
641.0,0.4475254052121792,-11.309409097328414,0.0,0.2237627026060896
29.0,0.44611783881677025,-11.30940909732428,2.4243490770459175e-08,0.2230589315301305
992.0,0.4437948222236014,-11.309409097328414,0.0,0.2218974111118007
925.0,0.44361371069033134,-11.309409097328414,0.0,0.22180685534516567
330.0,0.43967650831980903,-11.309409097328414,0.0,0.21983825415990452
93.0,0.4394611246494529,-11.309409097328407,4.3655745685100555e-11,0.21973056234655433
411.0,0.43847109261058315,-11.309409097328414,0.0,0.21923554630529157
277.0,0.4381092098613021,-11.309409097324464,2.3166649043560028e-08,0.21905461651397556
618.0,0.43742983834448895,-11.30940909711906,1.2279779184609652e-06,0.2187155331612037
608.0,0.436263859410669,-11.309409097328414,0.0,0.2181319297053345
749.0,0.4343028491216717,-11.309408889497638,0.001219041136209853,0.21776094512894079
900.0,0.43485906191410006,-11.30940909732529,1.8335413187742233e-08,0.21742954012475663
736.0,0.43395035215389044,-11.309409093746716,2.1008614567108452e-05,0.21698568038422877
828.0,0.43335330505678177,-11.309409097328414,0.0,0.21667665252839088
152.0,0.43287304301571367,-11.309409097328414,0.0,0.21643652150785683
154.0,0.4325557261917461,-11.309409096777353,3.232271410524845e-06,0.2162794792315783
937.0,0.42935239778981565,-11.309409097328414,0.0,0.21467619889490783
895.0,0.4293332204813696,-11.309409097328414,0.0,0.2146666102406848
804.0,0.4288745646466291,-11.30940909732801,2.371962182223797e-09,0.21443728350929564
588.0,0.4197907457753235,-11.30940763735074,0.008563567273085937,0.21417715652420471
24.0,0.42668456124129,-11.309409097309157,1.129519660025835e-07,0.213342337096628
92.0,0.425827412687316,-11.309409097328402,7.275957614183426e-11,0.2129137063800378
959.0,0.4249391861183177,-11.309409097328414,0.0,0.21246959305915886
1020.0,0.4242152109627617,-11.309409097328414,0.0,0.21210760548138086
489.0,0.42401314965579545,-11.309409097328414,0.0,0.21200657482789773
704.0,0.42302917422959163,-11.309409097328414,0.0,0.21151458711479582
349.0,0.422918991349179,-11.309409097328414,0.0,0.2114594956745895
531.0,0.42283924874894785,-11.309409097328414,0.0,0.21141962437447392
492.0,0.42190440378296595,-11.309409097328414,0.0,0.21095220189148298
452.0,0.42125916821389725,-11.309409013417405,0.0004921839426970109,0.21087567607829713
906.0,0.42100059737059203,-11.309409097328414,0.0,0.21050029868529602
621.0,0.414071613598622,-11.309408392084489,0.004136641204240732,0.20910412740143136
80.0,0.41656038273361107,-11.309409097328414,0.0,0.20828019136680553
873.0,0.41609969519724216,-11.309409097328414,0.0,0.20804984759862108
912.0,0.411715966694322,-11.309408504821034,0.0034753797226585448,0.20759567320849026
115.0,0.41397979729575196,-11.309409076354004,0.00012302638788241893,0.2070514118418172
262.0,0.41362308035743095,-11.309409097328404,5.820766091346741e-11,0.2068115402078193
156.0,0.4118398917736104,-11.309409097328414,0.0,0.2059199458868052
615.0,0.4103885153194434,-11.309409097328414,0.0,0.2051942576597217
255.0,0.4095416888901676,-11.309409097328414,0.0,0.2047708444450838
1099.0,0.4079415406175803,-11.309409097328414,0.0,0.20397077030879016
752.0,0.4079121673779911,-11.309409097328414,0.0,0.20395608368899554
553.0,0.40747720743196914,-11.309409097328414,0.0,0.20373860371598457
1068.0,0.40700751201870905,-11.309409097328414,0.0,0.20350375600935453
815.0,0.4061307157890425,-11.309409097328414,0.0,0.20306535789452124
184.0,0.4056970613795886,-11.309409097252738,4.438770702108741e-07,0.2028487526283294
1022.0,0.4032883887527386,-11.309408921927304,0.0010288234043400735,0.20215860607853933
249.0,0.40321943540951394,-11.309409097328414,0.0,0.20160971770475697
1110.0,0.40075144808334173,-11.309409096463634,5.072404746897519e-06,0.20037826024404432
549.0,0.3866953789443616,-11.309406906740971,0.012848993006628007,0.19977218597549481
865.0,0.39821807609193494,-11.309409097328414,0.0,0.19910903804596747
479.0,0.39818275427374694,-11.309409097328414,0.0,0.19909137713687347
572.0,0.3971552173486362,-11.309409097328414,0.0,0.1985776086743181
99.0,0.3967236753445022,-11.309409097328414,0.0,0.1983618376722511
778.0,0.3956871881065446,-11.309409097327585,4.8603396862745285e-09,0.19784359648344213
711.0,0.39550973328558825,-11.30940909728077,2.79454980045557e-07,0.19775500637028415
994.0,0.39540356836642243,-11.309409097328414,0.0,0.19770178418321122
22.0,0.3949578742104659,-11.309409097328414,0.0,0.19747893710523295
1001.0,0.3944310606234728,-11.309409097328414,0.0,0.1972155303117364
652.0,0.39394393130020466,-11.309409097328414,0.0,0.19697196565010233
966.0,0.39347291483885777,-11.309409080867937,9.654970199335366e-05,0.19678473227042556
1008.0,0.3526753646596906,-11.30940231385934,0.039788754816981964,0.1962320597383363
34.0,0.3916950420275602,-11.309409097328414,0.0,0.1958475210137801
626.0,0.39122828451432856,-11.309409097328414,0.0,0.19561414225716428
724.0,0.3910463780903449,-11.309409097328414,0.0,0.19552318904517246
857.0,0.38954522116301704,-11.309408869084804,0.001338773567113094,0.19544199736506507
416.0,0.39043335886690295,-11.309409097328414,0.0,0.19521667943345147
821.0,0.39017498408269646,-11.309409097328414,0.0,0.19508749204134823
320.0,0.3749091030167877,-11.30940649627812,0.01525658204627689,0.1950828425315323
822.0,0.39008337155408,-11.309409097328414,0.0,0.19504168577704
960.0,0.38776107254815073,-11.309409097328414,0.0,0.19388053627407537
698.0,0.3876701980008498,-11.309409097328414,0.0,0.1938350990004249
933.0,0.3876123150873432,-11.309409097328414,0.0,0.1938061575436716
845.0,0.3855254161963012,-11.309409097328414,0.0,0.1927627080981506
854.0,0.3852717753797921,-11.309409097328414,0.0,0.19263588768989606
1096.0,0.3850472122788883,-11.309409097328414,0.0,0.19252360613944414
1037.0,0.38094490797117564,-11.309408403246826,0.004071167990332469,0.19250803798075405
534.0,0.3847489948303414,-11.30940907915386,0.00010660369298420846,0.1924277992616628
1053.0,0.38301502181033087,-11.309409097325709,1.5876139514148235e-08,0.1915075188432352
169.0,0.3825648210288456,-11.309409097328414,0.0,0.1912824105144228
939.0,0.38237402370238005,-11.309409097307888,1.2040254659950733e-07,0.19118707205246332
965.0,0.3816275752950675,-11.309409097328414,0.0,0.19081378764753376
395.0,0.37865583847789974,-11.309409097328414,0.0,0.18932791923894987
288.0,0.37780214920774935,-11.30940909640165,5.4359843488782644e-06,0.1889037925960491
1015.0,0.3753861269038586,-11.309409097327396,5.966285243630409e-09,0.18769306643507191
833.0,0.3749017142976,-11.309409097328414,0.0,0.1874508571488
598.0,0.3724688327880271,-11.309409097328414,0.0,0.18623441639401356
999.0,0.37245745658761853,-11.309409097328414,0.0,0.18622872829380926
677.0,0.3723371827589124,-11.309409097328414,0.0,0.1861685913794562
1090.0,0.37092220530489817,-11.309409097328333,4.802132025361061e-10,0.18546110289255568
464.0,0.3695124134833373,-11.309409097328414,0.0,0.18475620674166865
459.0,0.33005432631094045,-11.309402518309255,0.03858954428869765,0.18432193529981905
629.0,0.3684115013256442,-11.309409097328263,8.87666828930378e-10,0.18420575110665552
1088.0,0.36773167565107256,-11.309409096850668,2.8022477636113763e-06,0.1838672389494181
846.0,0.3675613719909431,-11.309409097328414,0.0,0.18378068599547154
334.0,0.366357071272147,-11.309409097328404,5.820766091346741e-11,0.18317853566517733
723.0,0.365399977200061,-11.309409097328414,0.0,0.1826999886000305
450.0,0.36457400855253075,-11.309409081422457,9.329713066108525e-05,0.18233365284159592
601.0,0.3638286586587589,-11.309409097328414,0.0,0.18191432932937945
878.0,0.3638137397425173,-11.309409097328414,0.0,0.18190686987125865
569.0,0.3631556217025604,-11.309409097328414,0.0,0.1815778108512802
904.0,0.3626884482979994,-11.309409097328414,0.0,0.1813442241489997
800.0,0.3622104795124642,-11.309409097328414,0.0,0.1811052397562321
787.0,0.36110976699125674,-11.309409097328414,0.0,0.18055488349562837
991.0,0.3604975481121784,-11.309409097207448,7.095368346199393e-07,0.1802491288245065
957.0,0.3590339719211951,-11.309409097320902,4.406319931149483e-08,0.17951700799219722
376.0,0.35894734831190434,-11.309409097326473,1.1394149623811245e-08,0.17947367985302698
651.0,0.35876025789048904,-11.309409097328414,0.0,0.17938012894524452
500.0,0.3584955813952786,-11.309409096920277,2.393950126133859e-06,0.17924898767270236
979.0,0.3563710067924478,-11.309409097328414,0.0,0.1781855033962239
817.0,0.35610132418583096,-11.309409097328414,0.0,0.17805066209291548
104.0,0.3559109984337101,-11.309409097328414,0.0,0.17795549921685505
148.0,0.3553185669812728,-11.309409097328414,0.0,0.1776592834906364
738.0,0.35450080607981055,-11.309409097328414,0.0,0.17725040303990527
938.0,0.3542641536365586,-11.309409097328414,0.0,0.1771320768182793
14.0,0.3535186276031213,-11.309409097328402,7.275957614183426e-11,0.17675931383794044
422.0,0.3533557081893139,-11.309409097328414,0.0,0.17667785409465694
209.0,0.3533219918996229,-11.309409097328414,0.0,0.17666099594981144
348.0,0.35173847407818604,-11.309409050979506,0.0002718616888159886,0.176005167883501
836.0,0.35044275366275857,-11.309409097328414,0.0,0.17522137683137928
4.0,0.23918250209530964,-11.30939020722592,0.11080077885708306,0.17499164047619636
186.0,0.34947177400974666,-11.30940909617155,6.785645382478833e-06,0.17473927982756457
630.0,0.3483810611938506,-11.309409096989636,1.987122232094407e-06,0.17419152415804134
214.0,0.34765372149589757,-11.309409097328414,0.0,0.17382686074794879
785.0,0.3475182312900245,-11.309409097328414,0.0,0.17375911564501226
573.0,0.346619351960148,-11.309409097328414,0.0,0.173309675980074
935.0,0.32820868131601133,-11.309406081535764,0.01768927270313725,0.1729489770095743
308.0,0.3450027787294246,-11.309409097328414,0.0,0.1725013893647123
867.0,0.3443339753611675,-11.309409097328414,0.0,0.17216698768058375
644.0,0.3442786935228085,-11.309409097328414,0.0,0.17213934676140424
280.0,0.3436972612735133,-11.309409097328414,0.0,0.17184863063675665
170.0,0.3427551050935399,-11.30940909714584,1.070889993570745e-06,0.17137808799176674
766.0,0.3427504608626626,-11.309409097328414,0.0,0.1713752304313313
69.0,0.342689907387498,-11.30940909707409,1.491760485805571e-06,0.1713456995739919
139.0,0.3410498868763765,-11.309409097311176,1.0110670700669289e-07,0.17052499399154175
220.0,0.34057012497708966,-11.309409091025074,3.6972531233914196e-05,0.1703035487541618
993.0,0.34049450769815204,-11.309409097328414,0.0,0.17024725384907602
1085.0,0.34048771038887293,-11.309409097328414,0.0,0.17024385519443647
637.0,0.33948810360197423,-11.309409097328414,0.0,0.16974405180098712
341.0,0.26812439281684486,-11.309397034961826,0.07075237485696562,0.16943838383690524
1114.0,0.3386543236229405,-11.309409097328414,0.0,0.16932716181147026
566.0,0.336984542055667,-11.309409097328414,0.0,0.1684922710278335
529.0,0.3362710402121266,-11.30940909732839,1.4551915228366852e-10,0.16813552017882288
852.0,0.33597694624290586,-11.309409097328414,0.0,0.16798847312145293
964.0,0.33529325377691277,-11.309409097328414,0.0,0.16764662688845638
79.0,0.33514565317634226,-11.309409097328414,0.0,0.16757282658817113
816.0,0.3344547828570702,-11.309409097328414,0.0,0.1672273914285351
744.0,0.3338544232270161,-11.309409097328414,0.0,0.16692721161350804
290.0,0.3327545863157546,-11.309409097328414,0.0,0.1663772931578773
1104.0,0.3313392749012648,-11.309409027413944,0.00041008659172803164,0.16587468074649642
463.0,0.3317369938588455,-11.309409097328414,0.0,0.16586849692942274
271.0,0.33089164201174787,-11.309409096833264,2.9043294489383698e-06,0.1654472731705984
753.0,0.3302749768728773,-11.309409097328414,0.0,0.16513748843643866
339.0,0.32938615954645245,-11.309409097328414,0.0,0.16469307977322623
839.0,0.3289644561981439,-11.309409097328414,0.0,0.16448222809907195
735.0,0.32865902864116053,-11.309409094667254,1.560915552545339e-05,0.164337318898343
519.0,0.3275532898023819,-11.309409097328414,0.0,0.16377664490119095
520.0,0.3260683250694913,-11.309409097320412,4.6944478526711464e-08,0.1630341860069849
497.0,0.32586239361042896,-11.309409079890012,0.00010228576138615608,0.16298233968590756
567.0,0.32580370422264265,-11.309409097328414,0.0,0.16290185211132133
558.0,0.3241040667065034,-11.309409097328412,1.4551915228366852e-11,0.16205203336052765
728.0,0.3232506916915985,-11.309409097328304,6.402842700481415e-10,0.16162534616594137
805.0,0.32192931650366247,-11.309409097328414,0.0,0.16096465825183123
664.0,0.32048939637349205,-11.30940909703463,1.7232086975127459e-06,0.16024555979109478
466.0,0.3202477653207966,-11.30940907785331,0.00011423214164096862,0.16018099873121877
980.0,0.3200786418204195,-11.309409097328414,0.0,0.16003932091020975
585.0,0.3194568875641709,-11.309409097328414,0.0,0.15972844378208545
1124.0,0.31813535885085314,-11.309409096446664,5.171939847059548e-06,0.1590702653953501
963.0,0.31787209379875697,-11.309409097328414,0.0,0.15893604689937849
887.0,0.31769468715087756,-11.309409097328414,0.0,0.15884734357543878
767.0,0.31725919022398463,-11.309409097328414,0.0,0.15862959511199232
560.0,0.3157301883913539,-11.309409097328414,0.0,0.15786509419567696
546.0,0.3119383891587,-11.309408513425089,0.003424912240006961,0.15768165069935347
673.0,0.31502227094683805,-11.309409097328414,0.0,0.15751113547341902
607.0,0.31338428227369336,-11.309409097328038,2.2118911147117615e-09,0.15669214224279224
436.0,0.3133089440750713,-11.309409097328414,0.0,0.15665447203753566
439.0,0.31286556458639225,-11.309409097328414,0.0,0.15643278229319613
595.0,0.31126866423954314,-11.309409097328414,0.0,0.15563433211977157
835.0,0.3112147940374894,-11.309409097272273,3.2930984161794186e-07,0.15560756167366552
532.0,0.31077066443865553,-11.309409097328414,0.0,0.15538533221932777
627.0,0.3105225199842095,-11.309409097328414,0.0,0.15526125999210474
342.0,0.3104294378370216,-11.309409097328414,0.0,0.1552147189185108
136.0,0.309610872812183,-11.309409097328414,0.0,0.1548054364060915
412.0,0.3083279675635104,-11.309409097328414,0.0,0.1541639837817552
270.0,0.30807735115291235,-11.3094090853521,7.02476390870288e-05,0.1540737993959997
591.0,0.3079333018219517,-11.309409097328414,0.0,0.15396665091097586
642.0,0.30656833715081194,-11.30940888862668,0.0012241497752256691,0.1538962434630188
783.0,0.30387514882332767,-11.309409097328414,0.0,0.15193757441166383
1.0,0.30320593151906955,-11.309409097120382,1.2202217476442456e-06,0.1516035758704086
343.0,0.30223624493888784,-11.309409097328414,0.0,0.15111812246944392
145.0,0.2916468847375185,-11.309407322299968,0.010411512295831926,0.1510291985166752
324.0,0.30202926417983633,-11.309409097328414,0.0,0.15101463208991817
927.0,0.30171453979621643,-11.309409097327665,4.394678398966789e-09,0.15085727209544741
889.0,0.3013461323163176,-11.309409097328414,0.0,0.1506730661581588
383.0,0.30112928766392516,-11.309409092275745,2.9636663384735584e-05,0.15057946216365495
179.0,0.3011165737529279,-11.309409096678548,3.8118159864097834e-06,0.15056019278445715
974.0,0.30056647891240357,-11.309409097283694,2.6231282390654087e-07,0.15028337061261374
1051.0,0.3001181201917037,-11.309409097328414,0.0,0.15005906009585185
478.0,0.29886366225454175,-11.30940904741604,0.0002927633613580838,0.14957821280794992
594.0,0.2988836370401657,-11.309409097328414,0.0,0.14944181852008284
232.0,0.2987662209807346,-11.309409097328414,0.0,0.1493831104903673
825.0,0.2981613397219945,-11.309409097319774,5.0684320740401745e-08,0.14908069520315761
160.0,0.29742379031132915,-11.309409095832198,8.776129106990993e-06,0.14871628322021807
655.0,0.2974160790744541,-11.309409097328414,0.0,0.14870803953722705
1005.0,0.2972949239449198,-11.309409089009543,4.879472544416785e-05,0.14867185933518198
468.0,0.29501056403386244,-11.309409097328414,0.0,0.14750528201693122
989.0,0.23908018037702528,-11.309399572444676,0.0558686506410595,0.1474744155090424
669.0,0.29336860718751945,-11.30940909523556,1.2275733752176166e-05,0.1466904414606358
180.0,0.29310744320659843,-11.309409097328414,0.0,0.14655372160329921
913.0,0.29306942614314024,-11.309409097328414,0.0,0.14653471307157012
824.0,0.2923995823816009,-11.309409097328414,0.0,0.14619979119080045
42.0,0.29124747202166157,-11.30940907283122,0.00014368943811859936,0.14569558072989008
793.0,0.2891701554062278,-11.309409097328414,0.0,0.1445850777031139
1078.0,0.2876645840039863,-11.309409097328414,0.0,0.14383229200199316
289.0,0.2867133764359316,-11.309409097328414,0.0,0.1433566882179658
1012.0,0.28662387810552187,-11.309409097328414,0.0,0.14331193905276093
610.0,0.28596052435957686,-11.309409097327826,3.448803909122944e-09,0.14298026390419039
799.0,0.2856206174983219,-11.309409097328414,0.0,0.14281030874916095
1102.0,0.2828011955639094,-11.309409097328414,0.0,0.1414005977819547
125.0,0.2803841507529959,-11.309408905359264,0.0011260040191700682,0.14075507738608298
146.0,0.28105701366611574,-11.309409097328414,0.0,0.14052850683305787
995.0,0.2800987092961522,-11.309408961478445,0.000796834341599606,0.1404477718188759
493.0,0.2789648668110409,-11.309409088792622,5.0067086704075336e-05,0.13950746694887248
943.0,0.27874798076855917,-11.309409097155877,1.012027496472001e-06,0.13937449639802782
814.0,0.27861750737095087,-11.309409097328414,0.0,0.13930875368547543
658.0,0.2768854029393383,-11.309409097328414,0.0,0.13844270146966914
536.0,0.2759441723349384,-11.309409097328414,0.0,0.1379720861674692
358.0,0.2700765429184298,-11.30940825330494,0.004950659131282009,0.1375136010248559
782.0,0.2746389384305771,-11.309409097328407,4.3655745685100555e-11,0.1373194692371164
428.0,0.2732597290755943,-11.309409097328414,0.0,0.13662986453779716
1117.0,0.25863679789867405,-11.309406611806232,0.014578946502297185,0.13660787220048562
759.0,0.27291087837927486,-11.309409097328414,0.0,0.13645543918963743
1030.0,0.2728059734396523,-11.309409097328414,0.0,0.13640298671982615
176.0,0.2266136254209555,-11.309401480471152,0.04467703218688257,0.13564532880391905
72.0,0.27024628730644,-11.309409097328414,0.0,0.13512314365322
233.0,0.268303575792761,-11.309409097328414,0.0,0.1341517878963805
183.0,0.26816832548573105,-11.309409097328414,0.0,0.13408416274286553
30.0,0.26774381574261696,-11.309409097328414,0.0,0.13387190787130848
850.0,0.2670326842579887,-11.309409097328414,0.0,0.13351634212899435
1038.0,0.26674934295559766,-11.309409097328414,0.0,0.13337467147779883
934.0,0.2646876488445799,-11.309409097328414,0.0,0.13234382442228995
226.0,0.26420949799912974,-11.309409097328414,0.0,0.13210474899956487
921.0,0.2600088794788064,-11.309409097328414,0.0,0.1300044397394032
1070.0,0.25843018681558866,-11.309409097328414,0.0,0.12921509340779433
470.0,0.25810304280581836,-11.309409097328414,0.0,0.12905152140290918
606.0,0.25770276550572446,-11.309409097322284,3.595778252929449e-08,0.1288514007317535
110.0,0.15610333140805754,-11.309391890561594,0.10092709479795303,0.1285152131030053
134.0,0.2558738051177293,-11.309409097328414,0.0,0.12793690255886464
1084.0,0.2548479005747758,-11.309409097328414,0.0,0.1274239502873879
1121.0,0.25353185234759407,-11.309409097328414,0.0,0.12676592617379703
1026.0,0.2534629138930774,-11.309409097289397,2.2885797079652548e-07,0.1267315713755241
435.0,0.2522525660813427,-11.309409097328414,0.0,0.12612628304067136
961.0,0.2519426337739997,-11.30940907978168,0.00010292118531651795,0.12602277747965812
53.0,0.2519117683100512,-11.309409090844236,3.803324943874031e-05,0.12597490077974496
507.0,0.25161223086764906,-11.309409089858562,4.381476901471615e-05,0.12582802281833189
256.0,0.25109355704891134,-11.309409097328414,0.0,0.12554677852445567
764.0,0.25095843001101825,-11.309409097328414,0.0,0.12547921500550913
859.0,0.2509334989294285,-11.309409097132624,1.1484225979074836e-06,0.1254673236760132
739.0,0.24196833700013415,-11.309407884857803,0.007111803031875752,0.12454007001600495
686.0,0.2490249327274094,-11.309409097328414,0.0,0.1245124663637047
208.0,0.24822166897129225,-11.309409097328412,1.4551915228366852e-11,0.12411083449292208
1025.0,0.24788276444962437,-11.309409097328414,0.0,0.12394138222481219
855.0,0.24787459627259006,-11.309409097328414,0.0,0.12393729813629503
371.0,0.24747911048887147,-11.309409097328414,0.0,0.12373955524443574
647.0,0.21700450686409387,-11.30940393815404,0.030261378371505998,0.12363294261779993
246.0,0.24653801297988961,-11.309409097187164,8.285132935270667e-07,0.12326942074659157
741.0,0.24630814691086433,-11.309409097328414,0.0,0.12315407345543217
54.0,0.24581885751479332,-11.309409097328414,0.0,0.12290942875739666
557.0,0.24526058087994257,-11.309409097328414,0.0,0.12263029043997128
983.0,0.24453099877760026,-11.309409097328414,0.0,0.12226549938880013
458.0,0.24004555640335914,-11.309408420099858,0.003972315738792531,0.12200893607107584
490.0,0.12517853006569293,-11.309389167609558,0.11689869720430579,0.12103861363499936
685.0,0.2415106451401098,-11.309409097328414,0.0,0.1207553225700549
476.0,0.24040089194477873,-11.309409097328414,0.0,0.12020044597238937
584.0,0.24000920456710748,-11.309409097328414,0.0,0.12000460228355374
36.0,0.23954249968921312,-11.309409097328414,0.0,0.11977124984460656
394.0,0.2343187617019379,-11.309408320968153,0.0045537773839896545,0.11943626954296378
930.0,0.2386484340488836,-11.309409097328414,0.0,0.1193242170244418
881.0,0.18289848938885134,-11.309399651876356,0.05540274039958604,0.11915061489421869
307.0,0.23781047678540435,-11.309409097328414,0.0,0.11890523839270217
402.0,0.23755871607466866,-11.309409097328414,0.0,0.11877935803733433
205.0,0.2352542220904707,-11.309409097328414,0.0,0.11762711104523535
1115.0,0.22989197404945455,-11.30940821516516,0.0051743697840720415,0.1175331719167633
408.0,0.22626704185645607,-11.309407725141826,0.008048624556977302,0.11715783320671669
774.0,0.2341880339105879,-11.309409097328375,2.3283064365386963e-10,0.11709401707170927
309.0,0.23302378908146015,-11.309409096587812,4.344037733972073e-06,0.11651406655959706
829.0,0.2329397696319592,-11.309409097328414,0.0,0.1164698848159796
410.0,0.23275596159237075,-11.309409097328295,6.984919309616089e-10,0.11637798114543134
525.0,0.23233457457963227,-11.309409097328414,0.0,0.11616728728981614
423.0,0.23226181916154937,-11.309409097328414,0.0,0.11613090958077468
559.0,0.2318588598223515,-11.309409095171,1.2654418242163956e-05,0.11593575712029683
437.0,0.23170023356727695,-11.30940909728681,2.440356183797121e-07,0.11585023880144767
868.0,0.23161215164769167,-11.309409097328414,0.0,0.11580607582384583
1046.0,0.20866867540697212,-11.30940536948018,0.021865868009626865,0.11526727170829949
49.0,0.22986352599151555,-11.309409097328414,0.0,0.11493176299575777
648.0,0.22966313735077612,-11.309409097328414,0.0,0.11483156867538806
158.0,0.22429614787368793,-11.309408372390449,0.004252157508744858,0.1142741526912164
879.0,0.22770978936591443,-11.3094090973033,1.4730903785675764e-07,0.11385496833747615
353.0,0.22743235905280995,-11.309409097328414,0.0,0.11371617952640498
720.0,0.2273662144543179,-11.309409097328414,0.0,0.11368310722715895
920.0,0.22732722421520163,-11.309409097328414,0.0,0.11366361210760081
254.0,0.22652205098052342,-11.309409097328414,0.0,0.11326102549026171
609.0,0.2263281658225635,-11.309409097328414,0.0,0.11316408291128174
692.0,0.22204536737295655,-11.30940862213514,0.0027872683567693457,0.11241631786486295
501.0,0.22483203034579974,-11.309409097328414,0.0,0.11241601517289987
908.0,0.22419458894361405,-11.30940899921112,0.0005755115707870573,0.11238505025720055
715.0,0.22403929677287363,-11.309409097328414,0.0,0.11201964838643681
496.0,0.22294656446711478,-11.309409097328414,0.0,0.11147328223355739
251.0,0.22280916490631766,-11.309409097328414,0.0,0.11140458245315883
667.0,0.22223007814292658,-11.309409097328414,0.0,0.11111503907146329
451.0,0.22121957429586642,-11.309409097328414,0.0,0.11060978714793321
680.0,0.22072180514624978,-11.309409097328414,0.0,0.11036090257312489
831.0,0.2200893464132565,-11.309409097328414,0.0,0.11004467320662825
399.0,0.21980689179251028,-11.309409097328414,0.0,0.10990344589625514
1048.0,0.2195774613174346,-11.309409097328414,0.0,0.1097887306587173
862.0,0.21956060801448513,-11.309409097328414,0.0,0.10978030400724256
617.0,0.2116486446481213,-11.30940778088093,0.007721684232819825,0.10968516444047056
940.0,0.21863034174712376,-11.309409097328414,0.0,0.10931517087356188
671.0,0.21834725310016506,-11.309409097328414,0.0,0.10917362655008253
35.0,0.20916827195210203,-11.309407743785806,0.007939267408801243,0.10855376968045163
700.0,0.21665984351285728,-11.309409097328414,0.0,0.10832992175642864
611.0,0.21641669844315667,-11.309409063352032,0.00019929006521124393,0.10830799425418396
344.0,0.21616095757510684,-11.309409097328414,0.0,0.10808047878755342
386.0,0.21513318961884792,-11.309409097328414,0.0,0.10756659480942396
765.0,0.21466940713439886,-11.309409095504249,1.0699732229113579e-05,0.10734005343331399
505.0,0.2124722825504522,-11.309409097328414,0.0,0.1062361412752261
1006.0,0.21220954643771317,-11.309409095876644,8.515431545674801e-06,0.10610903093462942
441.0,0.21088811815476252,-11.309409097328414,0.0,0.10544405907738126
540.0,0.21056932951984572,-11.309409097328414,0.0,0.10528466475992286
381.0,0.2091912513820639,-11.309409097328414,0.0,0.10459562569103195
638.0,0.2091227957552637,-11.309409097289636,2.2746098693460226e-07,0.10456151160812532
962.0,0.20877594836455476,-11.309409097328414,0.0,0.10438797418227738
266.0,0.20867379946636996,-11.309409097328286,7.566995918750763e-10,0.10433690011153478
442.0,0.20775320843467368,-11.309409097328414,0.0,0.10387660421733684
969.0,0.2074929694149108,-11.309409097328414,0.0,0.1037464847074554
393.0,0.2070340975835902,-11.309409097328414,0.0,0.1035170487917951
62.0,0.16247405712531754,-11.309401533085822,0.04436841838469263,0.10342123775500509
462.0,0.205413102196183,-11.309409097328414,0.0,0.1027065510980915
12.0,0.2050195647980945,-11.309409097328414,0.0,0.10250978239904725
259.0,0.2043205640864884,-11.30940909732442,2.342858351767063e-08,0.10216029375753596
823.0,0.2020000275246972,-11.309409097328414,0.0,0.1010000137623486
32.0,0.2018613855641324,-11.30940909428277,1.7864367691799998e-05,0.1009396249659121
128.0,0.2017449659981337,-11.309409097328414,0.0,0.10087248299906686
661.0,0.20123764783502116,-11.309409097328386,1.7462298274040222e-10,0.10061882400482207
1072.0,0.19739629760633084,-11.309408552353576,0.0031965753878466785,0.10029643649708876
8.0,0.2005720681565128,-11.309409097328414,0.0,0.1002860340782564
508.0,0.2001898072630252,-11.309409097328414,0.0,0.1000949036315126
1043.0,0.19979804477913252,-11.309409096681854,3.7924328353255987e-06,0.09990091860598392
976.0,0.1993422443921969,-11.309409097251285,4.5240449253469706e-07,0.09967134839834471
359.0,0.1992152569489968,-11.309409097299955,1.6692501958459616e-07,0.0996077119370082
267.0,0.1985725081609315,-11.309409097328311,6.111804395914078e-10,0.09928625438605597
551.0,0.19784939965605364,-11.309409097328414,0.0,0.09892469982802682
114.0,0.1973218850738135,-11.309409097328414,0.0,0.09866094253690676
46.0,0.19657579223709937,-11.309409097328414,0.0,0.09828789611854968
293.0,0.19618124910443874,-11.309409097328414,0.0,0.09809062455221937
968.0,0.19582171538565474,-11.309409097328414,0.0,0.09791085769282737
770.0,0.1957921715221514,-11.3094090973284,8.731149137020111e-11,0.09789608580473144
616.0,0.1955441488908048,-11.309409097328414,0.0,0.0977720744454024
605.0,0.19551197812771073,-11.309409097323464,2.9045622795820236e-08,0.09775600358666676
196.0,0.1952841907774809,-11.309409097328414,0.0,0.09764209538874045
304.0,0.1946274555691165,-11.309409097328414,0.0,0.09731372778455825
924.0,0.19445780832665943,-11.309409097328414,0.0,0.09722890416332972
192.0,0.19379166482741197,-11.309409097328414,0.0,0.09689583241370599
931.0,0.1930833905659854,-11.309409097328414,0.0,0.0965416952829927
1055.0,0.19222302797615545,-11.3094090971629,9.708310244604945e-07,0.09611199940358996
336.0,0.1921808532825993,-11.309409097328414,0.0,0.09609042664129964
387.0,0.1896606268602569,-11.309408704029178,0.002306915048393421,0.09598377095432516
932.0,0.19123448223965495,-11.309409097328414,0.0,0.09561724111982747
697.0,0.19092270442799947,-11.309409097328414,0.0,0.09546135221399973
455.0,0.18982009793483362,-11.309409097328414,0.0,0.09491004896741681
41.0,0.1898169553503664,-11.309409097328414,0.0,0.0949084776751832
204.0,0.18766029321611194,-11.30940877336434,0.0019002264161827043,0.09478025981614732
949.0,0.18911247829849362,-11.309409097328414,0.0,0.09455623914924681
231.0,0.18847069001735853,-11.309409097328414,0.0,0.09423534500867926
898.0,0.18783817247818516,-11.309409097328414,0.0,0.09391908623909258
440.0,0.1873062087603779,-11.309409097032692,1.7345737433061004e-06,0.0936539716670606
103.0,0.18679169120703215,-11.309409097328414,0.0,0.09339584560351608
257.0,0.18567670261881858,-11.309409097328414,0.0,0.09283835130940929
1106.0,0.18434511526641764,-11.309409097328414,0.0,0.09217255763320882
678.0,0.18421341741237557,-11.309409097328414,0.0,0.09210670870618778
485.0,0.1821036109006698,-11.309409097328414,0.0,0.0910518054503349
420.0,0.18146799630348787,-11.309409097327167,7.3196133598685265e-09,0.09073400181155061
303.0,0.18128319165141743,-11.309409097328414,0.0,0.09064159582570872
67.0,0.18042651179435584,-11.309409097328414,0.0,0.09021325589717792
1118.0,0.17964455111234323,-11.309409097328414,0.0,0.08982227555617162
948.0,0.1773228498114686,-11.309409097328414,0.0,0.0886614249057343
403.0,0.17687557711716967,-11.309409097301064,1.6042031347751617e-07,0.08843786876874157
363.0,0.17622764211677558,-11.309409097328414,0.0,0.08811382105838779
691.0,0.17439169532132917,-11.309409097328414,0.0,0.08719584766066459
59.0,0.17332988345695974,-11.309409097328414,0.0,0.08666494172847987
299.0,0.17221575238233083,-11.309409097328414,0.0,0.08610787619116542
413.0,0.1715507555206719,-11.309409092771103,2.673112612683326e-05,0.08578874332339936
784.0,0.16965937690168043,-11.309409097163185,9.691575542092323e-07,0.08483017302961732
643.0,0.1673250139476131,-11.309409097328414,0.0,0.08366250697380655
521.0,0.1643461544875378,-11.30940860001558,0.002917011675890535,0.08363158308171417
882.0,0.1670388780298347,-11.309409097328407,4.3655745685100555e-11,0.08351943903674522
155.0,0.16629747547917945,-11.309409097278028,2.9554939828813076e-07,0.08314888551428887
245.0,0.16406710443159178,-11.309409097328414,0.0,0.08203355221579589
1073.0,0.1630395506349043,-11.309409097328414,0.0,0.08151977531745215
1108.0,0.16275988993930107,-11.309409097327968,2.6193447411060333e-09,0.0813799462793229
106.0,0.16231322000751458,-11.309409097328414,0.0,0.08115661000375729
565.0,0.16179152579934653,-11.309409097287675,2.3895699996501207e-07,0.08089588237817325
956.0,0.1615715170663154,-11.309409097328384,1.7462298274040222e-10,0.08078575862046919
227.0,0.16092906836793028,-11.309409097328349,3.92901711165905e-10,0.080464534380416
260.0,0.15966391340905844,-11.309409097328414,0.0,0.07983195670452922
475.0,0.15861477651878758,-11.309409097327642,4.540197551250458e-09,0.07930739052949257
894.0,0.15844914316614317,-11.309409097328414,0.0,0.07922457158307158
891.0,0.1582879022286148,-11.309409097328414,0.0,0.0791439511143074
473.0,0.15796311620668893,-11.309409052534058,0.0002627433859743178,0.07911292979633162
427.0,0.0009494432729338584,-11.309382360538168,0.1568258925108239,0.07888766789187888
58.0,0.15756092236531155,-11.309409097328414,0.0,0.07878046118265578
454.0,0.15709622423332031,-11.309409042138457,0.00032371927227359265,0.07870997175279695
733.0,0.15732118902919,-11.309409097328414,0.0,0.078660594514595
654.0,0.15703108888222633,-11.309409097328414,0.0,0.07851554444111317
153.0,0.15603791676301587,-11.309409097328414,0.0,0.07801895838150794
1021.0,0.15594222376590838,-11.309409097328414,0.0,0.07797111188295419
211.0,0.1543324231498277,-11.309409097328414,0.0,0.07716621157491385
575.0,0.15410421578643824,-11.309409097328414,0.0,0.07705210789321912
322.0,0.15379354645488888,-11.309409097328414,0.0,0.07689677322744444
19.0,0.15282501935988926,-11.309409097328414,0.0,0.07641250967994463
699.0,0.1525787840780834,-11.309409097328414,0.0,0.0762893920390417
928.0,0.15194838497240493,-11.309409097328414,0.0,0.07597419248620246
369.0,0.15105884470692332,-11.309409097328414,0.0,0.07552942235346166
400.0,0.15025786390782234,-11.309409097328414,0.0,0.07512893195391117
3.0,0.14941013718370394,-11.309409097328414,0.0,0.07470506859185197
656.0,0.1491168362667936,-11.309409097328414,0.0,0.0745584181333968
970.0,0.1488860492229055,-11.309409097328414,0.0,0.07444302461145275
1065.0,0.148759928377101,-11.309409097328414,0.0,0.0743799641885505
265.0,0.04748258329738766,-11.309391890848156,0.10092541396443266,0.07420399863091016
1041.0,0.1481525430320228,-11.309409097328414,0.0,0.0740762715160114
38.0,0.14802670178009605,-11.309409097328414,0.0,0.07401335089004803
1011.0,0.14699837096409987,-11.309409097328414,0.0,0.07349918548204994
273.0,0.14687413040372682,-11.30940909731283,9.141513146460056e-08,0.07343711090942914
364.0,0.14602567208131997,-11.309409097328414,0.0,0.07301283604065999
646.0,0.14592258811439063,-11.309409097328414,0.0,0.07296129405719531
195.0,0.14504348153743413,-11.309409097328414,0.0,0.07252174076871706
786.0,0.14428375852560796,-11.309409097328414,0.0,0.07214187926280398
326.0,0.14362000538464995,-11.309409097328414,0.0,0.07181000269232497
71.0,0.1435399523167735,-11.309409097328414,0.0,0.07176997615838675
143.0,0.14120675455002243,-11.309409097328414,0.0,0.07060337727501122
388.0,0.13862938860844493,-11.309409097328414,0.0,0.06931469430422246
55.0,0.136693596241457,-11.3094090970293,1.7544662114232779e-06,0.06834767535383421
954.0,0.13373187788643764,-11.309409097328414,0.0,0.06686593894321882
596.0,0.1331919494357463,-11.309409097328414,0.0,0.06659597471787315
89.0,0.13227170370439395,-11.30940907825753,0.00011186115443706512,0.06619178242941551
333.0,0.13080753098977285,-11.309409097328414,0.0,0.06540376549488643
990.0,0.1292115296393791,-11.309409097328414,0.0,0.06460576481968955
316.0,0.12834846349447465,-11.309409095336788,1.1681971955113113e-05,0.06418007273321488
268.0,0.12679496907088814,-11.309409097328414,0.0,0.06339748453544407
578.0,0.1253942967457001,-11.309409097328414,0.0,0.06269714837285005
418.0,0.12441180081103125,-11.309409097328414,0.0,0.06220590040551562
710.0,0.12261276624527713,-11.309409097328414,0.0,0.061306383122638565
659.0,0.11765665518895599,-11.30940840355868,0.004069338800036348,0.06086299699449617
668.0,0.12162670297021512,-11.309409097328414,0.0,0.06081335148510756
916.0,0.1210965881047886,-11.309409097328414,0.0,0.0605482940523943
181.0,0.11989308112538466,-11.30940909590038,8.376198820769787e-06,0.059950728662102715
64.0,0.11952630569318883,-11.309409092264495,2.9702656320296228e-05,0.05977800417475456
955.0,0.11305315711615686,-11.309409097328414,0.0,0.05652657855807843
300.0,0.10882714638398538,-11.309409097328396,1.0186340659856796e-10,0.054413573242924396
384.0,0.10355169948455771,-11.309409097328414,0.0,0.051775849742278855
432.0,0.10279831684278125,-11.309409097328414,0.0,0.051399158421390624
1000.0,0.10275995255815673,-11.309409097328366,2.764863893389702e-10,0.05137997641732156
188.0,0.09874315055681623,-11.309409097328414,0.0,0.04937157527840812
291.0,0.09626006872353361,-11.309409046237247,0.00029967763111926615,0.04827987317732644
263.0,0.09649594574112302,-11.309409097328414,0.0,0.04824797287056151
1112.0,7.210247547253844e-15,-11.309392698190864,0.09618990757735446,0.04809495378868084
750.0,0.09119175366341062,-11.309408684719282,0.002420178148895502,0.04680596590615306
922.0,0.09205420274276702,-11.309409097328414,0.0,0.04602710137138351
701.0,0.09075816442811664,-11.309409097328414,0.0,0.04537908221405832
941.0,0.008628503412752073,-11.30939574993079,0.07828978444740642,0.04345914393007925
212.0,0.08446071558485553,-11.309409093339056,2.3399770725518465e-05,0.042242057677790525
714.0,0.08416927840756702,-11.309409083877194,7.889876724220812e-05,0.042124088587404615
419.0,0.0834963088133676,-11.309409097328414,0.0,0.0417481544066838
83.0,0.08315949468070921,-11.309409097328414,0.0,0.041579747340354606
398.0,0.03704833788479158,-11.309401330699616,0.045555524120572954,0.04130193100268227
296.0,0.0805844541946695,-11.309409097328414,0.0,0.04029222709733475
234.0,0.08057021229455899,-11.309409097328414,0.0,0.040285106147279495
276.0,0.07949726891040675,-11.30940909732103,4.332105163484812e-08,0.03974865611572919
910.0,0.07875044101426623,-11.30940908766152,5.670162499882281e-05,0.03940357131963253
119.0,0.07718111788611384,-11.309409097328414,0.0,0.03859055894305692
127.0,9.543413500347774e-24,-11.309396022033498,0.07669375330442563,0.038346876652212813
789.0,0.07605412650659292,-11.309409097194823,7.835915312170982e-07,0.03802745504906207
589.0,0.06510713287873424,-11.3094074297066,0.009781513683265075,0.037444323280999656
880.0,0.04942899871250528,-11.309404851114712,0.024906364880735055,0.03716768179662017
866.0,0.07202704895333102,-11.309409097328414,0.0,0.03601352447666551
159.0,0.00016464684575767354,-11.309397002767112,0.07094121446425561,0.03555293065500664
200.0,0.026213900337829815,-11.309401465224235,0.04476646368857473,0.035490182013202275
325.0,0.07088751363450782,-11.309409097328414,0.0,0.03544375681725391
794.0,0.07074240403445486,-11.309409097328414,0.0,0.03537120201722743
197.0,0.0704479722660036,-11.309409095765144,9.169438271783292e-06,0.035228570852137694
130.0,0.07012192322152229,-11.309409097328414,0.0,0.035060961610761145
973.0,0.06891761300028998,-11.309409097319092,5.468609742820263e-08,0.034458833843193704
131.0,0.06694618498834333,-11.309408791772862,0.0017922503757290542,0.03436921768203619
901.0,0.06742408339530352,-11.309409097319442,5.26342773810029e-08,0.03371206801479045
509.0,0.06727347560739805,-11.309409097328414,0.0,0.033636737803699024
105.0,0.06578964196059703,-11.309409097328414,0.0,0.032894820980298514
599.0,0.06552682586048217,-11.309409097328414,0.0,0.032763412930241084
512.0,0.06451017298638709,-11.309409097328414,0.0,0.032255086493193544
986.0,0.00264799343768172,-11.3093987326421,0.060794551885919645,0.031721272661800685
819.0,0.06215974339424052,-11.309409097328414,0.0,0.03107987169712026
47.0,0.010666302141884552,-11.30940040412353,0.05099039945343975,0.03082835079766215
206.0,0.06104656514363273,-11.309409097328414,0.0,0.030523282571816364
527.0,0.059354191596967545,-11.30940909672796,3.522000042721629e-06,0.029678856798505134
15.0,0.058668887700853836,-11.30940909732538,1.779699232429266e-08,0.02933445274892308
166.0,0.05779504060469258,-11.309409097328414,0.0,0.02889752030234629
221.0,0.057773499344528315,-11.309409097328414,0.0,0.028886749672264157
193.0,0.057371241265510096,-11.309409097327205,7.101334631443024e-09,0.028685624183422364
1031.0,0.055040256949151135,-11.309409097328414,0.0,0.027520128474575568
984.0,0.054612222921923456,-11.309409097328414,0.0,0.027306111460961728
1063.0,0.05384430184913182,-11.309409097328414,0.0,0.02692215092456591
98.0,0.052680464571489095,-11.309409097328414,0.0,0.026340232285744548
1016.0,5.605621915861688e-10,-11.309400381269205,0.05112445256963838,0.025562226565100286
945.0,0.050601349029285925,-11.309409097328414,0.0,0.025300674514642962
1087.0,0.04976297795942805,-11.309409097328414,0.0,0.024881488979714025
112.0,0.04784373711156583,-11.309409097328414,0.0,0.023921868555782915
719.0,0.046252920635843624,-11.30940909732134,4.1487510316073895e-08,0.02312648106167697
357.0,0.04534525967040626,-11.309409097328414,0.0,0.02267262983520313
772.0,0.04465632755777318,-11.309409097293564,2.0441075321286917e-07,0.022328265984263195
264.0,0.042510451155268456,-11.30940895600325,0.0008289493562188,0.021669700255743628
798.0,1.1195055150835575e-17,-11.309401719935218,0.043272444512695074,0.021636222256347544
779.0,0.008978854101052673,-11.309403283836954,0.03409930580528453,0.021539079953168602
368.0,0.04212660644048029,-11.309409097328414,0.0,0.021063303220240144
216.0,0.04208337995907263,-11.309409097327572,4.933099262416363e-09,0.021041692446085947
582.0,0.041526954944485876,-11.309409097328414,0.0,0.020763477472242938
278.0,0.040975275175327466,-11.30940909732836,3.2014213502407074e-10,0.0204876377477348
602.0,0.040827352774172376,-11.309409083663231,8.015376806724817e-05,0.020453753271119812
795.0,3.411696547442419e-23,-11.309402195678812,0.04048194823553786,0.02024097411776893
802.0,0.03881354252928413,-11.309409097328414,0.0,0.019406771264642065
1105.0,0.03880685541631164,-11.309409096368606,5.6298013078048825e-06,0.019406242608809722
132.0,0.03741539961782977,-11.309409096713177,3.608700353652239e-06,0.01870950415909171
1060.0,3.343289788134025e-17,-11.30940275591178,0.0371958755858941,0.018597937792947068
323.0,0.03445049909074298,-11.309409097328414,0.0,0.01722524954537149
60.0,0.0005280513691652548,-11.309403381192126,0.033528264495544136,0.017028157932354696
634.0,0.03276199772947932,-11.309409097328412,1.4551915228366852e-11,0.016380998872015617
461.0,0.03250482013023241,-11.309409097328414,0.0,0.016252410065116206
583.0,5.57283373357026e-20,-11.309403636146966,0.032032814968260936,0.016016407484130468
670.0,0.018779906777707914,-11.30940701065282,0.012239493211382069,0.015509699994544992
317.0,0.030525906880460495,-11.309409097328414,0.0,0.015262953440230247
162.0,0.029486997387137236,-11.309409045234256,0.000305560723063536,0.014896279055100386
826.0,0.028885428541305637,-11.309409097328414,0.0,0.014442714270652818
579.0,0.027861972002759684,-11.309409097328414,0.0,0.013930986001379842
96.0,0.027614351193898257,-11.309409097328414,0.0,0.013807175596949129
16.0,0.027158698126400573,-11.309409097328414,0.0,0.013579349063200286
405.0,0.024025694320199582,-11.309409097328414,0.0,0.012012847160099791
603.0,0.024022680637420635,-11.309409097328414,0.0,0.012011340318710317
421.0,0.023852991162010465,-11.309409097328414,0.0,0.011926495581005232
861.0,0.01054114102054667,-11.309406905640015,0.012855450710048899,0.011698295865297786
347.0,9.86368203321745e-10,-11.309405220105685,0.022742031083907932,0.011371016035138067
639.0,0.022698103779186015,-11.309409097328414,0.0,0.011349051889593008
52.0,0.02232889459110473,-11.309409097328414,0.0,0.011164447295552365
444.0,1.4149348809011996e-09,-11.309405334087169,0.022073467378504574,0.011036734396719728
620.0,0.02185180077752966,-11.309409096598316,4.282424924895167e-06,0.010928041601227277
1057.0,4.1907378286764884e-08,-11.309405466622495,0.021296075225109234,0.01064805856624376
886.0,0.021289965158908113,-11.309409097319817,5.043693818151951e-08,0.010645007797923147
283.0,1.655457388408805e-05,-11.309405629600908,0.02034011772775557,0.010178336150819828
332.0,0.018078041385521826,-11.309409097315363,7.655762601643801e-08,0.009039058971573921
1029.0,0.017253129833273866,-11.309409097328414,0.0,0.008626564916636933
624.0,3.820043216913505e-24,-11.309406392554438,0.015864978151512332,0.007932489075756166
1024.0,0.015843670459925886,-11.309409097328412,1.4551915228366852e-11,0.0079218352372389
811.0,2.6506965610935838e-12,-11.309406400473229,0.015818530111573637,0.007909265057112166
1035.0,0.015625508395624023,-11.309409097328414,0.0,0.007812754197812011
199.0,0.015617861246136741,-11.309409097328414,0.0,0.007808930623068371
635.0,0.012945085553448737,-11.309408691440897,0.0023807521938579157,0.007662918873653326
191.0,0.015077789957608601,-11.309409075079454,0.00013050231791567057,0.007604146137762136
414.0,0.014552283289685866,-11.309409097328414,0.0,0.007276141644842933
890.0,2.14096511773849e-11,-11.309406665823596,0.014262105119996704,0.007131052570703178
796.0,7.5745495390828e-10,-11.30940679096824,0.013528063369449228,0.006764032063452091
840.0,0.01345105008899597,-11.309409097328414,0.0,0.006725525044497985
314.0,0.009527242548661273,-11.309408450915846,0.00379156312556006,0.006659402837110666
97.0,0.013216885572159979,-11.309409097328414,0.0,0.006608442786079989
460.0,0.01276895890239155,-11.309409097328414,0.0,0.006384479451195775
9.0,0.0008526928685025104,-11.309407092290426,0.011760644003516063,0.0063066684360092865
593.0,0.010782585950879862,-11.309409093512343,2.2383348550647497e-05,0.005402484649715255
239.0,0.010540674246931262,-11.309409097328414,0.0,0.005270337123465631
570.0,0.009587113408349345,-11.30940908606086,6.609036063309759e-05,0.004826601884491221
622.0,1.2784523309347615e-05,-11.309407489469228,0.00943097319395747,0.004721878858633409
952.0,0.009411746857288888,-11.309409097328414,0.0,0.004705873428644444
760.0,0.004910852952444025,-11.309408348697032,0.00439113235916011,0.004650992655802068
808.0,0.00898891572895013,-11.30940909632058,5.911497282795608e-06,0.0044974136131164626
337.0,0.008954519350595531,-11.309409097328414,0.0,0.0044772596752977655
499.0,0.008692336597041309,-11.309409097328414,0.0,0.0043461682985206545
217.0,0.00837466144124026,-11.309409094021904,1.9394487026147544e-05,0.004197027964133204
472.0,0.008005229157623823,-11.309409097328414,0.0,0.004002614578811911
754.0,0.007352871021847285,-11.309409097328414,0.0,0.0036764355109236424
61.0,3.571201115513888e-13,-11.30940792317187,0.006887070077937096,0.003443535039147108
241.0,0.006825946963932865,-11.309409097328414,0.0,0.0034129734819664326
57.0,0.00593914091071955,-11.309409097328414,0.0,0.002969570455359775
1033.0,4.277205467750123e-25,-11.309408181959023,0.00536914193071425,0.002684570965357125
498.0,0.00527481337652404,-11.309409097328414,0.0,0.00263740668826202
539.0,6.193063546487892e-08,-11.309408202080816,0.005251116628642194,0.0026255892796388292
345.0,0.005201401541460855,-11.309409096880929,2.6247435016557574e-06,0.0026020131424812553
1095.0,0.005085345580782033,-11.309409094799411,1.4833989553153515e-05,0.0025500897851675934
731.0,0.004895229451007047,-11.309409097328414,0.0,0.0024476147255035234
367.0,0.000677938686907906,-11.309408388294663,0.004158870593528263,0.0024184046402180846
236.0,0.004581813573774142,-11.309409083517,8.101150160655379e-05,0.0023314125376903477
240.0,0.004653523167019691,-11.309409097328414,0.0,0.0023267615835098456
1027.0,2.6127380238050286e-14,-11.309408310972849,0.004612405318766832,0.00230620265939648
23.0,0.0043181298151835175,-11.309409097328414,0.0,0.0021590649075917587
918.0,0.004288776210261672,-11.309409097328414,0.0,0.002144388105130836
511.0,3.2626475307629774e-18,-11.30940837228326,0.004252786238794215,0.0021263931193971092
996.0,0.003960426294075512,-11.309409097328414,0.0,0.001980213147037756
424.0,0.0036567386396153096,-11.309409097328414,0.0,0.0018283693198076548
292.0,0.003520439283614478,-11.309409097328414,0.0,0.001760219641807239
1017.0,0.0035057424135695597,-11.309409097328414,0.0,0.0017528712067847799
946.0,0.0031650751597680055,-11.309409096782543,3.2018288038671017e-06,0.0015841384942859363
100.0,0.0030251458047294453,-11.309409097328414,0.0,0.0015125729023647227
366.0,2.782828272898422e-26,-11.30940858191662,0.0030231719720177352,0.0015115859860088676
1007.0,1.0668986466136453e-05,-11.309408599260513,0.0029214405512902886,0.0014660547688782125
223.0,0.0024987165930257533,-11.309409035268285,0.00036401659599505365,0.0014313665945104035
194.0,0.0027175737214064767,-11.309409097328414,0.0,0.0013587868607032383
978.0,2.955091933562299e-07,-11.30940863991095,0.0026830035058083013,0.0013416495075008288
1013.0,0.002486921963446525,-11.309409097327649,4.496541805565357e-09,0.0012434632299941652
409.0,0.002392999219325321,-11.309409097328414,0.0,0.0011964996096626606
535.0,0.0018781167172868772,-11.309409038383931,0.0003457416169112548,0.0011119291670990661
987.0,4.983499706237435e-31,-11.309408734936529,0.0021256265317788348,0.0010628132658894174
185.0,0.0020016917912589827,-11.309409097328414,0.0,0.0010008458956294914
198.0,0.0019828853288121036,-11.309409097328414,0.0,0.0009914426644060518
488.0,1.6124764359728866e-08,-11.309408769792354,0.001921178074553609,0.0009605970996589843
997.0,4.432249112168831e-09,-11.309408771801888,0.0019093910523224622,0.0009546977422857872
858.0,6.163997645268027e-11,-11.30940877340552,0.0018999848689418286,0.0009499924652909026
842.0,0.0015238178306521857,-11.30940909725097,4.5425258576869965e-07,0.0007621360416189772
556.0,1.1413645704636938e-34,-11.309408838112445,0.001520443387562409,0.0007602216937812045
888.0,1.4817541341498738e-25,-11.30940883854068,0.0015179315523710102,0.0007589657761855051
76.0,0.0014257460458094759,-11.309409096475555,5.002482794225216e-06,0.0007153742643018505
660.0,3.881269028929165e-17,-11.309408854463626,0.0014245347556425259,0.0007122673778212823
328.0,1.9874040399486654e-30,-11.309408865903666,0.001357432673103176,0.000678716336551588
1119.0,4.010251241868292e-08,-11.309408883035855,0.0012569430109579116,0.0006284915567351651
230.0,1.6537353053603542e-17,-11.309408895133664,0.0011859827500302345,0.0005929913750151255
695.0,0.0011091464116173974,-11.309409097324398,2.3559550754725933e-08,0.000554584985584076
269.0,0.0010329059649347204,-11.309409097328414,0.0,0.0005164529824673602
1032.0,1.122004567118992e-28,-11.30940892381748,0.0010177364893024787,0.0005088682446512394
1042.0,0.0009746178047618239,-11.309409097328077,1.979060471057892e-09,0.0004873098919111475
972.0,0.0009683877062831402,-11.309409097328414,0.0,0.0004841938531415701
797.0,4.113121940655712e-26,-11.309408941858454,0.0009119163150899112,0.0004559581575449556
294.0,0.0007890602899803571,-11.309409097328414,0.0,0.00039453014499017853
985.0,0.0007484533588918832,-11.309409097299842,1.6759440768510103e-07,0.00037431047664978414
373.0,1.6439125777543043e-17,-11.309408980480669,0.0006853759114164859,0.0003426879557082512
495.0,0.0006508478653275477,-11.309409097328414,0.0,0.0003254239326637738
430.0,6.086091591447594e-26,-11.30940898695166,0.0006474200199590996,0.0003237100099795498
718.0,0.0006266329840744931,-11.30940909730846,1.1704105418175459e-07,0.00031337501256433744
429.0,0.0006159896870977896,-11.309409097250915,4.545727279037237e-07,0.0003082221299128467
355.0,0.00043890419936982647,-11.309409069341172,0.00016416047583334148,0.000301532337601584
286.0,1.5186714595597004e-08,-11.309408997535904,0.0005853376351296902,0.0002926764109221429
851.0,0.0005754866672636846,-11.309409097328414,0.0,0.0002877433336318423
494.0,1.0704130345214412e-28,-11.30940900308695,0.0005527777102543041,0.00027638885512715206
17.0,0.0005231557867981489,-11.309409097328414,0.0,0.0002615778933990744
705.0,0.0005075022401620938,-11.309409097326084,1.3664248399436474e-08,0.00025375795220524663
85.0,0.000459596608539866,-11.309409097328414,0.0,0.000229798304269933
351.0,0.0001781708775610656,-11.309409049376526,0.00028126404504291713,0.00022971746130199137
726.0,0.0004269945360792923,-11.309409097094822,1.3701501302421093e-06,0.00021418234310476722
768.0,0.0003937635454653553,-11.309409097328414,0.0,0.00019688177273267764
222.0,2.7122697141716177e-25,-11.309409034809564,0.0003667072451207787,0.00018335362256038934
775.0,1.7555117658276753e-22,-11.3094090413572,0.00032830177224241197,0.00016415088612120599
590.0,1.3435271336166969e-05,-11.30940904659155,0.0002975994430016726,0.0001555173571689198
614.0,8.102198584726668e-12,-11.309409044654524,0.00030896117095835507,0.00015448058953027683
113.0,0.0002508779061575609,-11.309409097326435,1.1612428352236748e-08,0.00012544475929295658
747.0,0.0002488545111233273,-11.309409097016935,1.8269929569214582e-06,0.0001253407520401244
702.0,0.00024214835623014903,-11.309409097328356,3.4924596548080444e-10,0.00012107435273805726
951.0,0.00023288524243847446,-11.309409097328414,0.0,0.00011644262121923723
391.0,0.0002319652893263038,-11.309409097328414,0.0,0.0001159826446631519
547.0,0.00022707457739928985,-11.309409097328414,0.0,0.00011353728869964493
141.0,7.815585630727079e-18,-11.30940905979059,0.00022017986339051276,0.00011008993169526029
102.0,3.016751193591003e-05,-11.30940906512113,0.00018891332729253918,0.0001095404196142246
1080.0,2.09778619797217e-51,-11.309409062497634,0.00020430157019291073,0.00010215078509645537
446.0,0.00020345550685562226,-11.309409097328414,0.0,0.00010172775342781113
690.0,0.0001917991978734514,-11.309409097328414,0.0,9.58995989367257e-05
830.0,4.4026301339052965e-17,-11.30940906504292,0.00018937207642011344,9.468603821007873e-05
235.0,5.026404241069789e-35,-11.309409066483092,0.0001809246896300465,9.046234481502324e-05
447.0,0.00015844408260932557,-11.309409097328414,0.0,7.922204130466278e-05
5.0,7.421398057730197e-16,-11.309409071199054,0.0001532629830762744,7.663149153850827e-05
123.0,5.8107231711165e-10,-11.309409073965062,0.00013703883450943977,6.851970779087844e-05
129.0,4.959226251326874e-08,-11.309409076528375,0.00012200360652059317,6.102659939155322e-05
74.0,7.61757404524488e-22,-11.309409078298838,0.00011161886504851282,5.580943252425641e-05
480.0,3.417813712474678e-14,-11.309409078963556,0.00010771994129754603,5.385997066586208e-05
1069.0,2.440677210442211e-16,-11.309409079326873,0.00010558888607192785,5.2794443036085956e-05
133.0,7.379613774197914e-22,-11.30940908038514,9.938156290445477e-05,4.9690781452227384e-05
138.0,4.711292814967865e-36,-11.309409080446285,9.902291640173644e-05,4.951145820086822e-05
625.0,9.480678316927546e-05,-11.309409097328414,0.0,4.740339158463773e-05
761.0,2.4206066430967403e-28,-11.30940908137306,9.358687384519726e-05,4.679343692259863e-05
522.0,2.6295796910821e-06,-11.309409082131255,8.913964848034084e-05,4.588461408571147e-05
465.0,8.15700389146162e-05,-11.309409097328414,0.0,4.07850194573081e-05
202.0,5.4600642125494905e-08,-11.309409083471625,8.12776415841654e-05,4.0666121113145446e-05
504.0,2.2492456034129067e-36,-11.30940908436291,7.604977872688323e-05,3.8024889363441616e-05
168.0,5.603652609406904e-10,-11.309409084819409,7.337215356528759e-05,3.668635696527426e-05
88.0,4.7379576231246754e-20,-11.309409084862232,7.312097295653075e-05,3.6560486478265395e-05
574.0,7.026538277349967e-05,-11.309409097328414,0.0,3.5132691386749835e-05
693.0,9.9239634305182e-27,-11.309409085417869,6.98618678143248e-05,3.49309339071624e-05
467.0,7.778095358158122e-13,-11.309409085820713,6.749895692337304e-05,3.374947885059129e-05
111.0,6.660548355958723e-05,-11.309409097328414,0.0,3.3302741779793616e-05
1083.0,1.0162735898704454e-21,-11.309409086867516,6.135889270808548e-05,3.067944635404274e-05
538.0,2.6329753874047955e-27,-11.309409088543886,5.15260617248714e-05,2.57630308624357e-05
404.0,3.388704159967378e-07,-11.309409088704786,5.0582297262735665e-05,2.5460583839366203e-05
284.0,2.8681166143825777e-06,-11.30940909014494,4.2135012336075306e-05,2.2501564475228943e-05
272.0,2.614487674608907e-17,-11.309409089926104,4.341859312262386e-05,2.1709296561325002e-05
65.0,9.706430241984195e-13,-11.309409090212238,4.17402625316754e-05,2.0870131751159213e-05
777.0,3.956286121474203e-05,-11.309409097328414,0.0,1.9781430607371015e-05
649.0,3.7853095784482076e-05,-11.309409097328414,0.0,1.8926547892241038e-05
803.0,6.915819106426668e-18,-11.309409091449355,3.4483891795389354e-05,1.7241945897698136e-05
438.0,3.232386117109751e-05,-11.309409097313264,8.886854629963636e-08,1.6206364858698572e-05
365.0,1.0607546804007337e-09,-11.309409092814777,2.647495421115309e-05,1.3238007482916745e-05
612.0,2.5786165109192913e-05,-11.309409097310745,1.0363874025642872e-07,1.294490192472467e-05
1002.0,2.4875763418840813e-05,-11.30940909732581,1.5279510989785194e-08,1.24455214649153e-05
81.0,2.440970540887611e-05,-11.30940909732841,1.4551915228366852e-11,1.220485998039567e-05
892.0,1.4186210526091132e-13,-11.309409093208783,2.416389179416001e-05,1.2081945968011057e-05
362.0,9.920400608373131e-40,-11.30940909324694,2.3940083337947726e-05,1.1970041668973863e-05
425.0,3.598648694177343e-13,-11.309409093370276,2.3216649424284697e-05,1.1608324892074782e-05
1091.0,2.1031984577996548e-05,-11.309409097328402,7.275957614183426e-11,1.0516028668786345e-05
818.0,2.0171345054600832e-05,-11.309409097328414,0.0,1.0085672527300416e-05
109.0,2.1371921538430673e-20,-11.309409093970013,1.9698869436979294e-05,9.849434718489657e-06
142.0,3.0734055165098257e-44,-11.309409094021603,1.9396247807890177e-05,9.698123903945088e-06
666.0,1.7682309490454568e-18,-11.309409094325853,1.7611673683859408e-05,8.805836841930588e-06
306.0,1.564417809609418e-05,-11.309409097328414,0.0,7.82208904804709e-06
18.0,3.409287715184356e-40,-11.309409094860872,1.4473480405285954e-05,7.236740202642977e-06
844.0,1.3250386522794218e-05,-11.30940909732841,1.4551915228366852e-11,6.625200537354723e-06
228.0,1.2689260957636254e-05,-11.309409097328414,0.0,6.344630478818127e-06
27.0,1.1897535529432114e-05,-11.309409097328414,0.0,5.948767764716057e-06
39.0,3.353569333766988e-28,-11.309409095514894,1.0637289960868657e-05,5.318644980434328e-06
350.0,2.2221720160380292e-23,-11.309409095762174,9.186856914311647e-06,4.593428457155824e-06
506.0,8.864997221817672e-06,-11.309409097323142,3.092281986027956e-08,4.447960020838976e-06
352.0,8.686883376400866e-06,-11.309409097328414,0.0,4.343441688200433e-06
389.0,8.666095828182905e-06,-11.309409097328414,0.0,4.333047914091452e-06
645.0,1.0401187610022315e-19,-11.309409095929649,8.204529876820743e-06,4.102264938410423e-06
870.0,3.237977430931427e-20,-11.30940909612464,7.060792995616794e-06,3.530396497808413e-06
684.0,6.62375262331058e-06,-11.309409097328414,0.0,3.31187631165529e-06
1120.0,6.0709902868233855e-52,-11.309409096276644,6.169211701489985e-06,3.0846058507449925e-06
550.0,5.672849455928667e-06,-11.309409097328414,0.0,2.8364247279643335e-06
914.0,5.43198720148389e-06,-11.309409097328414,0.0,2.715993600741945e-06
474.0,1.1162870699515568e-15,-11.30940909640241,5.431516910903156e-06,2.7157584560097214e-06
445.0,3.221817897533363e-36,-11.30940909643074,5.265348590910435e-06,2.6326742954552174e-06
703.0,3.1103508247454185e-06,-11.309409097051258,1.6256672097370028e-06,2.3680090172412104e-06
742.0,4.600582117689382e-06,-11.309409097328414,0.0,2.300291058844691e-06
745.0,4.040534663691296e-06,-11.309409097328414,0.0,2.020267331845648e-06
301.0,2.020040037404529e-14,-11.309409096661051,3.914450644515455e-06,1.9572253323579274e-06
1097.0,3.827501052136868e-06,-11.309409097328414,0.0,1.913750526068434e-06
1074.0,8.722677769740064e-22,-11.309409096754615,3.3656397135928273e-06,1.682819856796414e-06
953.0,1.3812432646166523e-25,-11.309409096769285,3.2796087907627225e-06,1.6398043953813612e-06
182.0,3.643010844156933e-47,-11.309409096785304,3.1856470741331577e-06,1.5928235370665789e-06
1061.0,2.9908435118722184e-06,-11.309409097328414,0.0,1.4954217559361092e-06
73.0,2.4180153571764112e-61,-11.309409096819564,2.9846851248294115e-06,1.4923425624147058e-06
282.0,3.4908069401889246e-07,-11.309409096926396,2.358050551265478e-06,1.3535656226421853e-06
773.0,4.873714374898606e-09,-11.309409096869638,2.690969267860055e-06,1.3479214911174769e-06
568.0,4.870829186631488e-09,-11.30940909687547,2.656772267073393e-06,1.3308215481300122e-06
1049.0,7.140066897182182e-20,-11.309409096999362,1.930078724399209e-06,9.650393621996403e-07
448.0,4.328375138849863e-28,-11.309409097004002,1.9028520910069346e-06,9.514260455034673e-07
1081.0,1.8168208508022829e-06,-11.309409097328414,0.0,9.084104254011414e-07
755.0,1.8118302413344921e-06,-11.309409097328414,0.0,9.059151206672461e-07
581.0,1.5186747932976113e-06,-11.309409097328414,0.0,7.593373966488056e-07
77.0,1.4725801292498162e-06,-11.309409097328412,1.4551915228366852e-11,7.362973405825223e-07
769.0,5.474244960633318e-65,-11.309409097082405,1.4429824659600854e-06,7.214912329800427e-07
66.0,1.3161648779096454e-06,-11.309409097328414,0.0,6.580824389548227e-07
242.0,3.417849058545367e-41,-11.309409097120106,1.2218370102345943e-06,6.109185051172972e-07
503.0,7.51468396112872e-19,-11.30940909713498,1.134598278440535e-06,5.672991392206433e-07
899.0,1.1121371846002689e-06,-11.309409097328189,1.3242242857813835e-09,5.567307044430251e-07
6.0,1.2525279494579035e-17,-11.309409097144217,1.0804214980453253e-06,5.402107490289253e-07
1123.0,5.620644946415295e-40,-11.309409097152338,1.0327785275876522e-06,5.163892637938261e-07
68.0,7.097191557494053e-55,-11.309409097159389,9.914219845086336e-07,4.957109922543168e-07
903.0,4.697653884082083e-37,-11.309409097160891,9.826180757954717e-07,4.913090378977358e-07
929.0,9.375763558015124e-07,-11.309409097328414,0.0,4.687881779007562e-07
716.0,8.228234487544617e-07,-11.30940909731784,6.202026270329952e-08,4.424218557288806e-07
1066.0,8.779173971775115e-07,-11.309409097328414,0.0,4.3895869858875576e-07
360.0,8.057253967175459e-07,-11.309409097328414,0.0,4.0286269835877297e-07
905.0,7.444497647106999e-07,-11.309409097328414,0.0,3.7222488235534997e-07
397.0,7.435657660158355e-07,-11.309409097328414,0.0,3.7178288300791773e-07
51.0,3.143929769494448e-31,-11.309409097201732,7.430644473060966e-07,3.715322236530483e-07
135.0,9.149010462169739e-18,-11.309409097209915,6.950576789677143e-07,3.4752883948843166e-07
28.0,6.306723856377289e-07,-11.309409097327274,6.693881005048752e-09,3.1868313332138884e-07
1047.0,6.688058122451827e-45,-11.30940909722186,6.250047590583563e-07,3.1250237952917814e-07
108.0,4.947465535031737e-07,-11.30940909731684,6.789923645555973e-08,2.813228949793667e-07
827.0,1.0633287131910993e-71,-11.309409097232663,5.616311682388186e-07,2.808155841194093e-07
305.0,5.201782164856947e-07,-11.309409097328414,0.0,2.6008910824284735e-07
926.0,5.17284701658944e-07,-11.309409097328391,1.3096723705530167e-10,2.5870783444799964e-07
281.0,2.5744031584603878e-17,-11.309409097241412,5.103211151435971e-07,2.551605575846706e-07
944.0,1.7671981706033454e-41,-11.309409097256182,4.236790118739009e-07,2.1183950593695045e-07
482.0,2.4082785367515174e-38,-11.309409097256651,4.2092869989573956e-07,2.1046434994786978e-07
633.0,1.621464318405301e-08,-11.309409097263122,3.829773049801588e-07,1.9959597408210592e-07
877.0,1.0385679713074859e-32,-11.309409097275203,3.1210947781801224e-07,1.5605473890900612e-07
516.0,3.639310203797892e-21,-11.309409097279048,2.89568561129272e-07,1.4478428056463782e-07
91.0,2.2483442275602133e-07,-11.30940909732837,2.6193447411060333e-10,1.1254817861506597e-07
43.0,7.225435758459518e-45,-11.309409097290128,2.2456515580415726e-07,1.1228257790207863e-07
587.0,5.4860831058833635e-12,-11.309409097290574,2.2194581106305122e-07,1.1097564857307856e-07
361.0,2.1190559953159787e-07,-11.309409097328414,0.0,1.0595279976579894e-07
1064.0,2.0870681326390262e-07,-11.309409097328414,0.0,1.0435340663195131e-07
31.0,3.035390415833469e-29,-11.309409097309802,1.0916846804320812e-07,5.458423402160406e-08
396.0,8.573694941778408e-08,-11.309409097326093,1.3620592653751373e-08,4.967877103576773e-08
443.0,3.451527037496113e-10,-11.309409097311852,9.71485860645771e-08,4.874686938416336e-08
340.0,9.587075531093989e-35,-11.30940909731348,8.760252967476845e-08,4.3801264837384224e-08
238.0,7.773430326533176e-08,-11.309409097328414,0.0,3.886715163266588e-08
173.0,2.5563383467833707e-15,-11.3094090973157,7.457856554538012e-08,3.728928405085923e-08
576.0,1.0843463635484022e-53,-11.3094090973171,6.635673344135284e-08,3.317836672067642e-08
165.0,1.339811476596704e-22,-11.309409097317245,6.551272235810757e-08,3.275636117905385e-08
374.0,6.277453553923748e-08,-11.309409097328414,0.0,3.138726776961874e-08
837.0,9.13699572020934e-44,-11.309409097318149,6.021582521498203e-08,3.0107912607491016e-08
210.0,3.2712228346275844e-48,-11.309409097318694,5.7014403864741325e-08,2.8507201932370663e-08
456.0,4.4143618032748456e-08,-11.309409097326864,9.094947017729282e-09,2.661928252523887e-08
248.0,1.3424922652779899e-49,-11.309409097319458,5.2532413974404335e-08,2.6266206987202168e-08
172.0,7.525864964445796e-09,-11.30940909732089,4.413595888763666e-08,2.583091192604123e-08
869.0,4.8533428659082635e-08,-11.309409097328414,0.0,2.4266714329541318e-08
909.0,6.913241841421292e-14,-11.309409097321756,3.905734047293663e-08,1.9528704802677522e-08
849.0,2.9539898594488412e-08,-11.309409097327194,7.159542292356491e-09,1.834972044342245e-08
548.0,2.5524501095829465e-11,-11.309409097322591,3.4153345040977e-08,1.7089434771036414e-08
121.0,3.9610894984779067e-26,-11.309409097322591,3.4153345040977e-08,1.70766725204885e-08
788.0,1.711266906574104e-17,-11.309409097322606,3.40660335496068e-08,1.7033016783359733e-08
640.0,3.2505167155148035e-10,-11.309409097323364,2.962769940495491e-08,1.4976375538253196e-08
385.0,2.940104784878028e-08,-11.309409097328414,0.0,1.470052392439014e-08
696.0,2.1284711673864693e-12,-11.3094090973236,2.8230715543031693e-08,1.411642200709954e-08
84.0,5.175433970409949e-29,-11.309409097324062,2.5524059310555458e-08,1.2762029655277729e-08
50.0,1.533669617803852e-20,-11.309409097324284,2.4228938855230808e-08,1.2114469427623072e-08
178.0,5.671121867215447e-60,-11.309409097324544,2.270098775625229e-08,1.1350493878126144e-08
1111.0,7.325112545570413e-23,-11.30940909732483,2.10275175049901e-08,1.0513758752495087e-08
653.0,1.1333350312981102e-15,-11.309409097325814,1.525040715932846e-08,7.625204146331745e-09
510.0,1.731050097489766e-10,-11.309409097326128,1.3416865840554237e-08,6.794985425151607e-09
689.0,1.2967371974089107e-08,-11.309409097328322,5.384208634495735e-10,6.7528964187693404e-09
26.0,3.361029916012359e-71,-11.309409097326236,1.2776581570506096e-08,6.388290785253048e-09
1113.0,3.0012708469459416e-12,-11.309409097326242,1.2747477740049362e-08,6.375239505448154e-09
297.0,1.3703019903315076e-09,-11.309409097326649,1.0360963642597198e-08,5.865632816464353e-09
1094.0,1.166796381952569e-08,-11.309409097328414,0.0,5.833981909762845e-09
1089.0,1.1573694887964522e-08,-11.309409097328414,0.0,5.786847443982261e-09
1082.0,1.0658799090315107e-08,-11.309409097328414,0.0,5.329399545157553e-09
515.0,5.677672925842347e-09,-11.309409097328414,0.0,2.8388364629211735e-09
555.0,9.80330709928644e-39,-11.309409097327514,5.282345227897167e-09,2.6411726139485836e-09
853.0,1.9117851840108395e-13,-11.309409097327675,4.336470738053322e-09,2.1683309582858616e-09
378.0,4.215692786440385e-09,-11.309409097328414,0.0,2.1078463932201924e-09
237.0,8.910108293039066e-18,-11.30940909732782,3.4924596548080444e-09,1.7462298318590764e-09
528.0,5.039684646716875e-11,-11.309409097327832,3.41970007866621e-09,1.7350484625666894e-09
807.0,3.2325898224510854e-09,-11.309409097328414,0.0,1.6162949112255427e-09
838.0,7.1724162690462675e-12,-11.30940909732792,2.8958311304450035e-09,1.4515017733570249e-09
44.0,2.595196914687949e-09,-11.309409097328414,0.0,1.2975984573439745e-09
375.0,1.4666773252216257e-51,-11.309409097327974,2.5902409106492996e-09,1.2951204553246498e-09
902.0,1.0359750382484168e-15,-11.309409097328,2.4301698431372643e-09,1.2150854395561512e-09
613.0,1.063623695263913e-24,-11.309409097328066,2.0372681319713593e-09,1.0186340659856802e-09
401.0,4.542035538679467e-19,-11.309409097328102,1.8335413187742233e-09,9.167706596142135e-10
662.0,1.822994798156759e-09,-11.309409097328414,0.0,9.114973990783795e-10
544.0,7.715867048563732e-10,-11.309409097328414,0.0,3.857933524281866e-10
312.0,1.330170311952185e-36,-11.309409097328302,6.548361852765083e-10,3.2741809263825417e-10
213.0,7.827601816063007e-32,-11.30940909732832,5.529727786779404e-10,2.764863893389702e-10
380.0,1.7913393589104243e-10,-11.30940909732836,3.2014213502407074e-10,2.4963803545755657e-10
122.0,4.664575405909895e-10,-11.309409097328414,0.0,2.3322877029549474e-10
1101.0,1.4906298454368015e-31,-11.309409097328343,4.220055416226387e-10,2.1100277081131935e-10
161.0,1.0549293291578992e-90,-11.309409097328349,3.92901711165905e-10,1.964508555829525e-10
885.0,1.4227038306775769e-84,-11.309409097328349,3.92901711165905e-10,1.964508555829525e-10
107.0,1.5130523856141342e-38,-11.30940909732836,3.2014213502407074e-10,1.6007106751203537e-10
1045.0,8.37097929796786e-24,-11.309409097328365,2.9103830456733704e-10,1.455191522836727e-10
1098.0,1.308114603804828e-25,-11.309409097328365,2.9103830456733704e-10,1.455191522836686e-10
78.0,3.1661518055176596e-28,-11.309409097328365,2.9103830456733704e-10,1.4551915228366852e-10
370.0,2.3129784465352117e-10,-11.309409097328414,0.0,1.1564892232676058e-10
56.0,7.843281288394766e-21,-11.309409097328382,1.8917489796876907e-10,9.458744898830617e-11
0.0,1.8601292251043644e-10,-11.309409097328414,0.0,9.300646125521822e-11
1052.0,1.471033543469931e-10,-11.309409097328414,0.0,7.355167717349654e-11
650.0,3.83667672100758e-47,-11.309409097328391,1.3096723705530167e-10,6.548361852765083e-11
151.0,3.038540288973177e-19,-11.3094090973284,8.731149137020111e-11,4.365574583702757e-11
244.0,2.549362918066697e-11,-11.309409097328407,4.3655745685100555e-11,3.4574687432883765e-11
982.0,5.995473239022129e-11,-11.309409097328414,0.0,2.9977366195110646e-11
175.0,4.256777192770274e-16,-11.309409097328407,4.3655745685100555e-11,2.1828085681409918e-11
187.0,9.855463395876338e-18,-11.309409097328407,4.3655745685100555e-11,2.1827877770281976e-11
82.0,4.19625556764112e-18,-11.309409097328407,4.3655745685100555e-11,2.1827874940678062e-11
1036.0,1.4228929013817064e-21,-11.309409097328407,4.3655745685100555e-11,2.1827872843261724e-11
737.0,1.3407475835214105e-24,-11.309409097328407,4.3655745685100555e-11,2.1827872842550947e-11
517.0,3.1733731618636805e-11,-11.309409097328414,0.0,1.5866865809318402e-11
224.0,2.9687595832574975e-13,-11.30940909732841,1.4551915228366852e-11,7.424395593346301e-12
1044.0,1.3155249000438625e-61,-11.309409097328412,1.4551915228366852e-11,7.275957614183426e-12
663.0,4.11026669599563e-30,-11.309409097328412,1.4551915228366852e-11,7.275957614183426e-12
604.0,4.198808908055037e-29,-11.309409097328412,1.4551915228366852e-11,7.275957614183426e-12
433.0,3.6670749332361685e-57,-11.309409097328412,1.4551915228366852e-11,7.275957614183426e-12
275.0,6.767948424128093e-36,-11.309409097328412,1.4551915228366852e-11,7.275957614183426e-12
1122.0,1.1280259291583773e-11,-11.309409097328414,0.0,5.6401296457918866e-12
481.0,9.342167489613844e-12,-11.309409097328414,0.0,4.671083744806922e-12
171.0,7.909994069080402e-12,-11.309409097328414,0.0,3.954997034540201e-12
372.0,7.046028864544012e-12,-11.309409097328414,0.0,3.523014432272006e-12
580.0,4.171964479206461e-12,-11.309409097328414,0.0,2.0859822396032303e-12
7.0,3.159870269527233e-12,-11.309409097328414,0.0,1.5799351347636165e-12
541.0,2.014899286785131e-12,-11.309409097328414,0.0,1.0074496433925656e-12
936.0,1.207295392288098e-12,-11.309409097328414,0.0,6.03647696144049e-13
484.0,1.0654856105838937e-12,-11.309409097328414,0.0,5.327428052919468e-13
676.0,1.0619273394462863e-12,-11.309409097328414,0.0,5.309636697231431e-13
486.0,3.726668101328322e-13,-11.309409097328414,0.0,1.863334050664161e-13
1092.0,2.8211414333751467e-13,-11.309409097328414,0.0,1.4105707166875733e-13
449.0,1.5495952416647905e-13,-11.309409097328414,0.0,7.747976208323952e-14
1018.0,1.5486714353070436e-13,-11.309409097328414,0.0,7.743357176535218e-14
310.0,1.2116583247530555e-13,-11.309409097328414,0.0,6.058291623765278e-14
721.0,1.1318498343569148e-13,-11.309409097328414,0.0,5.659249171784574e-14
958.0,3.409478087629651e-14,-11.309409097328414,0.0,1.7047390438148257e-14
1059.0,1.1598961505134085e-14,-11.309409097328414,0.0,5.7994807525670425e-15
907.0,9.425670664278446e-15,-11.309409097328414,0.0,4.712835332139223e-15
21.0,6.49051946861378e-15,-11.309409097328414,0.0,3.24525973430689e-15
434.0,3.962974332932569e-15,-11.309409097328414,0.0,1.9814871664662845e-15
487.0,2.493574942850645e-15,-11.309409097328414,0.0,1.2467874714253225e-15
1067.0,8.273901668968932e-16,-11.309409097328414,0.0,4.136950834484466e-16
86.0,5.665305037727216e-16,-11.309409097328414,0.0,2.832652518863608e-16
706.0,3.9313512760112615e-16,-11.309409097328414,0.0,1.9656756380056308e-16
1071.0,2.536806072216905e-16,-11.309409097328414,0.0,1.2684030361084526e-16
1028.0,1.6379589311999378e-16,-11.309409097328414,0.0,8.189794655999689e-17
48.0,1.189809764266936e-16,-11.309409097328414,0.0,5.94904882133468e-17
791.0,2.1898268971514148e-17,-11.309409097328414,0.0,1.0949134485757074e-17
407.0,6.4090726925853365e-18,-11.309409097328414,0.0,3.2045363462926683e-18
318.0,5.434428543978869e-18,-11.309409097328414,0.0,2.7172142719894346e-18
87.0,4.936785877278661e-18,-11.309409097328414,0.0,2.4683929386393306e-18
415.0,1.7148486667399752e-18,-11.309409097328414,0.0,8.574243333699876e-19
243.0,4.101279758526462e-19,-11.309409097328414,0.0,2.050639879263231e-19
917.0,3.879983167406365e-19,-11.309409097328414,0.0,1.9399915837031826e-19
1004.0,2.2089350067354076e-19,-11.309409097328414,0.0,1.1044675033677038e-19
457.0,1.8903389431700203e-19,-11.309409097328414,0.0,9.451694715850102e-20
431.0,1.658655743027118e-19,-11.309409097328414,0.0,8.29327871513559e-20
600.0,8.082503549871378e-20,-11.309409097328414,0.0,4.041251774935689e-20
563.0,1.1421198873791547e-20,-11.309409097328414,0.0,5.710599436895773e-21
37.0,1.9964008048255727e-21,-11.309409097328414,0.0,9.982004024127863e-22
279.0,6.202275787610111e-22,-11.309409097328414,0.0,3.1011378938050556e-22
1050.0,5.312000028310019e-22,-11.309409097328414,0.0,2.6560000141550093e-22
354.0,2.318599365110682e-22,-11.309409097328414,0.0,1.159299682555341e-22
1075.0,3.3290318116334496e-23,-11.309409097328414,0.0,1.6645159058167248e-23
203.0,2.715271751279357e-24,-11.309409097328414,0.0,1.3576358756396786e-24
1034.0,6.570125005806611e-25,-11.309409097328414,0.0,3.2850625029033055e-25
229.0,1.0843073837338172e-25,-11.309409097328414,0.0,5.421536918669086e-26
95.0,9.983619779315242e-27,-11.309409097328414,0.0,4.991809889657621e-27
164.0,2.2632429212913615e-27,-11.309409097328414,0.0,1.1316214606456808e-27
832.0,1.1169030360115221e-27,-11.309409097328414,0.0,5.584515180057611e-28
101.0,1.885754374477179e-28,-11.309409097328414,0.0,9.428771872385895e-29
636.0,5.753562884769878e-29,-11.309409097328414,0.0,2.876781442384939e-29
329.0,4.647651765284073e-29,-11.309409097328414,0.0,2.3238258826420364e-29
406.0,3.325934622000362e-30,-11.309409097328414,0.0,1.662967311000181e-30
285.0,2.337378734161943e-31,-11.309409097328414,0.0,1.1686893670809716e-31
10.0,1.0638583595869332e-31,-11.309409097328414,0.0,5.319291797934666e-32
258.0,6.056023681942596e-32,-11.309409097328414,0.0,3.028011840971298e-32
1056.0,7.361373862622034e-35,-11.309409097328414,0.0,3.680686931311017e-35
321.0,4.909864222667968e-36,-11.309409097328414,0.0,2.454932111333984e-36
295.0,3.312609850974684e-36,-11.309409097328414,0.0,1.656304925487342e-36
252.0,2.1488306907307747e-36,-11.309409097328414,0.0,1.0744153453653874e-36
124.0,1.3601377830907417e-36,-11.309409097328414,0.0,6.800688915453708e-37
577.0,4.544247019515016e-37,-11.309409097328414,0.0,2.272123509757508e-37
780.0,4.157985583515212e-38,-11.309409097328414,0.0,2.078992791757606e-38
94.0,3.435475791188481e-41,-11.309409097328414,0.0,1.7177378955942405e-41
748.0,7.905580124413748e-42,-11.309409097328414,0.0,3.952790062206874e-42
11.0,4.042035954714007e-43,-11.309409097328414,0.0,2.0210179773570033e-43
356.0,8.30581484792537e-44,-11.309409097328414,0.0,4.152907423962685e-44
319.0,1.4396294716139602e-50,-11.309409097328414,0.0,7.198147358069801e-51
126.0,6.787268911741798e-51,-11.309409097328414,0.0,3.393634455870899e-51
377.0,5.365011218393248e-53,-11.309409097328414,0.0,2.682505609196624e-53
523.0,1.7840896385053804e-53,-11.309409097328414,0.0,8.920448192526902e-54
225.0,1.4346964728107539e-53,-11.309409097328414,0.0,7.173482364053769e-54
144.0,3.46884351335768e-54,-11.309409097328414,0.0,1.73442175667884e-54
379.0,9.641342156071459e-55,-11.309409097328414,0.0,4.8206710780357295e-55
250.0,2.9434053584636734e-55,-11.309409097328414,0.0,1.4717026792318367e-55
564.0,6.186240714404029e-57,-11.309409097328414,0.0,3.0931203572020145e-57
729.0,1.3583511374076346e-57,-11.309409097328414,0.0,6.791755687038173e-58
311.0,8.108145371992718e-58,-11.309409097328414,0.0,4.054072685996359e-58
315.0,7.18146860716576e-58,-11.309409097328414,0.0,3.59073430358288e-58
483.0,3.662468082067499e-59,-11.309409097328414,0.0,1.8312340410337496e-59
526.0,2.9683837590558234e-62,-11.309409097328414,0.0,1.4841918795279117e-62
218.0,1.0485942057857714e-62,-11.309409097328414,0.0,5.242971028928857e-63
981.0,2.1195131827511275e-65,-11.309409097328414,0.0,1.0597565913755637e-65
1116.0,2.3693900460385143e-67,-11.309409097328414,0.0,1.1846950230192571e-67
140.0,1.6595066681162165e-69,-11.309409097328414,0.0,8.297533340581083e-70
13.0,6.295991393150094e-70,-11.309409097328414,0.0,3.147995696575047e-70
1039.0,1.1124705823273504e-70,-11.309409097328414,0.0,5.562352911636752e-71
1077.0,9.723045206332173e-72,-11.309409097328414,0.0,4.861522603166086e-72
712.0,5.24774393000843e-79,-11.309409097328414,0.0,2.623871965004215e-79
20.0,1.184434730732062e-86,-11.309409097328414,0.0,5.92217365366031e-87
562.0,6.026745306624311e-100,-11.309409097328414,0.0,3.0133726533121554e-100
117.0,2.074979459203312e-104,-11.309409097328414,0.0,1.037489729601656e-104
513.0,2.938519963050056e-105,-11.309409097328414,0.0,1.469259981525028e-105
1109.0,8.196657701913242e-113,-11.309409097328414,0.0,4.098328850956621e-113
