number,prob_DM,anomaly_score,anomaly_score_norm,combined_score
717,0.88,-11.30923861023717,1.0,0.94
631,0.86,-11.30925892303923,0.8808543103659758,0.8704271551829879
763,0.86,-11.309277158932757,0.7738908247847576,0.8169454123923787
554,0.81,-11.309287797651066,0.711488925429876,0.760744462714938
533,0.87,-11.309312102285933,0.5689289539441234,0.7194644769720617
682,0.81,-11.309316551304818,0.5428330257855123,0.6764165128927562
751,0.82,-11.309331486479689,0.45523005969880614,0.637615029849403
75,0.87,-11.30936032088495,0.2861005082959309,0.5780502541479655
809,0.87,-11.309363033791366,0.2701878289663,0.57009391448315
776,0.86,-11.3093690210707,0.23506916225596797,0.5475345811279839
665,0.86,-11.309373404114794,0.20936021232046187,0.5346801061602309
265,0.91,-11.309391890848156,0.10092541396443266,0.5054627069822164
490,0.89,-11.309389167609558,0.11689869720430579,0.503449348602153
4,0.89,-11.30939020722592,0.11080077885708306,0.5004003894285416
110,0.89,-11.309391890561594,0.10092709479795303,0.4954635473989765
341,0.92,-11.309397034961826,0.07075237485696562,0.49537618742848283
941,0.89,-11.30939574993079,0.07828978444740642,0.4841448922237032
1112,0.87,-11.309392698190864,0.09618990757735446,0.48309495378867723
730,0.87,-11.309393602171909,0.09088756452547386,0.48044378226273693
327,0.86,-11.309392112789247,0.09962360811186954,0.47981180405593477
127,0.88,-11.309396022033498,0.07669375330442563,0.4783468766522128
200,0.91,-11.309401465224235,0.04476646368857473,0.4773832318442874
798,0.91,-11.309401719935218,0.043272444512695074,0.47663622225634755
986,0.89,-11.3093987326421,0.060794551885919645,0.47539727594295983
247,0.91,-11.309402635880328,0.03789992566453293,0.4739499628322665
1060,0.91,-11.30940275591178,0.0371958755858941,0.47359793779294707
159,0.87,-11.309397002767112,0.07094121446425561,0.4704706072321278
444,0.91,-11.309405334087169,0.022073467378504574,0.4660367336892523
588,0.92,-11.30940763735074,0.008563567273085937,0.464281783636543
864,0.92,-11.30940765148834,0.008480642514768988,0.4642403212573845
35,0.92,-11.309407743785806,0.007939267408801243,0.46396963370440064
989,0.87,-11.309399572444676,0.0558686506410595,0.46293432532052975
1115,0.92,-11.30940821516516,0.0051743697840720415,0.46258718489203604
1117,0.91,-11.309406611806232,0.014578946502297185,0.4622894732511486
890,0.91,-11.309406665823596,0.014262105119996704,0.46213105255999837
779,0.89,-11.309403283836954,0.03409930580528453,0.46204965290264227
60,0.89,-11.309403381192126,0.033528264495544136,0.4617641322477721
912,0.92,-11.309408504821034,0.0034753797226585448,0.4617376898613293
861,0.91,-11.309406905640015,0.012855450710048899,0.46142772535502447
1019,0.92,-11.309408627449663,0.0027560957678360865,0.46137804788391806
795,0.88,-11.309402195678812,0.04048194823553786,0.46024097411776893
534,0.92,-11.30940907915386,0.00010660369298420846,0.4600533018464921
708,0.92,-11.309409082882718,8.473190246149898e-05,0.46004236595123077
493,0.92,-11.309409088792622,5.0067086704075336e-05,0.46002503354335206
274,0.92,-11.309409090376189,4.0778599213808775e-05,0.4600203892996069
69,0.92,-11.30940909707409,1.491760485805571e-06,0.4600007458802429
897,0.92,-11.30940909730361,1.4549004845321178e-07,0.46000007274502425
520,0.92,-11.309409097320412,4.6944478526711464e-08,0.4600000234722393
719,0.92,-11.30940909732134,4.1487510316073895e-08,0.4600000207437552
606,0.92,-11.309409097322284,3.595778252929449e-08,0.4600000179788913
900,0.92,-11.30940909732529,1.8335413187742233e-08,0.4600000091677066
1053,0.92,-11.309409097325709,1.5876139514148235e-08,0.4600000079380698
856,0.92,-11.309409097326066,1.3780663721263409e-08,0.4600000068903319
475,0.92,-11.309409097327642,4.540197551250458e-09,0.4600000022700988
804,0.92,-11.30940909732801,2.371962182223797e-09,0.4600000011859811
417,0.92,-11.309409097328412,1.4551915228366852e-11,0.460000000007276
545,0.92,-11.309409097328412,1.4551915228366852e-11,0.460000000007276
524,0.92,-11.309409097328414,0.0,0.46
599,0.92,-11.309409097328414,0.0,0.46
532,0.92,-11.309409097328414,0.0,0.46
463,0.92,-11.309409097328414,0.0,0.46
374,0.92,-11.309409097328414,0.0,0.46
979,0.92,-11.309409097328414,0.0,0.46
868,0.92,-11.309409097328414,0.0,0.46
889,0.92,-11.309409097328414,0.0,0.46
867,0.92,-11.309409097328414,0.0,0.46
572,0.92,-11.309409097328414,0.0,0.46
469,0.92,-11.309409097328414,0.0,0.46
641,0.92,-11.309409097328414,0.0,0.46
679,0.92,-11.309409097328414,0.0,0.46
1040,0.92,-11.309409097328414,0.0,0.46
998,0.92,-11.309409097328414,0.0,0.46
1079,0.92,-11.309409097328414,0.0,0.46
1011,0.92,-11.309409097328414,0.0,0.46
906,0.92,-11.309409097328414,0.0,0.46
755,0.92,-11.309409097328414,0.0,0.46
615,0.92,-11.309409097328414,0.0,0.46
479,0.92,-11.309409097328414,0.0,0.46
364,0.92,-11.309409097328414,0.0,0.46
416,0.92,-11.309409097328414,0.0,0.46
573,0.92,-11.309409097328414,0.0,0.46
66,0.92,-11.309409097328414,0.0,0.46
40,0.92,-11.309409097328414,0.0,0.46
253,0.92,-11.309409097328414,0.0,0.46
608,0.92,-11.309409097328414,0.0,0.46
427,0.76,-11.309382360538168,0.1568258925108239,0.45841294625541196
881,0.86,-11.309399651876356,0.05540274039958604,0.457701370199793
539,0.91,-11.309408202080816,0.005251116628642194,0.4576255583143211
176,0.87,-11.309401480471152,0.04467703218688257,0.4573385160934413
458,0.91,-11.309408420099858,0.003972315738792531,0.4569861578693963
796,0.9,-11.30940679096824,0.013528063369449228,0.4567640316847246
347,0.89,-11.309405220105685,0.022742031083907932,0.456371015541954
387,0.91,-11.309408704029178,0.002306915048393421,0.4561534575241967
858,0.91,-11.30940877340552,0.0018999848689418286,0.45594999243447093
1057,0.89,-11.309405466622495,0.021296075225109234,0.4556480376125546
642,0.91,-11.30940888862668,0.0012241497752256691,0.45561207488761285
230,0.91,-11.309408895133664,0.0011859827500302345,0.45559299137501513
1016,0.86,-11.309400381269205,0.05112445256963838,0.4555622262848192
494,0.91,-11.30940900308695,0.0005527777102543041,0.45527638885512717
283,0.89,-11.309405629600908,0.02034011772775557,0.4551700588638778
537,0.91,-11.309409049920868,0.0002780711802188307,0.45513903559010943
123,0.91,-11.309409073965062,0.00013703883450943977,0.45506851941725474
191,0.91,-11.309409075079454,0.00013050231791567057,0.45506525115895785
129,0.91,-11.309409076528375,0.00012200360652059317,0.4550610018032603
497,0.91,-11.309409079890012,0.00010228576138615608,0.4550511428806931
168,0.91,-11.309409084819409,7.337215356528759e-05,0.45503668607678266
693,0.91,-11.309409085417869,6.98618678143248e-05,0.4550349309339072
1083,0.91,-11.309409086867516,6.135889270808548e-05,0.45503067944635406
284,0.91,-11.30940909014494,4.2135012336075306e-05,0.45502106750616805
65,0.91,-11.309409090212238,4.17402625316754e-05,0.45502087013126585
892,0.91,-11.309409093208783,2.416389179416001e-05,0.4550120819458971
39,0.91,-11.309409095514894,1.0637289960868657e-05,0.45500531864498045
197,0.91,-11.309409095765144,9.169438271783292e-06,0.4550045847191359
645,0.91,-11.309409095929649,8.204529876820743e-06,0.4550041022649384
1110,0.91,-11.309409096463634,5.072404746897519e-06,0.45500253620237346
301,0.91,-11.309409096661051,3.914450644515455e-06,0.4550019572253223
132,0.91,-11.309409096713177,3.608700353652239e-06,0.45500180435017684
527,0.91,-11.30940909672796,3.522000042721629e-06,0.4550017610000214
703,0.91,-11.309409097051258,1.6256672097370028e-06,0.4550008128336049
170,0.91,-11.30940909714584,1.070889993570745e-06,0.4550005354449968
988,0.91,-11.30940909723764,5.324400262907147e-07,0.45500026622001316
281,0.91,-11.309409097241412,5.103211151435971e-07,0.4550002551605576
633,0.91,-11.309409097263122,3.829773049801588e-07,0.4550001914886525
638,0.91,-11.309409097289636,2.2746098693460226e-07,0.4550001137304935
108,0.91,-11.30940909731684,6.789923645555973e-08,0.45500003394961824
909,0.91,-11.309409097321756,3.905734047293663e-08,0.45500001952867025
277,0.91,-11.309409097324464,2.3166649043560028e-08,0.45500001158332454
510,0.91,-11.309409097326128,1.3416865840554237e-08,0.45500000670843294
193,0.91,-11.309409097327205,7.101334631443024e-09,0.45500000355066733
853,0.91,-11.309409097327675,4.336470738053322e-09,0.4550000021682354
175,0.91,-11.309409097328407,4.3655745685100555e-11,0.4550000000218279
844,0.91,-11.30940909732841,1.4551915228366852e-11,0.455000000007276
386,0.91,-11.309409097328414,0.0,0.455
439,0.91,-11.309409097328414,0.0,0.455
451,0.91,-11.309409097328414,0.0,0.455
525,0.91,-11.309409097328414,0.0,0.455
563,0.91,-11.309409097328414,0.0,0.455
623,0.91,-11.309409097328414,0.0,0.455
241,0.91,-11.309409097328414,0.0,0.455
228,0.91,-11.309409097328414,0.0,0.455
143,0.91,-11.309409097328414,0.0,0.455
580,0.91,-11.309409097328414,0.0,0.455
116,0.91,-11.309409097328414,0.0,0.455
221,0.91,-11.309409097328414,0.0,0.455
329,0.91,-11.309409097328414,0.0,0.455
449,0.91,-11.309409097328414,0.0,0.455
322,0.91,-11.309409097328414,0.0,0.455
499,0.91,-11.309409097328414,0.0,0.455
936,0.91,-11.309409097328414,0.0,0.455
354,0.91,-11.309409097328414,0.0,0.455
323,0.91,-11.309409097328414,0.0,0.455
595,0.91,-11.309409097328414,0.0,0.455
567,0.91,-11.309409097328414,0.0,0.455
353,0.91,-11.309409097328414,0.0,0.455
215,0.91,-11.309409097328414,0.0,0.455
704,0.91,-11.309409097328414,0.0,0.455
180,0.91,-11.309409097328414,0.0,0.455
390,0.91,-11.309409097328414,0.0,0.455
1020,0.91,-11.309409097328414,0.0,0.455
226,0.91,-11.309409097328414,0.0,0.455
1086,0.91,-11.309409097328414,0.0,0.455
1096,0.91,-11.309409097328414,0.0,0.455
86,0.91,-11.309409097328414,0.0,0.455
766,0.91,-11.309409097328414,0.0,0.455
920,0.91,-11.309409097328414,0.0,0.455
907,0.91,-11.309409097328414,0.0,0.455
914,0.91,-11.309409097328414,0.0,0.455
949,0.91,-11.309409097328414,0.0,0.455
104,0.91,-11.309409097328414,0.0,0.455
791,0.91,-11.309409097328414,0.0,0.455
854,0.91,-11.309409097328414,0.0,0.455
59,0.91,-11.309409097328414,0.0,0.455
741,0.91,-11.309409097328414,0.0,0.455
839,0.91,-11.309409097328414,0.0,0.455
895,0.91,-11.309409097328414,0.0,0.455
994,0.91,-11.309409097328414,0.0,0.455
969,0.91,-11.309409097328414,0.0,0.455
1025,0.91,-11.309409097328414,0.0,0.455
1004,0.91,-11.309409097328414,0.0,0.455
919,0.91,-11.309409097328414,0.0,0.455
832,0.91,-11.309409097328414,0.0,0.455
815,0.91,-11.309409097328414,0.0,0.455
710,0.91,-11.309409097328414,0.0,0.455
817,0.91,-11.309409097328414,0.0,0.455
992,0.91,-11.309409097328414,0.0,0.455
783,0.91,-11.309409097328414,0.0,0.455
1008,0.87,-11.30940231385934,0.039788754816981964,0.454894377408491
502,0.89,-11.30940613709375,0.01736339474155102,0.4536816973707755
811,0.89,-11.309406400473229,0.015818530111573637,0.4529092650557868
583,0.87,-11.309403636146966,0.032032814968260936,0.45101640748413047
9,0.89,-11.309407092290426,0.011760644003516063,0.45088032200175804
1032,0.9,-11.30940892381748,0.0010177364893024787,0.45050886824465125
1080,0.9,-11.309409062497634,0.00020430157019291073,0.45010215078509647
235,0.9,-11.309409066483092,0.0001809246896300465,0.45009046234481503
761,0.9,-11.30940908137306,9.358687384519726e-05,0.4500467934369226
504,0.9,-11.30940908436291,7.604977872688323e-05,0.45003802488936345
362,0.9,-11.30940909324694,2.3940083337947726e-05,0.450011970041669
142,0.9,-11.309409094021603,1.9396247807890177e-05,0.45000969812390396
18,0.9,-11.309409094860872,1.4473480405285954e-05,0.45000723674020265
1120,0.9,-11.309409096276644,6.169211701489985e-06,0.45000308460585076
182,0.9,-11.309409096785304,3.1856470741331577e-06,0.4500015928235371
73,0.9,-11.309409096819564,2.9846851248294115e-06,0.4500014923425624
769,0.9,-11.309409097082405,1.4429824659600854e-06,0.450000721491233
242,0.9,-11.309409097120106,1.2218370102345943e-06,0.45000061091850513
1123,0.9,-11.309409097152338,1.0327785275876522e-06,0.4500005163892638
68,0.9,-11.309409097159389,9.914219845086336e-07,0.45000049571099227
827,0.9,-11.309409097232663,5.616311682388186e-07,0.45000028081558413
944,0.9,-11.309409097256182,4.236790118739009e-07,0.45000021183950595
482,0.9,-11.309409097256651,4.2092869989573956e-07,0.45000021046434996
877,0.9,-11.309409097275203,3.1210947781801224e-07,0.4500001560547389
43,0.9,-11.309409097290128,2.2456515580415726e-07,0.4500001122825779
985,0.9,-11.309409097299842,1.6759440768510103e-07,0.45000008379720385
576,0.9,-11.3094090973171,6.635673344135284e-08,0.45000003317836673
837,0.9,-11.309409097318149,6.021582521498203e-08,0.4500000301079126
210,0.9,-11.309409097318694,5.7014403864741325e-08,0.45000002850720194
863,0.9,-11.30940909731903,5.50498953089118e-08,0.45000002752494767
248,0.9,-11.309409097319458,5.2532413974404335e-08,0.450000026266207
178,0.9,-11.309409097324544,2.270098775625229e-08,0.4500000113504939
1111,0.9,-11.30940909732483,2.10275175049901e-08,0.45000001051375876
26,0.9,-11.309409097326236,1.2776581570506096e-08,0.4500000063882908
375,0.9,-11.309409097327974,2.5902409106492996e-09,0.45000000129512047
885,0.9,-11.309409097328349,3.92901711165905e-10,0.45000000019645087
161,0.9,-11.309409097328349,3.92901711165905e-10,0.45000000019645087
650,0.9,-11.309409097328391,1.3096723705530167e-10,0.45000000006548363
558,0.9,-11.309409097328412,1.4551915228366852e-11,0.45000000000727597
433,0.9,-11.309409097328412,1.4551915228366852e-11,0.45000000000727597
1044,0.9,-11.309409097328412,1.4551915228366852e-11,0.45000000000727597
275,0.9,-11.309409097328412,1.4551915228366852e-11,0.45000000000727597
562,0.9,-11.309409097328414,0.0,0.45
94,0.9,-11.309409097328414,0.0,0.45
485,0.9,-11.309409097328414,0.0,0.45
1039,0.9,-11.309409097328414,0.0,0.45
101,0.9,-11.309409097328414,0.0,0.45
729,0.9,-11.309409097328414,0.0,0.45
38,0.9,-11.309409097328414,0.0,0.45
981,0.9,-11.309409097328414,0.0,0.45
1077,0.9,-11.309409097328414,0.0,0.45
218,0.9,-11.309409097328414,0.0,0.45
356,0.9,-11.309409097328414,0.0,0.45
483,0.9,-11.309409097328414,0.0,0.45
1109,0.9,-11.309409097328414,0.0,0.45
523,0.9,-11.309409097328414,0.0,0.45
526,0.9,-11.309409097328414,0.0,0.45
513,0.9,-11.309409097328414,0.0,0.45
185,0.9,-11.309409097328414,0.0,0.45
406,0.9,-11.309409097328414,0.0,0.45
377,0.9,-11.309409097328414,0.0,0.45
382,0.9,-11.309409097328414,0.0,0.45
117,0.9,-11.309409097328414,0.0,0.45
140,0.9,-11.309409097328414,0.0,0.45
577,0.9,-11.309409097328414,0.0,0.45
1122,0.9,-11.309409097328414,0.0,0.45
20,0.9,-11.309409097328414,0.0,0.45
319,0.9,-11.309409097328414,0.0,0.45
295,0.9,-11.309409097328414,0.0,0.45
315,0.9,-11.309409097328414,0.0,0.45
225,0.9,-11.309409097328414,0.0,0.45
311,0.9,-11.309409097328414,0.0,0.45
589,0.89,-11.3094074297066,0.009781513683265075,0.44989075684163254
622,0.89,-11.309407489469228,0.00943097319395747,0.44971548659697874
459,0.86,-11.309402518309255,0.03858954428869765,0.4492947721443488
61,0.89,-11.30940792317187,0.006887070077937096,0.44844353503896855
792,0.89,-11.309407976471554,0.006574438288225792,0.4482872191441129
880,0.87,-11.309404851114712,0.024906364880735055,0.4474531824403675
1027,0.89,-11.309408310972849,0.004612405318766832,0.4473062026593834
760,0.89,-11.309408348697032,0.00439113235916011,0.44719556617958006
750,0.89,-11.309408684719282,0.002420178148895502,0.44621008907444776
635,0.89,-11.309408691440897,0.0023807521938579157,0.44619037609692896
987,0.89,-11.309408734936529,0.0021256265317788348,0.4460628132658894
488,0.89,-11.309408769792354,0.001921178074553609,0.4459605890372768
997,0.89,-11.309408771801888,0.0019093910523224622,0.44595469552616124
660,0.89,-11.309408854463626,0.0014245347556425259,0.44571226737782127
430,0.89,-11.30940898695166,0.0006474200199590996,0.44532371000997956
286,0.89,-11.309408997535904,0.0005853376351296902,0.44529266881756485
145,0.88,-11.309407322299968,0.010411512295831926,0.44520575614791597
162,0.89,-11.309409045234256,0.000305560723063536,0.4451527803615318
590,0.89,-11.30940904659155,0.0002975994430016726,0.44514879972150084
830,0.89,-11.30940906504292,0.00018937207642011344,0.44509468603821006
102,0.89,-11.30940906512113,0.00018891332729253918,0.4450944566636463
570,0.89,-11.30940908606086,6.609036063309759e-05,0.44503304518031656
803,0.89,-11.309409091449355,3.4483891795389354e-05,0.4450172419458977
109,0.89,-11.309409093970013,1.9698869436979294e-05,0.4450098494347185
666,0.89,-11.309409094325853,1.7611673683859408e-05,0.44500880583684194
669,0.89,-11.30940909523556,1.2275733752176166e-05,0.4450061378668761
160,0.89,-11.309409095832198,8.776129106990993e-06,0.4450043880645535
1006,0.89,-11.309409095876644,8.515431545674801e-06,0.44500425771577284
1009,0.89,-11.309409096042009,7.545473636128008e-06,0.44500377273681807
870,0.89,-11.30940909612464,7.060792995616794e-06,0.4450035303964978
1105,0.89,-11.309409096368606,5.6298013078048825e-06,0.4450028149006539
620,0.89,-11.309409096598316,4.282424924895167e-06,0.44500214121246245
1043,0.89,-11.309409096681854,3.7924328353255987e-06,0.44500189621641767
773,0.89,-11.309409096869638,2.690969267860055e-06,0.44500134548463394
618,0.89,-11.30940909711906,1.2279779184609652e-06,0.44500061398895924
503,0.89,-11.30940909713498,1.134598278440535e-06,0.4450005672991392
51,0.89,-11.309409097201732,7.430644473060966e-07,0.44500037153222366
565,0.89,-11.309409097287675,2.3895699996501207e-07,0.4450001194785
359,0.89,-11.309409097299955,1.6692501958459616e-07,0.4450000834625098
718,0.89,-11.30940909730846,1.1704105418175459e-07,0.4450000585205271
443,0.89,-11.309409097311852,9.71485860645771e-08,0.44500004857429304
273,0.89,-11.30940909731283,9.141513146460056e-08,0.44500004570756574
332,0.89,-11.309409097315363,7.655762601643801e-08,0.445000038278813
586,0.89,-11.309409097319708,5.106267053633928e-08,0.4450000255313353
506,0.89,-11.309409097323142,3.092281986027956e-08,0.44500001546140994
640,0.89,-11.309409097323364,2.962769940495491e-08,0.4450000148138497
605,0.89,-11.309409097323464,2.9045622795820236e-08,0.4450000145228114
696,0.89,-11.3094090973236,2.8230715543031693e-08,0.4450000141153578
50,0.89,-11.309409097324284,2.4228938855230808e-08,0.44500001211446943
971,0.89,-11.309409097324888,2.0678271539509296e-08,0.4450000103391358
113,0.89,-11.309409097326435,1.1612428352236748e-08,0.4450000058062142
849,0.89,-11.309409097327194,7.159542292356491e-09,0.44500000357977115
528,0.89,-11.309409097327832,3.41970007866621e-09,0.44500000170985005
902,0.89,-11.309409097328,2.4301698431372643e-09,0.44500000121508493
734,0.89,-11.309409097328038,2.2118911147117615e-09,0.44500000110594556
613,0.89,-11.309409097328066,2.0372681319713593e-09,0.4450000010186341
267,0.89,-11.309409097328311,6.111804395914078e-10,0.4450000003055902
213,0.89,-11.30940909732832,5.529727786779404e-10,0.4450000002764864
227,0.89,-11.309409097328349,3.92901711165905e-10,0.44500000019645086
702,0.89,-11.309409097328356,3.4924596548080444e-10,0.445000000174623
1045,0.89,-11.309409097328365,2.9103830456733704e-10,0.44500000014551916
1098,0.89,-11.309409097328365,2.9103830456733704e-10,0.44500000014551916
1000,0.89,-11.309409097328366,2.764863893389702e-10,0.4450000001382432
529,0.89,-11.30940909732839,1.4551915228366852e-10,0.4450000000727596
926,0.89,-11.309409097328391,1.3096723705530167e-10,0.4450000000654836
1091,0.89,-11.309409097328402,7.275957614183426e-11,0.4450000000363798
801,0.89,-11.30940909732841,1.4551915228366852e-11,0.44500000000727596
27,0.89,-11.309409097328414,0.0,0.445
251,0.89,-11.309409097328414,0.0,0.445
80,0.89,-11.309409097328414,0.0,0.445
582,0.89,-11.309409097328414,0.0,0.445
578,0.89,-11.309409097328414,0.0,0.445
512,0.89,-11.309409097328414,0.0,0.445
515,0.89,-11.309409097328414,0.0,0.445
100,0.89,-11.309409097328414,0.0,0.445
455,0.89,-11.309409097328414,0.0,0.445
460,0.89,-11.309409097328414,0.0,0.445
112,0.89,-11.309409097328414,0.0,0.445
487,0.89,-11.309409097328414,0.0,0.445
103,0.89,-11.309409097328414,0.0,0.445
980,0.89,-11.309409097328414,0.0,0.445
721,0.89,-11.309409097328414,0.0,0.445
933,0.89,-11.309409097328414,0.0,0.445
372,0.89,-11.309409097328414,0.0,0.445
370,0.89,-11.309409097328414,0.0,0.445
379,0.89,-11.309409097328414,0.0,0.445
385,0.89,-11.309409097328414,0.0,0.445
824,0.89,-11.309409097328414,0.0,0.445
855,0.89,-11.309409097328414,0.0,0.445
807,0.89,-11.309409097328414,0.0,0.445
148,0.89,-11.309409097328414,0.0,0.445
481,0.89,-11.309409097328414,0.0,0.445
198,0.89,-11.309409097328414,0.0,0.445
794,0.89,-11.309409097328414,0.0,0.445
461,0.89,-11.309409097328414,0.0,0.445
188,0.89,-11.309409097328414,0.0,0.445
814,0.89,-11.309409097328414,0.0,0.445
294,0.89,-11.309409097328414,0.0,0.445
1014,0.89,-11.309409097328414,0.0,0.445
333,0.89,-11.309409097328414,0.0,0.445
594,0.89,-11.309409097328414,0.0,0.445
7,0.89,-11.309409097328414,0.0,0.445
1034,0.89,-11.309409097328414,0.0,0.445
1061,0.89,-11.309409097328414,0.0,0.445
124,0.89,-11.309409097328414,0.0,0.445
232,0.89,-11.309409097328414,0.0,0.445
231,0.89,-11.309409097328414,0.0,0.445
238,0.89,-11.309409097328414,0.0,0.445
239,0.89,-11.309409097328414,0.0,0.445
399,0.89,-11.309409097328414,0.0,0.445
397,0.89,-11.309409097328414,0.0,0.445
391,0.89,-11.309409097328414,0.0,0.445
263,0.89,-11.309409097328414,0.0,0.445
740,0.89,-11.309409097328414,0.0,0.445
690,0.89,-11.309409097328414,0.0,0.445
1052,0.89,-11.309409097328414,0.0,0.445
34,0.89,-11.309409097328414,0.0,0.445
285,0.89,-11.309409097328414,0.0,0.445
649,0.89,-11.309409097328414,0.0,0.445
1029,0.89,-11.309409097328414,0.0,0.445
269,0.89,-11.309409097328414,0.0,0.445
840,0.89,-11.309409097328414,0.0,0.445
905,0.89,-11.309409097328414,0.0,0.445
1087,0.89,-11.309409097328414,0.0,0.445
1018,0.89,-11.309409097328414,0.0,0.445
686,0.89,-11.309409097328414,0.0,0.445
144,0.89,-11.309409097328414,0.0,0.445
671,0.89,-11.309409097328414,0.0,0.445
625,0.89,-11.309409097328414,0.0,0.445
1067,0.89,-11.309409097328414,0.0,0.445
731,0.89,-11.309409097328414,0.0,0.445
742,0.89,-11.309409097328414,0.0,0.445
542,0.89,-11.309409097328414,0.0,0.445
1071,0.89,-11.309409097328414,0.0,0.445
37,0.89,-11.309409097328414,0.0,0.445
321,0.89,-11.309409097328414,0.0,0.445
962,0.89,-11.309409097328414,0.0,0.445
549,0.87,-11.309406906740971,0.012848993006628007,0.441424496503314
670,0.87,-11.30940701065282,0.012239493211382069,0.44111974660569103
174,0.87,-11.309407081662249,0.011822984073660336,0.44091149203683017
888,0.88,-11.30940883854068,0.0015179315523710102,0.4407589657761855
47,0.83,-11.30940040412353,0.05099039945343975,0.44049519972671985
911,0.87,-11.309407238259029,0.010904458351433277,0.44045222917571664
480,0.88,-11.309409078963556,0.00010771994129754603,0.4400538599706488
138,0.88,-11.309409080446285,9.902291640173644e-05,0.44004951145820087
270,0.88,-11.3094090853521,7.02476390870288e-05,0.4400351238195435
538,0.88,-11.309409088543886,5.15260617248714e-05,0.44002576303086244
212,0.88,-11.309409093339056,2.3399770725518465e-05,0.44001169988536276
350,0.88,-11.309409095762174,9.186856914311647e-06,0.44000459342845716
445,0.88,-11.30940909643074,5.265348590910435e-06,0.44000263267429546
953,0.88,-11.309409096769285,3.2796087907627225e-06,0.4400016398043954
448,0.88,-11.309409097004002,1.9028520910069346e-06,0.4400009514260455
726,0.88,-11.309409097094822,1.3701501302421093e-06,0.4400006850750651
6,0.88,-11.309409097144217,1.0804214980453253e-06,0.440000540210749
184,0.88,-11.309409097252738,4.438770702108741e-07,0.4400002219385351
190,0.88,-11.30940909727284,3.2597745303064585e-07,0.4400001629887265
437,0.88,-11.30940909728681,2.440356183797121e-07,0.4400001220178092
121,0.88,-11.309409097322591,3.4153345040977e-08,0.4400000170766725
788,0.88,-11.309409097322606,3.40660335496068e-08,0.4400000170330168
653,0.88,-11.309409097325814,1.525040715932846e-08,0.4400000076252036
555,0.88,-11.309409097327514,5.282345227897167e-09,0.4400000026411726
401,0.88,-11.309409097328102,1.8335413187742233e-09,0.44000000091677066
1101,0.88,-11.309409097328343,4.220055416226387e-10,0.4400000002110028
78,0.88,-11.309409097328365,2.9103830456733704e-10,0.44000000014551915
56,0.88,-11.309409097328382,1.8917489796876907e-10,0.44000000009458745
737,0.88,-11.309409097328407,4.3655745685100555e-11,0.4400000000218279
663,0.88,-11.309409097328412,1.4551915228366852e-11,0.44000000000727596
634,0.88,-11.309409097328412,1.4551915228366852e-11,0.44000000000727596
258,0.88,-11.309409097328414,0.0,0.44
457,0.88,-11.309409097328414,0.0,0.44
13,0.88,-11.309409097328414,0.0,0.44
447,0.88,-11.309409097328414,0.0,0.44
748,0.88,-11.309409097328414,0.0,0.44
357,0.88,-11.309409097328414,0.0,0.44
982,0.88,-11.309409097328414,0.0,0.44
484,0.88,-11.309409097328414,0.0,0.44
58,0.88,-11.309409097328414,0.0,0.44
745,0.88,-11.309409097328414,0.0,0.44
1097,0.88,-11.309409097328414,0.0,0.44
574,0.88,-11.309409097328414,0.0,0.44
498,0.88,-11.309409097328414,0.0,0.44
738,0.88,-11.309409097328414,0.0,0.44
869,0.88,-11.309409097328414,0.0,0.44
10,0.88,-11.309409097328414,0.0,0.44
617,0.87,-11.30940778088093,0.007721684232819825,0.4388608421164099
739,0.87,-11.309407884857803,0.007111803031875752,0.4385559015159379
1033,0.87,-11.309408181959023,0.00536914193071425,0.4376845709653571
632,0.87,-11.309408249317457,0.004974047900759615,0.4374870239503798
511,0.87,-11.30940837228326,0.004252786238794215,0.4371263931193971
367,0.87,-11.309408388294663,0.004158870593528263,0.43707943529676413
621,0.87,-11.309408392084489,0.004136641204240732,0.43706832060212036
659,0.87,-11.30940840355868,0.004069338800036348,0.43703466940001817
1072,0.87,-11.309408552353576,0.0031965753878466785,0.43659828769392334
692,0.87,-11.30940862213514,0.0027872683567693457,0.43639363417838467
978,0.87,-11.30940863991095,0.0026830035058083013,0.43634150175290415
131,0.87,-11.309408791772862,0.0017922503757290542,0.4358961251878645
597,0.87,-11.309408810662603,0.001681451714830473,0.43584072585741523
556,0.87,-11.309408838112445,0.001520443387562409,0.4357602216937812
328,0.87,-11.309408865903666,0.001357432673103176,0.4356787163365516
1119,0.87,-11.309408883035855,0.0012569430109579116,0.43562847150547895
125,0.87,-11.309408905359264,0.0011260040191700682,0.43556300200958503
264,0.87,-11.30940895600325,0.0008289493562188,0.4354144746781094
373,0.87,-11.309408980480669,0.0006853759114164859,0.43534268795570824
908,0.87,-11.30940899921112,0.0005755115707870573,0.4352877557853935
222,0.87,-11.309409034809564,0.0003667072451207787,0.4351833536225604
351,0.87,-11.309409049376526,0.00028126404504291713,0.43514063202252146
348,0.87,-11.309409050979506,0.0002718616888159886,0.435135930844408
473,0.87,-11.309409052534058,0.0002627433859743178,0.43513137169298716
149,0.87,-11.309409062207337,0.0002060043188976124,0.4351030021594488
338,0.87,-11.309409068395585,0.00016970686556305736,0.4350848534327815
5,0.87,-11.309409071199054,0.0001532629830762744,0.43507663149153813
42,0.87,-11.30940907283122,0.00014368943811859936,0.4350718447190593
466,0.87,-11.30940907785331,0.00011423214164096862,0.4350571160708205
89,0.87,-11.30940907825753,0.00011186115443706512,0.43505593057721853
961,0.87,-11.30940907978168,0.00010292118531651795,0.43505146059265826
133,0.87,-11.30940908038514,9.938156290445477e-05,0.4350496907814522
966,0.87,-11.309409080867937,9.654970199335366e-05,0.4350482748509967
522,0.87,-11.309409082131255,8.913964848034084e-05,0.43504456982424017
714,0.87,-11.309409083877194,7.889876724220812e-05,0.4350394493836211
404,0.87,-11.309409088704786,5.0582297262735665e-05,0.43502529114863137
272,0.87,-11.309409089926104,4.341859312262386e-05,0.4350217092965613
975,0.87,-11.309409094610976,1.593926572240889e-05,0.4350079696328612
559,0.87,-11.309409095171,1.2654418242163956e-05,0.4350063272091211
186,0.87,-11.30940909617155,6.785645382478833e-06,0.43500339282269124
808,0.87,-11.30940909632058,5.911497282795608e-06,0.4350029557486414
1124,0.87,-11.309409096446664,5.171939847059548e-06,0.4350025859699235
1074,0.87,-11.309409096754615,3.3656397135928273e-06,0.4350016828198568
946,0.87,-11.309409096782543,3.2018288038671017e-06,0.43500160091440193
271,0.87,-11.309409096833264,2.9043294489383698e-06,0.43500145216472447
568,0.87,-11.30940909687547,2.656772267073393e-06,0.43500132838613353
630,0.87,-11.309409096989636,1.987122232094407e-06,0.43500099356111604
683,0.87,-11.309409097034276,1.725275069475174e-06,0.43500086263753474
859,0.87,-11.309409097132624,1.1484225979074836e-06,0.43500057421129895
167,0.87,-11.309409097140664,1.1012598406523466e-06,0.4350005506299203
943,0.87,-11.309409097155877,1.012027496472001e-06,0.43500050601374823
1055,0.87,-11.3094090971629,9.708310244604945e-07,0.43500048541551223
784,0.87,-11.309409097163185,9.691575542092323e-07,0.4350004845787771
789,0.87,-11.309409097194823,7.835915312170982e-07,0.4350003917957656
1047,0.87,-11.30940909722186,6.250047590583563e-07,0.4350003125023795
842,0.87,-11.30940909725097,4.5425258576869965e-07,0.4350002271262929
552,0.87,-11.3094090972607,3.9717997424304485e-07,0.4350001985899871
628,0.87,-11.309409097261703,3.9130100049078465e-07,0.43500019565050024
711,0.87,-11.30940909728077,2.79454980045557e-07,0.43500013972749
772,0.87,-11.309409097293564,2.0441075321286917e-07,0.4350001022053766
722,0.87,-11.30940909729687,1.8502760212868452e-07,0.43500009251380106
403,0.87,-11.309409097301064,1.6042031347751617e-07,0.43500008021015674
438,0.87,-11.309409097313264,8.886854629963636e-08,0.43500004443427315
716,0.87,-11.30940909731784,6.202026270329952e-08,0.43500003101013135
901,0.87,-11.309409097319442,5.26342773810029e-08,0.4350000263171387
825,0.87,-11.309409097319774,5.0684320740401745e-08,0.43500002534216037
886,0.87,-11.309409097319817,5.043693818151951e-08,0.4350000252184691
957,0.87,-11.309409097320902,4.406319931149483e-08,0.43500002203159965
548,0.87,-11.309409097322591,3.4153345040977e-08,0.4350000170766725
84,0.87,-11.309409097324062,2.5524059310555458e-08,0.43500001276202965
695,0.87,-11.309409097324398,2.3559550754725933e-08,0.4350000117797754
561,0.87,-11.309409097325243,1.8597347661852837e-08,0.43500000929867383
1002,0.87,-11.30940909732581,1.5279510989785194e-08,0.4350000076397555
335,0.87,-11.309409097326302,1.2383679859340191e-08,0.4350000061918399
607,0.87,-11.309409097328038,2.2118911147117615e-09,0.43500000110594556
681,0.87,-11.309409097328182,1.367880031466484e-09,0.43500000068394
899,0.87,-11.309409097328189,1.3242242857813835e-09,0.43500000066211214
629,0.87,-11.309409097328263,8.87666828930378e-10,0.4350000004438334
689,0.87,-11.309409097328322,5.384208634495735e-10,0.43500000026921043
1090,0.87,-11.309409097328333,4.802132025361061e-10,0.4350000002401066
107,0.87,-11.30940909732836,3.2014213502407074e-10,0.43500000016007107
713,0.87,-11.309409097328396,1.0186340659856796e-10,0.4350000000509317
151,0.87,-11.3094090973284,8.731149137020111e-11,0.43500000004365574
334,0.87,-11.309409097328404,5.820766091346741e-11,0.43500000002910383
1036,0.87,-11.309409097328407,4.3655745685100555e-11,0.43500000002182787
90,0.87,-11.309409097328407,4.3655745685100555e-11,0.43500000002182787
93,0.87,-11.309409097328407,4.3655745685100555e-11,0.43500000002182787
157,0.87,-11.30940909732841,1.4551915228366852e-11,0.43500000000727596
604,0.87,-11.309409097328412,1.4551915228366852e-11,0.43500000000727596
402,0.87,-11.309409097328414,0.0,0.435
514,0.87,-11.309409097328414,0.0,0.435
330,0.87,-11.309409097328414,0.0,0.435
977,0.87,-11.309409097328414,0.0,0.435
876,0.87,-11.309409097328414,0.0,0.435
508,0.87,-11.309409097328414,0.0,0.435
111,0.87,-11.309409097328414,0.0,0.435
360,0.87,-11.309409097328414,0.0,0.435
732,0.87,-11.309409097328414,0.0,0.435
970,0.87,-11.309409097328414,0.0,0.435
744,0.87,-11.309409097328414,0.0,0.435
337,0.87,-11.309409097328414,0.0,0.435
767,0.87,-11.309409097328414,0.0,0.435
768,0.87,-11.309409097328414,0.0,0.435
843,0.87,-11.309409097328414,0.0,0.435
250,0.87,-11.309409097328414,0.0,0.435
105,0.87,-11.309409097328414,0.0,0.435
958,0.87,-11.309409097328414,0.0,0.435
872,0.87,-11.309409097328414,0.0,0.435
352,0.87,-11.309409097328414,0.0,0.435
875,0.87,-11.309409097328414,0.0,0.435
349,0.87,-11.309409097328414,0.0,0.435
501,0.87,-11.309409097328414,0.0,0.435
764,0.87,-11.309409097328414,0.0,0.435
800,0.87,-11.309409097328414,0.0,0.435
540,0.87,-11.309409097328414,0.0,0.435
477,0.87,-11.309409097328414,0.0,0.435
163,0.87,-11.309409097328414,0.0,0.435
1118,0.87,-11.309409097328414,0.0,0.435
1106,0.87,-11.309409097328414,0.0,0.435
8,0.87,-11.309409097328414,0.0,0.435
11,0.87,-11.309409097328414,0.0,0.435
566,0.87,-11.309409097328414,0.0,0.435
569,0.87,-11.309409097328414,0.0,0.435
656,0.87,-11.309409097328414,0.0,0.435
575,0.87,-11.309409097328414,0.0,0.435
676,0.87,-11.309409097328414,0.0,0.435
130,0.87,-11.309409097328414,0.0,0.435
598,0.87,-11.309409097328414,0.0,0.435
603,0.87,-11.309409097328414,0.0,0.435
674,0.87,-11.309409097328414,0.0,0.435
694,0.87,-11.309409097328414,0.0,0.435
368,0.87,-11.309409097328414,0.0,0.435
369,0.87,-11.309409097328414,0.0,0.435
541,0.87,-11.309409097328414,0.0,0.435
712,0.87,-11.309409097328414,0.0,0.435
199,0.87,-11.309409097328414,0.0,0.435
205,0.87,-11.309409097328414,0.0,0.435
921,0.87,-11.309409097328414,0.0,0.435
922,0.87,-11.309409097328414,0.0,0.435
898,0.87,-11.309409097328414,0.0,0.435
652,0.87,-11.309409097328414,0.0,0.435
643,0.87,-11.309409097328414,0.0,0.435
724,0.87,-11.309409097328414,0.0,0.435
553,0.87,-11.309409097328414,0.0,0.435
550,0.87,-11.309409097328414,0.0,0.435
296,0.87,-11.309409097328414,0.0,0.435
662,0.87,-11.309409097328414,0.0,0.435
152,0.87,-11.309409097328414,0.0,0.435
156,0.87,-11.309409097328414,0.0,0.435
432,0.87,-11.309409097328414,0.0,0.435
85,0.87,-11.309409097328414,0.0,0.435
509,0.87,-11.309409097328414,0.0,0.435
968,0.87,-11.309409097328414,0.0,0.435
964,0.87,-11.309409097328414,0.0,0.435
967,0.87,-11.309409097328414,0.0,0.435
698,0.87,-11.309409097328414,0.0,0.435
658,0.87,-11.309409097328414,0.0,0.435
990,0.87,-11.309409097328414,0.0,0.435
996,0.87,-11.309409097328414,0.0,0.435
983,0.87,-11.309409097328414,0.0,0.435
530,0.87,-11.309409097328414,0.0,0.435
536,0.87,-11.309409097328414,0.0,0.435
531,0.87,-11.309409097328414,0.0,0.435
945,0.87,-11.309409097328414,0.0,0.435
495,0.87,-11.309409097328414,0.0,0.435
715,0.87,-11.309409097328414,0.0,0.435
931,0.87,-11.309409097328414,0.0,0.435
932,0.87,-11.309409097328414,0.0,0.435
929,0.87,-11.309409097328414,0.0,0.435
1003,0.87,-11.309409097328414,0.0,0.435
999,0.87,-11.309409097328414,0.0,0.435
304,0.87,-11.309409097328414,0.0,0.435
324,0.87,-11.309409097328414,0.0,0.435
134,0.87,-11.309409097328414,0.0,0.435
688,0.87,-11.309409097328414,0.0,0.435
378,0.87,-11.309409097328414,0.0,0.435
381,0.87,-11.309409097328414,0.0,0.435
952,0.87,-11.309409097328414,0.0,0.435
954,0.87,-11.309409097328414,0.0,0.435
951,0.87,-11.309409097328414,0.0,0.435
918,0.87,-11.309409097328414,0.0,0.435
233,0.87,-11.309409097328414,0.0,0.435
229,0.87,-11.309409097328414,0.0,0.435
799,0.87,-11.309409097328414,0.0,0.435
819,0.87,-11.309409097328414,0.0,0.435
816,0.87,-11.309409097328414,0.0,0.435
414,0.87,-11.309409097328414,0.0,0.435
841,0.87,-11.309409097328414,0.0,0.435
23,0.87,-11.309409097328414,0.0,0.435
826,0.87,-11.309409097328414,0.0,0.435
823,0.87,-11.309409097328414,0.0,0.435
428,0.87,-11.309409097328414,0.0,0.435
424,0.87,-11.309409097328414,0.0,0.435
422,0.87,-11.309409097328414,0.0,0.435
834,0.87,-11.309409097328414,0.0,0.435
1041,0.87,-11.309409097328414,0.0,0.435
677,0.87,-11.309409097328414,0.0,0.435
700,0.87,-11.309409097328414,0.0,0.435
547,0.87,-11.309409097328414,0.0,0.435
697,0.87,-11.309409097328414,0.0,0.435
49,0.87,-11.309409097328414,0.0,0.435
984,0.87,-11.309409097328414,0.0,0.435
785,0.87,-11.309409097328414,0.0,0.435
412,0.87,-11.309409097328414,0.0,0.435
818,0.87,-11.309409097328414,0.0,0.435
442,0.87,-11.309409097328414,0.0,0.435
415,0.87,-11.309409097328414,0.0,0.435
1056,0.87,-11.309409097328414,0.0,0.435
409,0.87,-11.309409097328414,0.0,0.435
245,0.87,-11.309409097328414,0.0,0.435
684,0.87,-11.309409097328414,0.0,0.435
685,0.87,-11.309409097328414,0.0,0.435
1048,0.87,-11.309409097328414,0.0,0.435
923,0.87,-11.309409097328414,0.0,0.435
388,0.87,-11.309409097328414,0.0,0.435
389,0.87,-11.309409097328414,0.0,0.435
860,0.87,-11.309409097328414,0.0,0.435
1081,0.87,-11.309409097328414,0.0,0.435
904,0.87,-11.309409097328414,0.0,0.435
828,0.87,-11.309409097328414,0.0,0.435
1064,0.87,-11.309409097328414,0.0,0.435
810,0.82,-11.309401036782024,0.04727951149106957,0.43363975574553476
624,0.85,-11.309406392554438,0.015864978151512332,0.43293248907575616
62,0.82,-11.309401533085822,0.04436841838469263,0.4321842091923463
857,0.86,-11.309408869084804,0.001338773567113094,0.43066938678355654
1022,0.86,-11.309408921927304,0.0010288234043400735,0.43051441170217003
452,0.86,-11.309409013417405,0.0004921839426970109,0.4302460919713485
454,0.86,-11.309409042138457,0.00032371927227359265,0.4301618596361368
614,0.86,-11.309409044654524,0.00030896117095835507,0.43015448058547917
478,0.86,-11.30940904741604,0.0002927633613580838,0.43014638168067904
141,0.86,-11.30940905979059,0.00022017986339051276,0.43011008993169525
942,0.86,-11.309409078283348,0.00011170972720719874,0.4300558548636036
74,0.86,-11.309409078298838,0.00011161886504851282,0.43005580943252425
88,0.86,-11.309409084862232,7.312097295653075e-05,0.43003656048647826
467,0.86,-11.309409085820713,6.749895692337304e-05,0.4300337494784617
910,0.86,-11.30940908766152,5.670162499882281e-05,0.4300283508124994
507,0.86,-11.309409089858562,4.381476901471615e-05,0.43002190738450735
813,0.86,-11.309409090535096,3.984651993960142e-05,0.4300199232599698
413,0.86,-11.309409092771103,2.673112612683326e-05,0.4300133655630634
76,0.86,-11.309409096475555,5.002482794225216e-06,0.4300025012413971
154,0.86,-11.309409096777353,3.232271410524845e-06,0.43000161613570526
500,0.86,-11.309409096920277,2.393950126133859e-06,0.43000119697506306
1049,0.86,-11.309409096999362,1.930078724399209e-06,0.4300009650393622
147,0.86,-11.309409097049455,1.6362464521080256e-06,0.43000081812322605
903,0.86,-11.309409097160891,9.826180757954717e-07,0.4300004913090379
991,0.86,-11.309409097207448,7.095368346199393e-07,0.4300003547684173
135,0.86,-11.309409097209915,6.950576789677143e-07,0.4300003475288395
976,0.86,-11.309409097251285,4.5240449253469706e-07,0.43000022620224626
155,0.86,-11.309409097278028,2.9554939828813076e-07,0.43000014777469914
516,0.86,-11.309409097279048,2.89568561129272e-07,0.43000014478428056
139,0.86,-11.309409097311176,1.0110670700669289e-07,0.4300000505533535
340,0.86,-11.30940909731348,8.760252967476845e-08,0.43000004380126483
165,0.86,-11.309409097317245,6.551272235810757e-08,0.4300000327563612
172,0.86,-11.30940909732089,4.413595888763666e-08,0.43000002206797944
884,0.86,-11.30940909732345,2.911838237196207e-08,0.4300000145591912
705,0.86,-11.309409097326084,1.3664248399436474e-08,0.4300000068321242
396,0.86,-11.309409097326093,1.3620592653751373e-08,0.4300000068102963
216,0.86,-11.309409097327572,4.933099262416363e-09,0.4300000024665496
927,0.86,-11.309409097327665,4.394678398966789e-09,0.4300000021973392
610,0.86,-11.309409097327826,3.448803909122944e-09,0.43000000172440195
410,0.86,-11.309409097328295,6.984919309616089e-10,0.43000000034924596
380,0.86,-11.30940909732836,3.2014213502407074e-10,0.43000000016007106
661,0.86,-11.309409097328386,1.7462298274040222e-10,0.4300000000873115
619,0.86,-11.309409097328396,1.0186340659856796e-10,0.4300000000509317
770,0.86,-11.3094090973284,8.731149137020111e-11,0.43000000004365574
882,0.86,-11.309409097328407,4.3655745685100555e-11,0.43000000002182787
208,0.86,-11.309409097328412,1.4551915228366852e-11,0.43000000000727595
591,0.86,-11.309409097328414,0.0,0.43
419,0.86,-11.309409097328414,0.0,0.43
805,0.86,-11.309409097328414,0.0,0.43
720,0.86,-11.309409097328414,0.0,0.43
848,0.86,-11.309409097328414,0.0,0.43
654,0.86,-11.309409097328414,0.0,0.43
601,0.86,-11.309409097328414,0.0,0.43
972,0.86,-11.309409097328414,0.0,0.43
651,0.86,-11.309409097328414,0.0,0.43
727,0.86,-11.309409097328414,0.0,0.43
947,0.86,-11.309409097328414,0.0,0.43
675,0.86,-11.309409097328414,0.0,0.43
925,0.86,-11.309409097328414,0.0,0.43
928,0.86,-11.309409097328414,0.0,0.43
1030,0.86,-11.309409097328414,0.0,0.43
1021,0.86,-11.309409097328414,0.0,0.43
743,0.86,-11.309409097328414,0.0,0.43
543,0.86,-11.309409097328414,0.0,0.43
164,0.86,-11.309409097328414,0.0,0.43
491,0.86,-11.309409097328414,0.0,0.43
470,0.86,-11.309409097328414,0.0,0.43
16,0.86,-11.309409097328414,0.0,0.43
3,0.86,-11.309409097328414,0.0,0.43
938,0.86,-11.309409097328414,0.0,0.43
1065,0.86,-11.309409097328414,0.0,0.43
930,0.86,-11.309409097328414,0.0,0.43
344,0.86,-11.309409097328414,0.0,0.43
1035,0.86,-11.309409097328414,0.0,0.43
699,0.86,-11.309409097328414,0.0,0.43
913,0.86,-11.309409097328414,0.0,0.43
136,0.86,-11.309409097328414,0.0,0.43
896,0.86,-11.309409097328414,0.0,0.43
476,0.86,-11.309409097328414,0.0,0.43
758,0.86,-11.309409097328414,0.0,0.43
1075,0.86,-11.309409097328414,0.0,0.43
192,0.86,-11.309409097328414,0.0,0.43
441,0.86,-11.309409097328414,0.0,0.43
851,0.86,-11.309409097328414,0.0,0.43
79,0.86,-11.309409097328414,0.0,0.43
313,0.86,-11.309409097328414,0.0,0.43
637,0.86,-11.309409097328414,0.0,0.43
395,0.86,-11.309409097328414,0.0,0.43
636,0.86,-11.309409097328414,0.0,0.43
865,0.86,-11.309409097328414,0.0,0.43
822,0.86,-11.309409097328414,0.0,0.43
757,0.86,-11.309409097328414,0.0,0.43
462,0.86,-11.309409097328414,0.0,0.43
959,0.86,-11.309409097328414,0.0,0.43
780,0.86,-11.309409097328414,0.0,0.43
1001,0.86,-11.309409097328414,0.0,0.43
299,0.86,-11.309409097328414,0.0,0.43
917,0.86,-11.309409097328414,0.0,0.43
883,0.86,-11.309409097328414,0.0,0.43
431,0.86,-11.309409097328414,0.0,0.43
790,0.86,-11.309409097328414,0.0,0.43
894,0.86,-11.309409097328414,0.0,0.43
418,0.86,-11.309409097328414,0.0,0.43
845,0.86,-11.309409097328414,0.0,0.43
1051,0.86,-11.309409097328414,0.0,0.43
655,0.86,-11.309409097328414,0.0,0.43
581,0.86,-11.309409097328414,0.0,0.43
211,0.86,-11.309409097328414,0.0,0.43
279,0.86,-11.309409097328414,0.0,0.43
878,0.86,-11.309409097328414,0.0,0.43
128,0.86,-11.309409097328414,0.0,0.43
1059,0.86,-11.309409097328414,0.0,0.43
254,0.86,-11.309409097328414,0.0,0.43
544,0.86,-11.309409097328414,0.0,0.43
829,0.86,-11.309409097328414,0.0,0.43
408,0.85,-11.309407725141826,0.008048624556977302,0.42902431227848864
935,0.84,-11.309406081535764,0.01768927270313725,0.4288446363515686
1037,0.85,-11.309408403246826,0.004071167990332469,0.4270355839951662
314,0.85,-11.309408450915846,0.00379156312556006,0.42689578156278
366,0.85,-11.30940858191662,0.0030231719720177352,0.42651158598600886
1007,0.85,-11.309408599260513,0.0029214405512902886,0.42646072027564513
797,0.85,-11.309408941858454,0.0009119163150899112,0.42545595815754494
893,0.85,-11.309409096751876,3.3817050280049443e-06,0.425001690852514
806,0.85,-11.30940909714366,1.0836811270564795e-06,0.4250005418405635
31,0.85,-11.309409097309802,1.0916846804320812e-07,0.425000054584234
778,0.85,-11.309409097327585,4.8603396862745285e-09,0.42500000243016983
237,0.85,-11.30940909732782,3.4924596548080444e-09,0.4250000017462298
312,0.85,-11.309409097328302,6.548361852765083e-10,0.4250000003274181
781,0.85,-11.309409097328407,4.3655745685100555e-11,0.42500000002182786
224,0.85,-11.30940909732841,1.4551915228366852e-11,0.42500000000727595
777,0.85,-11.309409097328414,0.0,0.425
471,0.85,-11.309409097328414,0.0,0.425
754,0.85,-11.309409097328414,0.0,0.425
1121,0.85,-11.309409097328414,0.0,0.425
407,0.85,-11.309409097328414,0.0,0.425
289,0.85,-11.309409097328414,0.0,0.425
993,0.85,-11.309409097328414,0.0,0.425
1099,0.85,-11.309409097328414,0.0,0.425
12,0.85,-11.309409097328414,0.0,0.425
866,0.85,-11.309409097328414,0.0,0.425
915,0.85,-11.309409097328414,0.0,0.425
934,0.85,-11.309409097328414,0.0,0.425
293,0.85,-11.309409097328414,0.0,0.425
771,0.85,-11.309409097328414,0.0,0.425
1038,0.85,-11.309409097328414,0.0,0.425
626,0.85,-11.309409097328414,0.0,0.425
940,0.85,-11.309409097328414,0.0,0.425
706,0.85,-11.309409097328414,0.0,0.425
517,0.85,-11.309409097328414,0.0,0.425
260,0.85,-11.309409097328414,0.0,0.425
657,0.85,-11.309409097328414,0.0,0.425
924,0.85,-11.309409097328414,0.0,0.425
505,0.85,-11.309409097328414,0.0,0.425
836,0.85,-11.309409097328414,0.0,0.425
306,0.85,-11.309409097328414,0.0,0.425
891,0.85,-11.309409097328414,0.0,0.425
1082,0.85,-11.309409097328414,0.0,0.425
398,0.8,-11.309401330699616,0.045555524120572954,0.4227777620602865
346,0.81,-11.309403752854704,0.03134826027962845,0.42067413013981425
995,0.84,-11.309408961478445,0.000796834341599606,0.4203984171707998
775,0.84,-11.3094090413572,0.00032830177224241197,0.4201641508861212
1069,0.84,-11.309409079326873,0.00010558888607192785,0.42005279444303595
440,0.84,-11.309409097032692,1.7345737433061004e-06,0.42000086728687164
420,0.84,-11.309409097327167,7.3196133598685265e-09,0.42000000365980666
1066,0.84,-11.309409097328414,0.0,0.42
339,0.84,-11.309409097328414,0.0,0.42
234,0.84,-11.309409097328414,0.0,0.42
852,0.84,-11.309409097328414,0.0,0.42
1050,0.84,-11.309409097328414,0.0,0.42
355,0.83,-11.309409069341172,0.00016416047583334148,0.41508208023791665
1095,0.83,-11.309409094799411,1.4833989553153515e-05,0.41500741699477656
181,0.83,-11.30940909590038,8.376198820769787e-06,0.41500418809941036
474,0.83,-11.30940909640241,5.431516910903156e-06,0.41500271575845543
266,0.83,-11.309409097328286,7.566995918750763e-10,0.4150000003783498
707,0.83,-11.309409097328414,0.0,0.415
305,0.83,-11.309409097328414,0.0,0.415
19,0.83,-11.309409097328414,0.0,0.415
434,0.83,-11.309409097328414,0.0,0.415
786,0.83,-11.309409097328414,0.0,0.415
400,0.83,-11.309409097328414,0.0,0.415
551,0.83,-11.309409097328414,0.0,0.415
519,0.83,-11.309409097328414,0.0,0.415
948,0.83,-11.309409097328414,0.0,0.415
120,0.83,-11.309409097328414,0.0,0.415
831,0.83,-11.309409097328414,0.0,0.415
392,0.83,-11.309409097328414,0.0,0.415
189,0.83,-11.309409097328414,0.0,0.415
320,0.81,-11.30940649627812,0.01525658204627689,0.41262829102313847
746,0.82,-11.309408374367209,0.0042405627318657935,0.4121202813659329
546,0.82,-11.309408513425089,0.003424912240006961,0.41171245612000346
204,0.82,-11.30940877336434,0.0019002264161827043,0.4109501132080913
236,0.82,-11.309409083517,8.101150160655379e-05,0.41004050575080325
1005,0.82,-11.309409089009543,4.879472544416785e-05,0.41002439736272206
736,0.82,-11.309409093746716,2.1008614567108452e-05,0.41001050430728353
316,0.82,-11.309409095336788,1.1681971955113113e-05,0.41000584098597753
1,0.82,-11.309409097120382,1.2202217476442456e-06,0.4100006101108738
587,0.82,-11.309409097290574,2.2194581106305122e-07,0.4100001109729055
612,0.82,-11.309409097310745,1.0363874025642872e-07,0.4100000518193701
276,0.82,-11.30940909732103,4.332105163484812e-08,0.4100000216605258
838,0.82,-11.30940909732792,2.8958311304450035e-09,0.41000000144791554
937,0.82,-11.309409097328414,0.0,0.41
557,0.82,-11.309409097328414,0.0,0.41
701,0.82,-11.309409097328414,0.0,0.41
673,0.82,-11.309409097328414,0.0,0.41
560,0.82,-11.309409097328414,0.0,0.41
268,0.82,-11.309409097328414,0.0,0.41
1028,0.82,-11.309409097328414,0.0,0.41
464,0.82,-11.309409097328414,0.0,0.41
787,0.82,-11.309409097328414,0.0,0.41
206,0.82,-11.309409097328414,0.0,0.41
411,0.82,-11.309409097328414,0.0,0.41
820,0.82,-11.309409097328414,0.0,0.41
648,0.82,-11.309409097328414,0.0,0.41
644,0.82,-11.309409097328414,0.0,0.41
955,0.82,-11.309409097328414,0.0,0.41
678,0.82,-11.309409097328414,0.0,0.41
596,0.82,-11.309409097328414,0.0,0.41
325,0.82,-11.309409097328414,0.0,0.41
584,0.82,-11.309409097328414,0.0,0.41
687,0.82,-11.309409097328414,0.0,0.41
887,0.82,-11.309409097328414,0.0,0.41
196,0.82,-11.309409097328414,0.0,0.41
201,0.82,-11.309409097328414,0.0,0.41
393,0.82,-11.309409097328414,0.0,0.41
1092,0.82,-11.309409097328414,0.0,0.41
616,0.82,-11.309409097328414,0.0,0.41
753,0.82,-11.309409097328414,0.0,0.41
98,0.82,-11.309409097328414,0.0,0.41
436,0.82,-11.309409097328414,0.0,0.41
99,0.82,-11.309409097328414,0.0,0.41
489,0.82,-11.309409097328414,0.0,0.41
762,0.82,-11.309409097328414,0.0,0.41
850,0.82,-11.309409097328414,0.0,0.41
960,0.82,-11.309409097328414,0.0,0.41
963,0.82,-11.309409097328414,0.0,0.41
423,0.82,-11.309409097328414,0.0,0.41
874,0.82,-11.309409097328414,0.0,0.41
83,0.82,-11.309409097328414,0.0,0.41
873,0.82,-11.309409097328414,0.0,0.41
394,0.81,-11.309408320968153,0.0045537773839896545,0.40727688869199485
158,0.81,-11.309408372390449,0.004252157508744858,0.40712607875437246
812,0.81,-11.309408773833836,0.0018974725680891424,0.4059487362840446
1046,0.79,-11.30940536948018,0.021865868009626865,0.40593293400481345
1104,0.81,-11.309409027413944,0.00041008659172803164,0.40520504329586404
611,0.81,-11.309409063352032,0.00019929006521124393,0.40509964503260565
450,0.81,-11.309409081422457,9.329713066108525e-05,0.40504664856533057
383,0.81,-11.309409092275745,2.9636663384735584e-05,0.4050148183316924
365,0.81,-11.309409092814777,2.647495421115309e-05,0.4050132374771056
425,0.81,-11.309409093370276,2.3216649424284697e-05,0.40501160832471217
32,0.81,-11.30940909428277,1.7864367691799998e-05,0.4050089321838459
309,0.81,-11.309409096587812,4.344037733972073e-06,0.405002172018867
345,0.81,-11.309409096880929,2.6247435016557574e-06,0.40500131237175085
664,0.81,-11.30940909703463,1.7232086975127459e-06,0.4050008616043488
835,0.81,-11.309409097272273,3.2930984161794186e-07,0.40500016465492084
973,0.81,-11.309409097319092,5.468609742820263e-08,0.40500002734304874
207,0.81,-11.309409097325783,1.5425030142068863e-08,0.4050000077125151
456,0.81,-11.309409097326864,9.094947017729282e-09,0.40500000454747354
28,0.81,-11.309409097327274,6.693881005048752e-09,0.40500000334694053
91,0.81,-11.30940909732837,2.6193447411060333e-10,0.40500000013096726
300,0.81,-11.309409097328396,1.0186340659856796e-10,0.40500000005093173
1076,0.81,-11.309409097328396,1.0186340659856796e-10,0.40500000005093173
14,0.81,-11.309409097328402,7.275957614183426e-11,0.4050000000363798
833,0.81,-11.309409097328414,0.0,0.405
1073,0.81,-11.309409097328414,0.0,0.405
965,0.81,-11.309409097328414,0.0,0.405
2,0.81,-11.309409097328414,0.0,0.405
308,0.81,-11.309409097328414,0.0,0.405
122,0.81,-11.309409097328414,0.0,0.405
1084,0.81,-11.309409097328414,0.0,0.405
1085,0.81,-11.309409097328414,0.0,0.405
203,0.81,-11.309409097328414,0.0,0.405
219,0.81,-11.309409097328414,0.0,0.405
446,0.81,-11.309409097328414,0.0,0.405
759,0.81,-11.309409097328414,0.0,0.405
821,0.81,-11.309409097328414,0.0,0.405
846,0.81,-11.309409097328414,0.0,0.405
290,0.81,-11.309409097328414,0.0,0.405
793,0.81,-11.309409097328414,0.0,0.405
916,0.81,-11.309409097328414,0.0,0.405
723,0.81,-11.309409097328414,0.0,0.405
725,0.81,-11.309409097328414,0.0,0.405
486,0.81,-11.309409097328414,0.0,0.405
150,0.81,-11.309409097328414,0.0,0.405
492,0.81,-11.309409097328414,0.0,0.405
496,0.81,-11.309409097328414,0.0,0.405
363,0.81,-11.309409097328414,0.0,0.405
609,0.81,-11.309409097328414,0.0,0.405
343,0.81,-11.309409097328414,0.0,0.405
627,0.81,-11.309409097328414,0.0,0.405
667,0.81,-11.309409097328414,0.0,0.405
0,0.81,-11.309409097328414,0.0,0.405
647,0.77,-11.30940393815404,0.030261378371505998,0.400130689185753
602,0.8,-11.309409083663231,8.015376806724817e-05,0.40004007688403365
593,0.8,-11.309409093512343,2.2383348550647497e-05,0.40001119167427535
765,0.8,-11.309409095504249,1.0699732229113579e-05,0.4000053498661146
974,0.8,-11.309409097283694,2.6231282390654087e-07,0.400000131156412
173,0.8,-11.3094090973157,7.457856554538012e-08,0.4000000372892828
728,0.8,-11.309409097328304,6.402842700481415e-10,0.40000000032014216
774,0.8,-11.309409097328375,2.3283064365386963e-10,0.40000000011641534
956,0.8,-11.309409097328384,1.7462298274040222e-10,0.4000000000873115
82,0.8,-11.309409097328407,4.3655745685100555e-11,0.4000000000218279
187,0.8,-11.309409097328407,4.3655745685100555e-11,0.4000000000218279
672,0.8,-11.309409097328414,0.0,0.4
252,0.8,-11.309409097328414,0.0,0.4
97,0.8,-11.309409097328414,0.0,0.4
87,0.8,-11.309409097328414,0.0,0.4
1012,0.8,-11.309409097328414,0.0,0.4
585,0.8,-11.309409097328414,0.0,0.4
257,0.8,-11.309409097328414,0.0,0.4
336,0.8,-11.309409097328414,0.0,0.4
48,0.8,-11.309409097328414,0.0,0.4
342,0.8,-11.309409097328414,0.0,0.4
22,0.8,-11.309409097328414,0.0,0.4
202,0.79,-11.309409083471625,8.12776415841654e-05,0.3950406388207921
950,0.79,-11.309409093703549,2.1261817892082036e-05,0.39501063090894606
278,0.79,-11.30940909732836,3.2014213502407074e-10,0.3950000001600711
871,0.79,-11.309409097328407,4.3655745685100555e-11,0.3950000000218279
468,0.79,-11.309409097328414,0.0,0.395
709,0.79,-11.309409097328414,0.0,0.395
802,0.79,-11.309409097328414,0.0,0.395
668,0.79,-11.309409097328414,0.0,0.395
1058,0.79,-11.309409097328414,0.0,0.395
862,0.79,-11.309409097328414,0.0,0.395
421,0.79,-11.309409097328414,0.0,0.395
317,0.79,-11.309409097328414,0.0,0.395
358,0.78,-11.30940825330494,0.004950659131282009,0.392475329565641
749,0.78,-11.309408889497638,0.001219041136209853,0.39060952056810494
1026,0.78,-11.309409097289397,2.2885797079652548e-07,0.3900001144289854
939,0.78,-11.309409097307888,1.2040254659950733e-07,0.3900000602012733
1015,0.78,-11.309409097327396,5.966285243630409e-09,0.39000000298314264
782,0.78,-11.309409097328407,4.3655745685100555e-11,0.3900000000218279
67,0.78,-11.309409097328414,0.0,0.39
302,0.78,-11.309409097328414,0.0,0.39
71,0.78,-11.309409097328414,0.0,0.39
752,0.78,-11.309409097328414,0.0,0.39
256,0.78,-11.309409097328414,0.0,0.39
384,0.78,-11.309409097328414,0.0,0.39
114,0.78,-11.309409097328414,0.0,0.39
72,0.78,-11.309409097328414,0.0,0.39
153,0.78,-11.309409097328414,0.0,0.39
177,0.78,-11.309409097328414,0.0,0.39
733,0.78,-11.309409097328414,0.0,0.39
1031,0.78,-11.309409097328414,0.0,0.39
691,0.78,-11.309409097328414,0.0,0.39
579,0.78,-11.309409097328414,0.0,0.39
298,0.78,-11.309409097328414,0.0,0.39
1114,0.78,-11.309409097328414,0.0,0.39
183,0.78,-11.309409097328414,0.0,0.39
223,0.77,-11.309409035268285,0.00036401659599505365,0.38518200829799754
747,0.77,-11.309409097016935,1.8269929569214582e-06,0.38500091349647847
292,0.77,-11.309409097328414,0.0,0.385
1063,0.77,-11.309409097328414,0.0,0.385
41,0.77,-11.309409097328414,0.0,0.385
326,0.77,-11.309409097328414,0.0,0.385
518,0.77,-11.309409097328414,0.0,0.385
535,0.76,-11.309409038383931,0.0003457416169112548,0.38017287080845563
115,0.76,-11.309409076354004,0.00012302638788241893,0.3800615131939412
288,0.76,-11.30940909640165,5.4359843488782644e-06,0.38000271799217444
179,0.76,-11.309409096678548,3.8118159864097834e-06,0.3800019059079932
1088,0.76,-11.309409096850668,2.8022477636113763e-06,0.3800014011238818
246,0.76,-11.309409097187164,8.285132935270667e-07,0.38000041425664677
24,0.76,-11.309409097309157,1.129519660025835e-07,0.380000056475983
29,0.76,-11.30940909732428,2.4243490770459175e-08,0.3800000121217454
118,0.76,-11.309409097324735,2.158049028366804e-08,0.38000001079024515
376,0.76,-11.309409097326473,1.1394149623811245e-08,0.3800000056970748
1100,0.76,-11.30940909732796,2.663000486791134e-09,0.38000000133150025
1108,0.76,-11.309409097327968,2.6193447411060333e-09,0.3800000013096724
92,0.76,-11.309409097328402,7.275957614183426e-11,0.3800000000363798
262,0.76,-11.309409097328404,5.820766091346741e-11,0.38000000002910383
1024,0.76,-11.309409097328412,1.4551915228366852e-11,0.38000000000727596
1062,0.76,-11.309409097328414,0.0,0.38
600,0.76,-11.309409097328414,0.0,0.38
30,0.76,-11.309409097328414,0.0,0.38
249,0.76,-11.309409097328414,0.0,0.38
146,0.76,-11.309409097328414,0.0,0.38
435,0.76,-11.309409097328414,0.0,0.38
646,0.76,-11.309409097328414,0.0,0.38
25,0.76,-11.309409097328414,0.0,0.38
280,0.76,-11.309409097328414,0.0,0.38
453,0.76,-11.309409097328414,0.0,0.38
1103,0.76,-11.309409097328414,0.0,0.38
195,0.76,-11.309409097328414,0.0,0.38
63,0.76,-11.309409097328414,0.0,0.38
106,0.76,-11.309409097328414,0.0,0.38
209,0.76,-11.309409097328414,0.0,0.38
303,0.76,-11.309409097328414,0.0,0.38
310,0.76,-11.309409097328414,0.0,0.38
46,0.76,-11.309409097328414,0.0,0.38
756,0.76,-11.309409097328414,0.0,0.38
64,0.75,-11.309409092264495,2.9702656320296228e-05,0.37501485132816015
735,0.75,-11.309409094667254,1.560915552545339e-05,0.3750078045777627
879,0.75,-11.3094090973033,1.4730903785675764e-07,0.37500007365451893
1102,0.75,-11.309409097328414,0.0,0.375
52,0.75,-11.309409097328414,0.0,0.375
680,0.75,-11.309409097328414,0.0,0.375
243,0.75,-11.309409097328414,0.0,0.375
521,0.74,-11.30940860001558,0.002917011675890535,0.37145850583794526
291,0.74,-11.309409046237247,0.00029967763111926615,0.37014983881555963
53,0.74,-11.309409090844236,3.803324943874031e-05,0.37001901662471937
220,0.74,-11.309409091025074,3.6972531233914196e-05,0.37001848626561695
55,0.74,-11.3094090970293,1.7544662114232779e-06,0.3700008772331057
1093,0.74,-11.309409097110551,1.2778909876942635e-06,0.37000063894549384
259,0.74,-11.30940909732442,2.342858351767063e-08,0.37000001171429175
15,0.74,-11.30940909732538,1.779699232429266e-08,0.37000000889849616
1113,0.74,-11.309409097326242,1.2747477740049362e-08,0.37000000637373887
297,0.74,-11.309409097326649,1.0360963642597198e-08,0.3700000051804818
261,0.74,-11.309409097328038,2.2118911147117615e-09,0.37000000110594555
1042,0.74,-11.309409097328077,1.979060471057892e-09,0.37000000098953023
45,0.74,-11.309409097328402,7.275957614183426e-11,0.3700000000363798
77,0.74,-11.309409097328412,1.4551915228366852e-11,0.37000000000727595
36,0.74,-11.309409097328414,0.0,0.37
472,0.74,-11.309409097328414,0.0,0.37
171,0.74,-11.309409097328414,0.0,0.37
96,0.74,-11.309409097328414,0.0,0.37
1116,0.74,-11.309409097328414,0.0,0.37
214,0.74,-11.309409097328414,0.0,0.37
847,0.74,-11.309409097328414,0.0,0.37
255,0.74,-11.309409097328414,0.0,0.37
426,0.74,-11.309409097328414,0.0,0.37
287,0.74,-11.309409097328414,0.0,0.37
371,0.74,-11.309409097328414,0.0,0.37
54,0.74,-11.309409097328414,0.0,0.37
95,0.74,-11.309409097328414,0.0,0.37
592,0.74,-11.309409097328414,0.0,0.37
57,0.74,-11.309409097328414,0.0,0.37
1023,0.74,-11.309409097328414,0.0,0.37
44,0.74,-11.309409097328414,0.0,0.37
137,0.74,-11.309409097328414,0.0,0.37
126,0.74,-11.309409097328414,0.0,0.37
564,0.74,-11.309409097328414,0.0,0.37
1107,0.74,-11.309409097328414,0.0,0.37
1070,0.74,-11.309409097328414,0.0,0.37
331,0.74,-11.309409097328414,0.0,0.37
1094,0.74,-11.309409097328414,0.0,0.37
1068,0.74,-11.309409097328414,0.0,0.37
21,0.74,-11.309409097328414,0.0,0.37
33,0.74,-11.309409097328414,0.0,0.37
17,0.74,-11.309409097328414,0.0,0.37
1054,0.74,-11.309409097328414,0.0,0.37
465,0.74,-11.309409097328414,0.0,0.37
282,0.73,-11.309409096926396,2.358050551265478e-06,0.3650011790252756
429,0.73,-11.309409097250915,4.545727279037237e-07,0.36500022728636394
244,0.73,-11.309409097328407,4.3655745685100555e-11,0.36500000002182786
81,0.73,-11.30940909732841,1.4551915228366852e-11,0.36500000000727595
1078,0.73,-11.309409097328414,0.0,0.365
70,0.73,-11.309409097328414,0.0,0.365
361,0.73,-11.309409097328414,0.0,0.365
119,0.73,-11.309409097328414,0.0,0.365
1089,0.73,-11.309409097328414,0.0,0.365
1010,0.73,-11.309409097328414,0.0,0.365
169,0.73,-11.309409097328414,0.0,0.365
318,0.73,-11.309409097328414,0.0,0.365
571,0.73,-11.309409097328414,0.0,0.365
405,0.7,-11.309409097328414,0.0,0.35
639,0.68,-11.309409097328414,0.0,0.34
1013,0.67,-11.309409097327649,4.496541805565357e-09,0.3350000022482709
194,0.67,-11.309409097328414,0.0,0.335
1017,0.67,-11.309409097328414,0.0,0.335
240,0.67,-11.309409097328414,0.0,0.335
217,0.66,-11.309409094021904,1.9394487026147544e-05,0.3300096972435131
166,0.64,-11.309409097328414,0.0,0.32
307,0.64,-11.309409097328414,0.0,0.32
