Beta,Beta_err,E_peak[GeV],det_sig,curv_sig,source_name
0.0897,0.1463,2.5129,7.3996,0.621,J0000.3-7355
0.4163,0.3209,1.4782,5.415,2.151,J0003.3+2511
0.6783,0.2518,1.5964,10.7909,4.497,J0003.6+3059
0.2771,0.1742,0.93095,7.6056,2.323,J0004.0+5715
-0.027,0.0687,3978.0,6.4159,0.357,J0004.4-4001
0.3207,0.182,0.4448,4.2748,2.716,J0005.6+6746
-0.0501,0.0489,276.44,6.3606,0.894,J0006.6+4618
0.103,0.1149,0.51449,4.8184,1.06,J0008.4+6926
0.2058,0.1684,0.055744,5.49,1.523,J0008.9+2509
0.1515,0.1337,0.36339,6.8421,1.389,J0009.1-5012
0.4402,0.171,0.51802,8.9575,4.549,J0009.2+6847
0.2463,0.1902,0.40093,4.4725,1.724,J0009.2+1745
0.0751,0.0737,0.067157,8.5289,1.142,J0009.7-1418
-0.0577,0.0638,742.58,6.1217,0.757,J0017.1-4605
-0.0058,0.0467,1.2038e+20,12.4479,0.118,J0022.0-5921
-0.0311,0.0624,3.9363,4.9723,0.445,J0023.6-4209
0.0173,0.0741,0.80962,7.3434,0.249,J0024.1+2402
0.199,0.1631,3.1638,7.0517,1.319,J0025.4-4838
0.0075,0.0976,0.060414,5.3969,0.077,J0026.1-0732
0.6046,0.3224,1.404,6.3435,2.916,J0031.0-2327
0.1205,0.1262,6.8748,5.3665,1.191,J0031.5-5648
0.209,0.1045,0.87529,8.7518,2.655,J0034.6+6438
0.0485,0.1165,104.25,5.3962,0.454,J0035.2-1739
0.0601,0.1295,0.026676,4.2883,0.447,J0037.2-2653
0.5332,0.1098,1.7016,21.1933,7.385,J0039.1+6257
0.016,0.0982,0.00021971,4.9956,0.199,J0039.7+4203
0.0494,0.0864,6.9674,6.8904,0.638,J0045.9-2021
-0.0161,0.0741,41.589,4.5193,0.197,J0046.7-7048
0.3982,0.1441,1.5868,14.4809,4.424,J0048.6-6347
0.2364,0.1687,0.58574,7.0286,2.45,J0052.1+6444
0.5162,0.3434,11.133,4.292,2.301,J0055.7+4507
0.0003,0.0712,0.0,4.2955,0.0,J0057.5+6814
0.3704,0.1721,47.489,7.3768,2.065,J0057.9+6326
0.033,0.0784,0.00041469,4.8986,0.439,J0058.1+6915
-0.0593,0.0737,13.138,4.5669,0.642,J0058.3-4603
0.2373,0.0803,0.30009,13.9413,4.085,J0059.4-5654
0.1,0.1227,3.9697,5.6163,0.992,J0102.0-6240
0.7739,0.3088,6.1427,5.4138,2.542,J0102.1+4458
0.396,0.2442,6.9046,6.7401,2.313,J0102.3+1000
0.0687,0.1943,0.1408,4.2632,0.383,J0104.6-0818
0.3421,0.2754,1.2787,5.1534,1.641,J0112.0+3442
0.3954,1.5745,10.804,5.5429,1.508,J0115.4-2917
0.7563,0.1982,0.37253,7.5858,5.101,J0116.8+6914
0.4975,0.3403,1.9488,4.414,2.342,J0118.3-6008
-0.1133,0.0493,20.947,4.46,1.679,J0120.1+0505
-0.0873,0.0473,21.033,4.6768,1.38,J0120.2-7944
0.0077,0.0768,1.4418e-09,5.7209,0.103,J0125.9-6303
0.2051,0.2089,21.26,4.4404,1.226,J0126.3-6746
-0.0311,0.0588,305270.0,7.9768,0.463,J0126.8+2412
0.0864,0.1569,0.28652,7.8284,0.663,J0131.7-5346
0.4794,0.2181,0.23882,8.7836,3.777,J0132.1-0956
0.0598,0.1409,0.272,4.1455,0.486,J0137.3-3239
0.6365,0.2677,2.1891,10.4668,4.113,J0139.5-2228
0.1988,0.1405,9.3339,6.9161,1.454,J0140.3+7054
-0.1146,0.0482,34.959,5.2992,1.751,J0140.5-4730
0.5065,0.2631,0.53966,5.0722,3.453,J0142.5+6650
0.0633,0.1086,0.0090845,5.1091,0.64,J0144.3+5959
1.0,,4.6747,5.9124,3.302,J0150.4+4848
0.0512,0.1036,23.535,6.3117,0.529,J0153.3+5416
0.6501,0.6265,13.794,4.1528,2.235,J0154.6+0051
0.1229,0.079,7.3321,9.5607,1.838,J0156.3-2420
0.4861,0.3023,0.11622,4.275,2.123,J0158.4+1230
0.0556,0.0738,3.0313,7.1591,0.828,J0159.0+3313
-0.0332,0.0524,70.143,6.8882,0.551,J0202.4+2943
0.2999,0.1041,0.55735,9.5115,4.166,J0204.7+6656
0.0818,0.1373,0.45476,5.3428,0.524,J0209.8+2626
0.0922,0.0931,0.041636,5.4427,1.123,J0211.5+6219
0.3705,0.0463,1.2163,43.5448,11.441,J0212.1+5321
0.3546,0.3445,8.3061,4.2168,1.037,J0215.0-5330
0.147,0.151,18.49,5.1405,0.827,J0222.7+5016
0.0128,0.0918,4.3315e-15,4.5276,0.143,J0224.8+2937
-0.0947,0.0408,40.052,4.8109,1.597,J0225.5-5530
0.1296,0.133,6.0208,5.021,1.216,J0226.9+7744
0.1141,0.1359,0.16389,6.0511,0.942,J0230.3+1713
0.9911,0.1506,18.371,4.2564,2.617,J0231.0+3505
0.4022,0.1438,0.46869,10.4705,4.14,J0235.3+5650
0.5178,0.1148,1.8193,20.9039,7.099,J0237.8+5238
0.2231,0.1381,0.39142,4.4495,2.093,J0239.1+6634
-0.0096,0.0708,3894700000000.0,6.3399,0.12,J0240.2-0248
0.1386,0.1893,0.42538,4.1247,0.818,J0245.0+4755
0.4465,0.3456,1.5818,4.1471,1.208,J0246.0-4838
0.5035,0.2311,13.769,9.6361,3.72,J0251.1-1830
0.8501,0.7248,6.6083,4.2401,2.035,J0252.0-3657
-0.0732,0.0719,354.75,4.6336,0.802,J0252.3-2707
0.1671,0.2354,0.26272,4.7355,1.111,J0257.8+7044
0.1168,0.0618,2.1508,16.8691,2.359,J0259.0+0552
0.1658,0.1246,6.4615,7.0131,1.647,J0301.6-5617
-0.0355,0.0434,174.38,7.4373,0.711,J0302.5+3354
0.0609,0.0903,0.001514,5.124,0.772,J0302.7+5717
0.5853,0.3853,2.477,5.354,2.557,J0304.6+6554
0.3752,0.5534,29.856,4.08,1.553,J0308.9-4702
0.6027,0.1218,1.3024,19.637,7.871,J0312.1-0921
0.1827,0.1401,13.594,6.0771,1.627,J0312.7+2012
0.0641,0.1302,0.00038,4.584,0.529,J0313.6-7508
0.1182,0.1089,0.10933,4.9814,1.313,J0314.1+2827
0.4803,0.2624,0.83632,4.0556,2.906,J0314.1+5033
0.1991,0.1888,0.9815,5.2499,1.33,J0314.4-4805
0.0724,0.1363,12.476,4.689,0.618,J0327.6+2620
0.0023,0.0572,5.1612e-35,8.6692,0.047,J0328.4-4736
0.1064,0.0907,0.047584,6.1951,1.4,J0328.5+6114
-0.0228,0.0704,1301.1,5.7231,0.287,J0328.6-1129
0.4832,0.1601,0.87805,10.1015,4.753,J0330.1+5038
0.6221,0.1515,0.45868,7.7579,4.791,J0330.7+5845
0.0743,0.1137,13.638,4.4748,0.717,J0333.0-3044
0.0617,0.1235,1.6586,5.6909,0.531,J0333.4-2705
0.3588,0.0701,1.6143,28.0187,7.203,J0336.0+7502
0.0785,0.0912,0.099917,5.6633,0.964,J0337.5+2423
0.5867,0.0684,0.18204,28.8993,14.393,J0340.4+5302
0.131,0.1223,0.27256,6.6336,1.506,J0341.9+3153
0.0521,0.0769,2.8215,8.5078,0.731,J0343.3-6303
0.1311,0.1121,0.1098,5.0649,1.389,J0346.2+3235
0.9995,,1.7121,6.7326,4.281,J0347.0-6400
0.9515,0.2901,0.70925,5.0502,3.852,J0358.1+2850
0.7372,0.2323,0.60093,6.4752,4.326,J0359.3+3626
-0.0061,0.0684,21884000000000.0,4.1443,0.054,J0405.9+3041
-0.0223,0.0662,4743.5,4.5494,0.323,J0406.2+0639
-0.0863,0.0455,18.789,5.6415,1.489,J0407.7-5702
0.1064,0.1167,2.9174,5.9987,1.139,J0409.2+2542
0.6502,0.3607,8.162,5.6279,2.74,J0409.4-3822
0.8313,0.2849,0.53482,6.4382,4.557,J0409.7+4006
0.0771,0.0847,0.010104,8.1483,0.995,J0413.1-0304
0.0137,0.0896,39.444,4.5422,0.146,J0414.3+4522
0.112,0.1156,8.2624,6.6117,1.256,J0414.6+5711
0.9819,0.116,1.0193,13.2041,6.491,J0414.7-4300
0.3223,0.0608,1.5446,27.6206,7.61,J0418.9+6636
0.4661,0.2667,1.6268,7.6396,3.162,J0423.0-0943
0.4241,0.0633,0.38155,25.222,10.593,J0426.5+5434
0.1263,0.0965,0.025961,10.6014,1.755,J0427.3+0504
0.2687,0.1355,0.17789,5.1334,2.486,J0427.4+6433
0.0108,0.0319,1.749e-08,21.8495,0.348,J0427.8-6704
0.4702,0.2103,0.39739,6.8637,3.949,J0427.9+3632
0.4807,0.2563,3.1757,7.7449,3.208,J0435.5+3232
0.2241,0.0999,0.8483,10.5626,3.233,J0436.9+2915
0.1439,0.0879,13.893,11.8161,1.863,J0438.0-7329
-0.029,0.0657,1110.6,5.7153,0.396,J0438.2-4243
0.0447,0.1424,0.086545,4.5811,0.329,J0439.6-8322
-0.0747,0.0431,52.786,7.5556,1.39,J0442.0-5432
0.2265,0.11,0.19796,5.9152,2.615,J0442.8+3609
0.0873,0.1789,0.40431,4.3322,0.552,J0444.8-3514
0.3537,0.1964,0.34322,4.2845,2.564,J0445.7+1535
0.9858,,1.1508,6.2618,4.782,J0447.2+2446
0.2151,0.1358,0.49939,7.4908,1.925,J0448.7-2116
0.3203,0.165,0.32826,6.9258,2.93,J0452.9+5117
0.2299,0.1187,0.36053,6.0472,2.485,J0453.3+2843
0.2223,0.172,7.0777,6.8287,1.661,J0455.9+6757
-0.0428,0.1064,35.946,5.3879,0.335,J0459.7-5413
-0.0095,0.0186,892.18,16.0278,0.459,0500.9-6945e
0.5868,0.3854,8.1597,4.0586,2.393,J0502.2+3016
0.7759,0.3138,3.8405,9.2984,4.538,J0506.1+5028
0.0212,0.1037,3.3729e-06,4.6257,0.159,J0506.3-0620
0.44,0.2279,5.5827,5.5799,2.103,J0512.3+3329
-0.1085,0.0485,12.663,4.1716,1.604,J0512.5-2201
0.3995,0.0544,1.6929,41.8525,10.888,J0523.3-2527
0.5305,0.2951,1.2003,7.6243,3.148,J0524.7-8304
0.1161,0.1088,0.057105,5.7575,1.282,J0527.1+1152
0.0821,0.0976,3.6172,8.3018,1.042,J0527.4+6647
-0.0123,0.091,3394500000000.0,4.2373,0.108,J0529.1-2449
0.1781,0.1293,0.26898,5.0611,1.862,J0529.9-0224
0.0323,0.0174,0.32607,25.216,2.017,0530.0-6900e
0.5321,0.2818,0.4887,4.8191,2.803,J0531.7+1241
0.003,0.0158,71.17,23.2474,0.19,0531.8-6639e
0.138,0.1277,0.048244,4.1431,1.3,J0532.6+3358
0.7123,0.1645,0.91082,13.647,7.549,J0533.6+5945
0.2125,0.1297,0.2142,5.1338,2.137,J0534.0+3746
0.2558,0.1585,0.69383,7.4954,2.228,J0535.1-5422
0.3349,0.2464,0.56403,4.6999,2.092,J0535.3+0934
0.9318,0.5947,3.5247,5.0413,3.113,J0536.1-1205
0.1285,0.1184,0.090608,4.9909,1.33,J0537.5+0959
0.3107,0.1484,0.83716,7.2748,3.23,J0538.9+3549
0.0741,0.1175,1.0096,5.078,0.731,J0539.2-6333
0.3488,0.1368,0.95302,13.6926,3.607,J0540.0-7552
0.3698,0.3661,26.289,5.2616,1.345,J0540.2+0655
0.0652,0.1018,0.045933,4.5577,0.724,J0540.6+5540
0.8815,0.2518,0.92971,5.7967,4.138,J0540.7+3611
0.0166,0.0641,0.0054752,12.1572,0.226,J0543.5-8741
0.1449,0.1277,0.12958,4.9232,1.546,J0543.9-0418
-0.1189,0.0374,28.565,4.8005,2.221,J0544.4+2238
0.0606,0.1334,0.01165,4.2092,0.554,J0544.8+5209
0.2847,0.0648,2.5657,23.5802,6.321,J0545.7+6016
0.0229,0.0693,0.038195,6.4121,0.336,J0545.8-0905
0.4238,0.1969,0.3062,4.6307,2.329,J0546.5-1100
0.34,0.182,11.498,9.0474,2.117,J0550.5-4356
0.4088,0.1806,1.0074,5.5943,1.779,J0550.9+2552
0.7749,0.2045,0.40471,8.07,5.273,J0551.7+0446
-0.0313,0.0898,619240.0,4.2724,0.295,J0553.5+4810
0.8637,0.2761,0.52525,5.0144,4.252,J0553.6+0100
0.2133,0.2152,3.4862,6.7741,1.343,J0553.9-5048
0.0848,0.1112,0.50915,6.0535,0.92,J0554.0-0839
-0.0295,0.0574,1451.3,4.3364,0.475,J0554.2-0259
0.4666,0.1641,0.52896,7.459,4.548,J0555.1+0150
0.0276,0.0898,4.3107e-07,6.1501,0.347,J0557.5-4452
0.2918,0.1475,1.3365,8.8998,2.482,J0558.1-2113
0.8136,0.4842,0.68128,5.3141,3.655,J0601.0-1016
0.3412,0.2469,1.0071,5.6148,2.102,J0601.4-6057
0.4857,0.1908,0.79125,7.5484,4.321,J0609.0+2136
0.5247,0.1791,0.53928,6.5808,4.948,J0609.0+2006
-0.0322,0.0707,7.8032,5.1094,0.4,J0610.8-4911
0.2945,0.3072,2.6224,4.2954,1.476,J0611.4-4722
0.1936,0.1785,0.73186,4.1205,1.23,J0611.5-2918
0.6863,0.4023,0.4587,5.2683,4.024,J0612.6+1520
0.0262,0.069,2.1716e-05,5.034,0.383,J0613.1+1749
-0.0337,0.071,75395.0,5.4287,0.438,J0617.6-4028
0.4006,0.2113,0.18913,5.0247,2.975,J0618.7+1211
0.3434,0.131,0.78304,6.8182,4.515,J0618.9+2240
0.0414,0.0564,0.91884,7.9599,0.825,J0620.1+2246
0.1151,0.0907,0.097034,5.7827,1.491,J0620.4+1445
1.0,0.0038,21.34,4.3367,2.237,J0620.7-5034
0.8196,0.3242,0.81171,5.536,3.066,J0622.5+3120
0.2072,0.1852,0.22218,5.0151,1.508,J0624.7-4903
0.1651,0.2165,15.261,5.0235,1.073,J0625.5+7029
0.2723,0.1691,2.686,5.49,2.196,J0631.0+5626
0.0386,0.1094,31.027,4.3604,0.396,J0633.9+5840
0.2563,0.2947,0.13411,5.5749,1.53,J0634.6-3046
0.0557,0.1387,4.0982,4.5631,0.468,J0640.9-5204
0.3848,0.1948,0.5579,4.5972,2.713,J0642.4+1048
0.1354,0.1475,0.24425,6.2319,1.117,J0642.9-6501
0.4969,0.319,0.75374,4.2607,2.543,J0648.6-3623
0.2861,0.2178,21.346,7.7254,1.809,J0650.2-5144
0.0431,0.123,0.0015468,4.4246,0.377,J0651.9-4330
1.0,,1.0417,9.5147,5.581,J0652.9+4707
0.5274,0.3313,5.2069,5.0266,2.434,J0656.5+4218
0.3778,0.1581,1.8223,11.3705,3.194,J0657.4-4658
-0.0441,0.0637,201.99,5.5988,0.58,J0658.7+2318
0.2256,0.1966,2.3843,5.1794,1.631,J0700.2-5118
0.0526,0.1172,0.0099888,4.4104,0.501,J0700.4-4308
0.443,0.1777,1.2927,9.7702,3.489,J0700.6+3558
0.4455,0.2468,4.0431,5.446,2.498,J0700.8+1551
-0.059,0.0695,11.023,4.4563,0.572,J0701.5-2842
0.1373,0.1063,3.0807,7.7015,1.658,J0704.3-4829
0.4276,0.2218,0.78862,5.4133,3.095,J0705.8-0004
0.0527,0.1072,2.8787,5.6878,0.501,J0708.6+1747
0.3278,0.1101,0.366,9.6007,4.665,J0709.1-1034
0.7893,0.3022,1.7257,9.131,4.52,J0712.0-6431
0.4387,0.3818,0.48137,5.5031,2.388,J0712.8-5637
-0.0001,0.0673,inf,4.7899,0.019,J0713.5-2555
0.3227,0.2101,0.26201,5.0675,2.698,J0715.7-1128
0.287,0.1405,0.98004,8.0011,2.796,J0718.8-5004
-0.0064,0.0527,8.2671e+16,9.5781,0.133,J0722.4-2650
0.3411,0.1421,0.23225,6.1164,3.6,J0722.7-2309
-0.0391,0.0553,166.81,5.7762,0.654,J0723.1-3048
-0.0316,0.077,0.016037,4.2747,0.373,J0724.8+3016
0.9984,0.0478,11.639,5.3881,2.652,J0725.6-5008
0.1537,0.0862,10.725,11.8194,2.173,J0725.7-0549
0.2602,0.1992,1.6799,6.4967,1.678,J0731.0+6607
0.4105,0.2013,0.2309,5.4138,2.883,J0731.5-1910
-0.027,0.0585,19.876,4.8791,0.424,J0734.3-4448
0.2783,0.0992,0.3273,13.1557,3.991,J0736.9-3231
-0.0797,0.0414,8.1316,6.6025,1.483,J0737.4+6535
-0.053,0.0539,143.55,5.7109,0.788,J0738.6+1311
-0.068,0.0575,2.4326,4.721,0.908,J0741.0-5226
0.3025,0.0554,0.85847,28.6786,8.147,J0744.0-2525
0.4024,0.3009,0.22122,4.2362,2.078,J0744.4-1403
0.5027,0.2451,1.7029,9.56,3.889,J0744.9-4028
0.1249,0.1315,1.4324,4.9027,1.145,J0746.5-4113
0.0332,0.1049,3.9001,6.1032,0.353,J0747.2-0736
0.4783,0.3235,1.2309,4.6544,2.682,J0749.8-4420
0.4722,0.2011,0.72931,8.1637,4.074,J0752.0-2931
1.0,,2.5709,8.9991,5.995,J0754.9-3953
-0.0096,0.0714,2.0186e+19,6.5064,0.117,J0755.9-0515
0.3683,0.0726,1.1935,23.4414,7.436,J0758.8-1450
0.0026,0.079,7.3536e-46,4.1495,0.051,J0800.1-5531
0.6471,0.4274,1.4888,5.8179,2.376,J0800.5+3715
0.3424,0.1675,0.68164,6.5862,2.877,J0800.7-1059
0.4543,0.2776,5.4752,7.1269,2.91,J0800.9+0733
0.05,0.1141,0.0094408,4.8149,0.483,J0801.3-0617
0.6881,0.1488,1.0661,18.5074,8.508,J0802.1-5612
0.338,0.2603,0.46851,5.1698,2.173,J0803.5+2046
0.9603,,0.29886,6.6418,4.686,J0809.8+0507
0.0879,0.0855,0.042356,6.0871,1.179,J0813.1-5049
0.1322,0.1401,34.987,5.032,0.982,J0815.5+6554
0.5608,0.3428,0.27919,7.3873,4.136,J0817.7-5258
0.9745,0.2025,1.0578,6.0661,3.809,J0821.5-1436
1.0,0.0166,8.2647,4.216,2.421,J0824.1-6004
0.0313,0.0809,0.0026881,7.2298,0.395,J0826.0-0157
0.3945,0.2749,1.5977,10.3229,2.833,J0826.1-5053
-0.0514,0.0706,40.731,4.2614,0.51,J0827.0-4111
0.2617,0.3048,5.7073,4.5729,1.277,J0827.6-0059
0.4055,0.1954,0.21927,7.389,3.022,J0829.3+3729
0.1015,0.1194,0.099202,4.6786,1.013,J0836.0-5458
0.9995,0.0462,2.486,4.9467,2.673,J0836.6-6036
0.2356,0.1435,0.078015,6.5185,2.217,J0838.4-3952
-0.0173,0.0764,0.0017242,4.3546,0.208,J0838.5+4013
0.0384,0.1172,0.007733,5.7203,0.464,J0838.9-2502
0.5295,0.1287,2.8672,18.0942,6.866,J0843.3+6712
0.3515,0.1743,0.41464,6.306,3.198,J0844.1-4330
0.2451,0.0999,0.24175,8.8409,3.355,J0844.9-4117
0.1194,0.088,0.055124,8.5685,1.843,J0848.8-4328
0.1216,0.1542,0.26416,4.4551,0.942,J0849.5+2710
-0.0109,0.0702,3300300000000.0,5.1165,0.149,J0850.4-2558
0.6738,0.1437,0.28615,7.8291,5.301,J0850.8-4239
0.5503,0.1921,0.4082,7.684,5.098,J0853.1-4407
0.7048,0.2456,0.58789,9.5201,5.668,J0853.6-4306
0.4246,0.072,1.7199,29.7908,8.83,J0854.8-4504
0.0831,0.1666,0.027718,4.0858,0.52,J0855.0+0720
0.1921,0.1815,1.2377,4.9548,1.424,J0855.0-6026
0.1607,0.0963,0.080944,6.1195,2.152,J0857.7-4507
0.1912,0.0649,0.33485,13.8406,3.908,J0859.2-4729
0.3193,0.0763,0.37169,16.7294,6.109,J0859.3-4342
0.9991,0.0525,31.186,4.4654,1.937,J0859.8+0053
0.3017,0.1437,0.25809,6.734,3.151,J0900.2-4608
0.0511,0.0815,0.034653,5.0277,0.686,J0902.5-4727
0.0445,0.1545,4.4312,5.393,0.321,J0903.5+4057
0.0668,0.0974,5.4087,5.8482,0.776,J0906.1-1011
0.8663,0.231,0.57241,12.5606,6.592,J0906.8-2122
0.4349,0.2993,5.2515,5.1932,2.172,J0910.1-1816
0.5435,0.3058,3.6375,4.0853,2.625,J0910.9+6055
0.0535,0.0682,0.0061834,5.5388,0.904,J0911.6-4738
0.4192,0.2805,14.088,4.8286,1.478,J0914.5+6845
0.016,0.1372,0.090627,4.1283,0.107,J0916.9+7756
0.4349,0.1631,0.39362,7.8242,4.409,J0917.9-4755
0.0212,0.0975,1.5972,6.7868,0.252,J0919.3+6607
0.7413,0.3243,2.2856,8.1613,4.341,J0919.5-6203
0.4339,1.1829,0.13446,5.4284,1.557,J0924.1-5202
0.9996,,2.4205,7.0472,4.248,J0926.1-5336
0.0007,0.0853,7.4291e+19,5.6756,0.0,J0928.4-5256
0.1196,0.1324,35.056,6.9445,0.953,J0930.9-3030
0.3022,0.2255,6.0924,6.5259,2.01,J0931.4-3559
0.7087,0.0831,2.2083,38.3652,14.81,J0933.8-6232
-0.0582,0.0617,2491.6,7.5027,0.814,J0934.5+7223
0.0815,0.0649,0.049275,14.925,1.473,J0935.3+0901
0.014,0.1052,84316000.0,4.602,0.128,J0935.5+1152
-0.0016,0.0682,1.2983e+68,5.3408,0.0,J0937.6-3358
0.1454,0.1582,7.2301,5.2685,1.074,J0938.8+5155
0.4657,0.1181,1.1079,18.3585,6.048,J0940.3-7610
0.3125,0.3866,4.2004,5.6143,1.628,J0942.5+7620
0.2986,0.1902,9.9357,5.4946,1.841,J0944.7-5124
0.4365,0.1617,0.2892,9.2407,3.926,J0947.0-3548
0.2356,0.1461,0.59247,4.902,2.116,J0947.8-4234
0.4379,0.3072,0.26006,4.1322,1.551,J0948.0-3859
0.2893,0.2227,1.6992,6.096,1.524,J0949.8+7551
0.7108,0.3408,0.28749,6.1987,3.62,J0951.8-3711
0.6879,0.1122,1.6642,25.3196,9.976,J0953.6-1509
0.2642,0.0549,0.42428,25.0504,6.677,J0955.3-3949
0.6718,0.3111,0.38739,5.1281,3.594,J0955.8-4106
0.7508,0.4159,0.52638,5.3771,3.052,J0957.6-3051
0.089,0.1172,0.63166,4.8246,0.848,J0957.6-5208
0.9671,0.2851,0.35837,5.7802,3.771,J1002.3-2810
0.7742,0.3249,2.1614,5.1016,3.183,J1004.6-5215
0.1374,0.1365,0.0052706,6.4036,1.17,J1008.2-1000
0.9468,0.2853,1.6441,5.8185,3.37,J1011.4-5729
0.7831,0.4708,2.9055,5.6903,3.224,J1014.6+6126
0.1992,0.1479,1.3243,6.2107,1.681,J1015.1-6353
0.1515,0.0765,0.052853,11.7071,2.464,J1015.5-6030
0.2192,0.0972,12.408,10.9688,2.859,J1016.1-4247
0.1175,0.1117,0.27174,5.5043,1.34,J1016.2-5729
0.0795,0.1194,7.359,4.589,0.743,J1017.4+5956
0.2175,0.1628,0.35619,4.4286,1.652,J1018.1-4051
0.2176,0.1211,0.26485,5.2747,2.304,J1018.1-2705
0.0568,4.2574,0.17914,4.5683,0.251,J1018.2+0145
0.1973,0.1808,0.33035,4.7674,1.474,J1018.3-0703
0.6285,0.6176,79.855,4.1234,1.3,J1018.4+2210
0.6074,0.3975,8.5314,4.3819,2.295,J1019.3+5625
0.3997,0.1912,1.0517,7.0607,3.154,J1020.4-5314
-0.0859,0.0574,7.5432,4.0746,1.412,J1021.8-6308
0.6778,0.2049,1.4858,12.4115,5.442,J1026.2-5731
-0.0692,0.0523,37.822,4.2221,1.107,J1028.1-3550
-0.0506,0.0515,18.123,4.649,0.826,J1028.4-1539
-0.0789,0.0629,16.007,4.8943,0.997,J1029.4-0828
0.1526,0.2004,4.4535,4.4068,0.976,J1029.9+7335
-0.0193,0.0604,91421000.0,5.2599,0.28,J1030.7+6118
0.0576,0.0094,31.636,37.2569,6.503,1036.3-5833e
0.0149,0.0833,6.5975e-12,5.6215,0.189,J1036.5-1809
0.2736,0.1064,1.165,11.6798,3.541,J1036.6-4349
0.2604,0.0926,0.33215,11.1981,4.306,J1037.8-5810
0.0699,0.0889,0.035156,8.0289,0.906,J1039.2+3258
-0.0209,0.0878,292920000.0,5.6318,0.217,J1043.0+5316
0.3403,0.0806,0.62719,14.48,6.454,J1046.7-6010
0.0662,0.1291,8.4892,4.7438,0.531,J1047.2+6740
0.2468,0.1799,42.58,5.439,1.269,J1048.4-5030
0.5457,0.1393,0.94114,16.3627,7.92,J1048.5-5923
-0.0469,0.0587,4.5887,6.1708,0.655,J1049.8+2741
0.1576,0.1629,3.5431,6.0484,1.568,J1054.7-6008
0.1619,0.1929,0.20601,5.1457,1.148,J1055.6-0719
-0.0852,0.0526,11.901,4.2493,1.132,J1055.7-1807
0.5228,0.3903,13.136,5.517,2.552,J1057.6-4051
0.1455,0.0978,10.312,9.6974,1.788,J1058.4-6625
0.9932,,2.4625,6.8478,3.427,J1058.9-6101
-0.0795,0.0554,40.41,4.5856,1.083,J1059.4+2148
0.2137,0.2196,0.83527,10.401,1.611,J1059.4+0226
0.1481,0.1484,1.1819,6.7876,1.314,J1100.0-2044
1.0,,1.3404,6.4293,3.723,J1102.4+0246
0.175,0.1364,0.92599,7.8468,1.615,J1105.1-2600
1.0,0.0009,32.37,4.1425,2.299,J1105.3-0626
-0.0964,0.0576,79.645,4.6406,1.279,J1106.2+7303
-0.0568,0.0767,973.88,4.2971,0.612,J1106.7+3623
0.4637,0.1595,1.6659,13.0776,4.436,J1106.7-1742
0.4748,0.3098,1.4287,5.3439,1.711,J1109.1-4853
0.0335,0.0166,18.428,17.3994,2.075,1109.4-6115e
0.0725,0.1217,0.00051049,6.5025,0.657,J1109.8+4406
0.0431,0.1501,0.1424,4.2873,0.295,J1111.4+0137
0.2876,0.0952,0.94999,8.3988,4.168,J1112.2-6055
0.9926,0.1403,2.7794,4.5629,2.225,J1114.6+1225
0.0283,0.0303,0.010228,14.5076,1.02,J1115.1-6118
0.2616,0.1922,1.6702,5.2494,1.858,J1119.9-1007
0.4922,0.0528,1.0836,48.1958,14.762,J1120.0-2204
0.0455,0.0616,4.6562,11.4193,0.785,J1120.1-2645
-0.0879,0.0425,18.044,5.1346,1.604,J1122.0-0231
0.0347,0.0709,0.020059,6.2593,0.517,J1122.4-6237
-0.0068,0.0691,6.9778e+17,6.6851,0.089,J1122.5-1440
0.3351,0.2119,1.4258,4.466,2.164,J1123.2-5111
0.0418,0.0552,0.18697,10.0333,0.83,J1123.8-4552
0.4451,0.2471,0.20753,7.3912,3.01,J1125.2+2557
0.9749,0.206,2.6873,8.0804,4.592,J1126.0-5007
0.4033,0.155,0.7119,8.6963,4.818,J1127.9-6158
0.2134,0.0659,1.4579,19.4795,5.254,J1139.2-6247
0.097,0.0764,34.579,11.2391,1.453,J1146.0-0638
0.2976,0.1391,0.73348,4.3644,2.972,J1146.0-6822
0.0721,0.0893,0.093855,4.4826,1.002,J1150.1-6324
0.0592,0.0733,0.22158,6.8415,0.901,J1150.7-4613
0.6529,0.3572,0.6421,6.7646,3.837,J1154.5-5952
0.2022,0.2343,9.5884,6.2851,1.43,J1155.2-1111
0.2772,0.3971,0.42454,5.3346,3.588,J1155.6-6245
0.3384,0.1307,0.33244,7.549,4.201,J1157.7-6327
-0.0057,0.0832,5.372e-06,4.5353,0.069,J1158.8-1430
0.3898,0.1653,0.52722,6.4875,3.291,J1202.9-5717
0.409,0.1716,0.67177,6.0491,3.715,J1203.4-6145
0.2892,0.1835,1.4431,7.6088,2.256,J1203.5-1748
0.3237,0.0473,0.84803,28.8537,9.646,J1203.9-6242
0.5609,0.1502,0.52385,5.1856,3.88,J1204.3-6111
0.656,0.1908,1.1698,10.6921,5.525,J1204.5-5032
0.0516,0.0936,0.11722,5.1359,0.69,J1205.1-5951
0.2666,0.2031,2.0397,4.1526,1.831,J1207.4-1840
0.618,0.1907,1.3623,12.1191,5.44,J1207.4-4536
0.5263,0.2359,1.2431,8.0093,4.18,J1207.9-6443
0.3411,0.0992,0.95845,13.8473,4.986,J1208.0-6900
0.1552,0.165,2.5006,5.204,1.13,J1208.2+1158
0.3816,0.223,1.4672,4.3783,2.391,J1208.5-5512
0.1716,0.1389,0.30708,4.389,1.877,J1209.4-6421
0.5968,0.3032,0.60748,4.9726,3.89,J1209.9-5923
0.8284,0.1764,0.75371,6.8839,6.124,J1210.4-6250
0.0892,0.0843,0.16719,5.2365,1.27,J1210.4-6100
0.19,0.1218,0.58011,5.0256,1.884,J1210.7-6005
0.1877,0.0765,0.58518,12.7573,3.256,J1213.9-4416
0.2731,0.1545,2.9176,7.0751,2.48,J1214.5-2318
0.0927,0.0795,0.19807,6.6911,1.362,J1214.7-5858
0.1528,0.1767,2.0361,4.7231,0.944,J1216.2+0537
0.0615,0.0616,0.012626,12.4779,1.112,J1216.2-0600
-0.0285,0.0715,9.3783,5.0374,0.352,J1216.4-1358
0.2808,0.1003,0.48639,12.5095,4.391,J1216.8-5955
0.6362,0.3891,1.3379,4.5002,2.948,J1217.2-2500
0.6874,0.3466,0.31642,5.7066,3.061,J1218.6-1049
0.1704,0.1,0.61363,8.0186,2.061,J1220.1-5558
0.0595,0.083,22.299,7.9846,0.789,J1220.1-2458
0.0764,0.1174,0.014478,4.7392,0.746,J1220.5-2745
0.3505,0.0978,1.2377,19.7186,5.018,J1221.4-0634
-0.0628,0.0509,1269.6,7.3596,1.038,J1224.6+7011
0.4089,0.0703,2.0726,33.3305,8.793,J1225.9+2951
0.2086,0.0982,0.13157,5.3738,2.604,J1226.8-4907
0.0834,0.1171,0.14536,4.2372,0.828,J1228.0-6918
0.2128,0.2251,0.75635,4.4064,1.192,J1229.5-3048
0.6047,0.102,0.58222,22.4817,9.593,J1231.6-5116
0.4641,0.1226,0.84854,16.0846,6.009,J1231.6-6511
0.1796,0.1077,0.3032,9.5448,2.102,J1233.0+1333
-0.0024,0.094,2.6218e+60,4.2598,0.0,J1239.7-3455
0.2306,0.2304,13.855,5.0215,1.013,J1243.7+1727
0.1369,0.0677,0.45043,11.7792,2.727,J1244.3-6233
0.0884,0.1055,0.56526,4.5913,0.889,J1250.8-5424
0.1139,0.0656,1.8467,12.7028,2.108,J1250.9-4943
0.0654,0.2184,0.0020687,4.2469,0.401,J1252.7-2520
0.5407,0.3705,4.994,5.5897,2.644,J1254.7-4516
0.0567,0.0676,0.002709,8.6997,0.889,J1256.8+5329
0.1547,0.0942,0.5534,12.1965,2.395,J1257.0-6339
0.0211,0.1243,0.041064,5.2336,0.086,J1258.4+6554
0.1265,0.2146,0.94452,5.697,0.719,J1258.5-3406
0.3466,0.132,0.66505,9.9224,3.903,J1259.0-8148
0.4308,0.1864,1.838,7.0792,3.482,J1303.1-4714
1.0,,1.3921,10.3598,6.031,J1304.4+1203
0.6239,0.3577,1.664,5.1294,2.762,J1304.6+0539
0.4583,0.057,2.7669,37.2479,11.657,J1306.3-6043
0.1818,0.0652,0.37657,18.5917,3.496,J1306.8-4035
0.3654,0.2069,2.5039,7.362,2.592,J1308.7+0347
0.4436,0.3279,2.5505,4.5218,2.093,J1308.9-5730
0.3141,0.1008,0.51711,11.2192,5.187,J1309.1-6223
-0.0817,0.0631,33.105,4.2749,0.941,J1309.3+8035
0.1756,0.1039,0.71344,8.1909,2.461,J1312.3-6257
0.4447,0.2527,1.8072,8.7022,3.552,J1312.6-6231
0.2404,0.0821,0.35064,11.144,4.412,J1315.9-6243
0.8232,0.3689,1.6353,7.5176,4.245,J1317.5-0153
0.5205,0.1342,1.4804,16.6765,6.505,J1317.5-6316
-0.0631,0.069,220.28,5.2036,0.76,J1318.1-3937
0.1661,0.1533,3.3023,4.3913,1.307,J1318.3-1148
-0.0456,0.0719,554.22,5.1038,0.548,J1318.9-4556
0.5611,0.2508,1.0005,6.6256,3.771,J1320.3-6410
0.1507,0.1189,0.7523,5.9014,1.825,J1320.5-6256
0.2016,0.0985,0.41563,11.0346,2.558,J1325.3-5413
0.2162,0.2111,1.3269,4.1136,1.334,J1326.0+3507
0.3923,0.1391,0.30792,6.7026,4.333,J1328.4-6231
0.4355,0.0899,1.746,21.2522,7.182,J1329.9-6108
-0.1026,0.0378,23.214,6.1024,1.875,J1334.1-4154
0.1252,0.1769,0.16885,5.7299,0.763,J1334.6-4435
-0.0915,0.0611,111.87,4.7681,1.05,J1334.8-3856
0.582,0.1336,2.1681,16.659,6.333,J1335.0-5656
0.2525,0.1504,0.78253,5.7683,2.231,J1335.5-4546
-0.0946,0.0764,9.738,4.26,0.976,J1335.6-4052
0.1793,0.1475,0.5151,5.1045,1.497,J1336.5-4655
-0.0155,0.0665,96.604,4.8536,0.205,J1338.8-4509
0.9994,,0.75996,6.1724,4.336,J1343.5-6827
0.9786,0.1254,1.6297,13.4853,6.699,J1345.9-2612
0.1174,0.0838,0.024163,9.4566,1.614,J1346.5+5330
0.0088,0.1093,8.8526e-23,4.9906,0.098,J1347.4+7309
-0.1444,0.0397,15.794,4.4805,1.706,J1348.5-8700
0.1466,0.1224,0.13642,6.5276,1.573,J1349.1-5829
0.3646,0.2419,1.1419,4.5294,2.334,J1350.9-2757
0.2556,0.0542,0.49666,18.3374,7.194,J1351.6-6142
0.916,0.4305,0.52086,6.1305,4.088,J1356.0-6747
0.5526,0.2487,1.2036,9.2373,3.84,J1356.6+0234
0.5003,0.187,0.69786,8.5346,5.566,J1357.3-6123
0.3098,0.1961,0.93953,5.2373,2.459,J1358.0-7749
0.2592,0.0578,0.65753,20.1146,6.816,J1358.3-6026
0.1782,0.1373,0.0701,6.8528,1.595,J1359.9+3616
0.5382,0.1617,2.0375,15.4832,5.635,J1400.0-2415
0.6469,0.2756,1.8797,6.5439,4.056,J1400.4-6050
0.4038,0.0996,1.06,18.9621,6.133,J1400.6-1432
0.2331,0.1508,1.0142,6.909,2.95,J1401.2-6116
0.2337,0.2012,1.9784,5.8579,1.326,J1401.7-3217
0.9999,,1.7652,8.6363,5.033,J1402.7+1306
0.9812,0.1138,2.4825,14.0229,7.331,J1403.5-6236
0.4263,0.1236,0.6023,9.8251,6.036,J1404.4-6159
0.3492,0.1528,1.4357,9.1932,3.162,J1404.8-5237
0.3023,0.0478,0.51551,22.0584,10.005,J1405.1-6119
0.0712,0.1149,2.9743,4.6352,0.789,J1405.3-6008
0.1942,0.2287,10.915,5.7719,1.022,J1405.9-1853
0.9997,0.0457,1.0361,4.2179,1.423,J1407.4-0820
0.7638,0.2378,0.62579,9.2015,5.311,J1407.7-3017
0.1012,0.1397,7.6247,4.7905,0.834,J1408.0+3834
0.0587,0.0846,0.38363,4.422,0.795,J1408.1-6010
0.1748,0.0887,0.055978,10.3,2.398,J1408.6-2917
0.2639,0.1281,0.72072,9.9209,2.789,J1408.7-3747
0.0444,0.0875,0.0025024,5.8819,0.617,J1408.9-5845
0.0684,0.0137,1.6393,35.9212,6.485,1409.1-6121e
0.2803,0.0883,8.0748,19.1292,4.218,J1410.7+7405
0.3657,0.1047,1.2045,13.1948,4.948,J1412.1-6631
0.5258,0.2482,0.39067,5.7362,3.309,J1415.2-5550
0.2153,0.4292,0.51122,4.9363,2.235,J1415.3-6110
0.471,0.2349,3.5231,7.7135,3.183,J1415.4-6458
0.2828,0.2401,3.2436,5.278,1.481,J1415.9-1504
0.3058,0.1154,0.97424,11.3088,3.467,J1416.7-5023
-0.0397,0.035,2.8143,6.328,0.979,J1417.7-6057
0.5413,0.2752,0.49848,6.5905,3.68,J1418.2-5400
0.1627,0.2703,0.45888,5.1948,2.318,J1418.7-6110
-0.0261,0.05,53.55,5.0646,0.487,J1419.2-6029
0.1895,0.1687,0.27522,4.3255,1.624,J1420.7-6701
0.042,0.0751,0.15787,4.7289,0.77,J1420.9-6127
0.1673,0.1138,1.2769,8.08,1.893,J1420.9-2431
0.2273,0.6136,0.47453,5.6619,2.799,J1422.3-6059
0.1046,0.2055,0.049172,4.6741,0.9,J1424.8-6536
0.9994,,2.1278,5.7713,4.09,J1424.8-8012
0.1546,0.0429,0.19536,19.35,4.933,J1427.8-6051
0.6649,0.355,1.4388,5.0227,3.043,J1429.8-0739
0.3361,0.1773,2.9913,7.685,2.319,J1431.0-4432
0.2687,0.1446,0.67961,4.9992,2.299,J1439.2-5142
0.5084,0.2508,10.061,9.5161,3.285,J1441.4-1934
0.2811,0.2857,0.94044,4.7241,1.071,J1442.0+0732
0.43,0.1752,0.3795,7.4138,3.413,J1442.1-2800
0.0951,0.1091,3.4356,5.6581,1.006,J1442.1-3707
0.0982,0.078,0.30256,8.6404,1.458,J1443.7-7037
0.3367,0.2411,2.7961,4.4978,1.754,J1444.1+7601
0.7461,0.4287,1.0175,4.1942,2.467,J1444.8+3645
0.3731,0.073,0.37328,14.9132,8.381,J1444.9-5939
0.4022,0.0909,0.46007,17.472,7.213,J1447.4-5757
0.2784,0.106,0.68305,10.1559,4.234,J1449.8-5923
0.5145,0.2318,1.8573,8.0264,3.602,J1450.8-1424
0.6127,0.3126,1.2396,6.6953,3.418,J1451.6-3726
0.0447,0.1061,99.738,4.6216,0.457,J1452.0-4148
0.575,0.2875,0.52093,5.0855,3.495,J1454.3-5551
0.2026,0.2991,0.13425,4.6128,0.996,J1454.3-3946
0.4768,0.2352,1.316,6.7802,3.664,J1456.3-5419
-0.1118,0.0544,3.4646,4.7132,1.091,J1456.7-6050
0.4947,0.1789,1.94,12.8664,4.176,J1458.8-2120
0.4825,0.2334,0.99555,7.1105,3.009,J1500.1-5846
1.0,,0.70839,8.2228,4.796,J1500.2+2640
0.2913,0.089,1.0531,11.0791,4.963,1501.0-6310e
0.9836,,2.5596,6.4919,4.243,J1502.2-5933
0.0853,0.2545,18.976,4.1123,0.0,J1504.6+4343
0.4593,0.3004,0.56455,4.9351,2.661,J1505.1-5145
0.1565,0.0998,0.12166,5.4501,2.131,J1505.3-5852
0.2721,0.1757,1.8713,6.009,2.346,J1506.5-5708
-0.0288,0.0844,363670.0,4.5229,0.295,J1507.1-1901
-0.0029,0.0292,1.1475e-16,14.0462,0.081,1507.9-6228e
0.29,0.19,1.0259,7.8856,2.689,J1510.1-5750
0.3472,0.6643,0.84351,6.9895,3.274,J1511.2-5803
0.2433,0.1511,0.91932,5.0084,2.128,J1513.0-3118
0.3663,0.1544,2.3582,8.5879,3.514,J1513.7-1519
0.1718,0.1428,0.15719,5.0251,0.939,J1514.0-6240
0.142,0.0486,0.37201,24.0568,3.605,J1514.8+4448
0.0733,0.1187,0.020714,5.1112,0.749,J1515.5-4242
0.0601,0.0818,0.00067041,6.4387,1.185,J1515.6-5817
0.1487,0.0703,0.30027,11.7469,2.553,J1517.7-4446
0.524,0.1139,1.7819,18.8386,6.782,J1517.9-5233
0.0668,0.1029,3.6078,8.5134,0.759,J1519.7+6727
0.1286,0.0951,0.29298,7.0806,1.665,J1520.9-3805
0.1675,0.1358,0.43064,4.7059,1.501,J1521.5-8057
-0.0129,0.0404,1673.4,10.3382,0.3,J1526.3-4501
0.6611,0.2421,1.6472,9.1789,4.9,J1526.6-3810
1.0,,1.9835,11.0391,5.098,J1526.6-2743
1.0,,1.3574,10.8023,6.379,J1527.8+1013
0.3213,0.2041,0.43612,4.2161,2.37,J1527.9-4943
-0.0277,0.0912,9.6275,4.4976,0.279,J1528.4+2004
0.7972,0.2844,0.91516,6.9346,4.095,J1529.4-6027
0.7207,0.2936,1.4017,7.8483,4.367,J1530.0-1522
-0.0308,0.1054,12535.0,4.0852,0.266,J1530.5+5850
0.1954,0.1449,2.0399,5.0969,1.775,J1531.6+0406
0.0592,0.0902,0.23512,4.3753,0.724,J1532.3-3857
0.1989,0.0866,0.73228,11.4304,3.093,J1534.0-5232
0.2935,0.1469,1.614,7.8444,3.029,J1534.3-3312
0.4393,0.2583,1.9331,5.036,2.9,J1534.4-6719
0.9979,,3.6527,6.9907,4.11,J1534.7-5842
0.2588,0.0745,0.47346,18.3282,4.779,J1535.9+3743
0.3144,0.15,0.25885,9.3409,3.246,J1536.8-4327
0.5533,0.2812,0.93308,5.4811,3.522,J1537.3-6110
0.5031,0.1692,0.4894,9.6188,4.809,J1538.0-4638
0.6168,0.111,0.33783,4.6676,2.761,J1538.2-6201
0.0989,0.1098,0.34709,5.3376,1.073,J1538.9+0425
0.0809,0.1166,0.023511,4.6764,0.784,J1539.1+1008
0.6657,0.093,2.6621,30.5315,12.747,J1539.4-3323
1.0,,2.5278,5.5397,3.966,J1541.2-5201
0.1945,0.1153,0.43712,5.9316,2.188,J1542.1-5901
0.3212,0.1846,0.68894,5.2235,2.605,J1543.4-5925
0.5211,0.1489,0.79038,13.6967,5.615,J1543.6-0244
0.3397,0.0804,0.81126,17.9647,6.093,J1544.2-2554
-0.1164,0.0355,7.7792,5.6424,2.212,J1544.9+3218
0.1944,0.1385,0.22035,5.9422,1.946,J1545.2-4553
0.0831,0.0988,0.54769,4.3634,0.966,J1546.8-3244
0.2942,0.1205,0.39538,9.133,3.654,J1547.4-4802
0.0168,0.0507,6.0994e-06,7.9728,0.347,J1547.5-5130
0.726,0.3175,0.73664,8.3143,4.098,J1548.1-4416
0.1777,0.8203,0.41618,5.3306,1.754,J1550.4-5354
-0.0316,0.0649,1.8766,10.4267,0.415,J1550.6+6027
0.1244,0.1014,0.10596,5.6334,1.456,J1551.7-4257
1.0,,0.55227,5.7971,4.577,J1551.9-6015
0.1021,0.0189,1.1622,36.4684,7.495,1553.8-5325e
0.1031,0.0804,20.413,8.3459,1.439,J1554.2+2008
0.527,0.2486,1.7417,7.4253,3.032,J1555.2+7103
0.5583,0.3425,1.8654,5.7539,2.84,J1556.4-6911
0.2245,0.2022,4.6602,4.3124,1.514,J1557.2+3822
0.17,0.1088,0.52388,5.1572,1.96,J1559.7-4518
0.0299,0.0641,0.01807,5.8211,0.494,J1602.0-4402
0.6334,0.2023,2.0995,13.8592,5.428,J1602.2+2305
0.3131,0.0887,2.6115,16.9039,5.061,J1603.3-6010
0.0322,0.0766,0.0026599,6.9671,0.45,J1603.6-0451
0.9433,0.3568,1.8232,5.3417,3.404,J1604.4-4927
0.159,0.1491,0.40657,5.9411,1.342,J1606.6+1324
-0.0128,0.0591,189310000.0,6.1348,0.191,J1608.4+0055
0.4637,0.1244,0.32639,6.4652,3.416,J1608.8-4803
0.4096,0.0885,0.87116,8.2802,4.982,J1610.3-5154
0.9967,,1.7837,6.6913,4.204,J1611.6-6013
0.3421,0.1082,0.53484,7.8642,5.161,J1611.9-5125
0.6441,0.1752,1.9836,14.6433,6.183,J1612.1+1407
0.4918,0.0871,0.56431,4.224,2.36,J1612.1-4526
0.3716,0.2167,1.8792,5.0607,2.209,J1612.4+0409
0.9671,0.0833,0.47241,5.0476,2.965,J1612.4-4419
0.3503,0.1007,0.73941,11.8614,6.501,J1613.0-5102
0.388,0.222,3.4503,4.834,2.469,J1615.3-1512
0.0752,0.0968,0.15613,4.8355,0.893,J1615.5-5434
0.2357,0.2226,0.22678,4.4601,1.594,J1615.9-4322
1.0,,1.6386,17.509,8.585,J1616.6-5341
0.5617,0.0838,0.562,8.0549,6.479,J1616.6-5009
0.1213,0.0932,0.62423,7.4426,1.837,J1618.0-5119
0.5373,0.6494,0.46175,6.5968,3.145,J1618.3-4537
0.5149,0.1057,0.90093,7.2964,5.805,J1619.3-5047
0.1159,0.0734,0.8917,7.3891,2.138,J1619.4-5106
0.3687,0.1115,2.0232,6.6072,3.18,J1619.5-5014
0.5375,0.4397,1.2265,4.4488,2.859,J1620.5-5729
0.1853,0.0985,0.78792,8.824,3.333,J1620.8-4958
0.1198,0.0733,0.49725,5.9268,2.206,J1620.8-5035
0.3751,0.2055,0.59265,4.5612,2.835,J1621.0-2625
0.1834,0.1231,0.59707,6.5756,2.139,J1622.0-5157
0.2911,0.1082,1.2094,12.4713,3.719,J1622.2-7202
0.239,0.0637,0.60684,5.8623,2.438,J1622.5-4726
0.3127,0.0848,0.56316,7.9081,5.259,J1622.7-4934
0.2883,0.078,1.2411,4.1905,2.444,J1622.8-4454
0.0534,0.0753,0.04837,5.6599,0.844,J1623.0-4624
0.0593,0.0882,0.07633,4.2719,0.795,J1623.7-2315
0.3139,0.1024,1.2402,13.209,4.097,J1623.9-6936
0.5416,0.2945,1.9311,6.498,3.851,J1624.1-4941
0.2489,0.1396,0.65804,5.3793,2.513,J1624.1-4417
0.3499,0.1066,1.4393,13.1306,5.085,J1624.3-3952
0.8213,0.2968,0.713,5.933,4.156,J1624.9-4538
0.9878,,0.46163,5.8157,4.757,J1625.3-2338
0.0164,0.3409,1.2876e-05,7.2054,0.386,J1626.0-4917
0.095,0.0671,0.24451,8.745,1.71,J1626.5-4406
0.0029,0.0725,27.477,7.3417,0.063,J1626.5+6257
0.3813,0.2036,0.43489,5.7417,3.455,J1626.6-4251
0.374,0.141,0.74252,8.7766,3.627,J1627.7-5749
0.6742,0.1686,1.819,17.9288,6.766,J1627.7+3219
0.9978,,2.9176,5.5471,3.64,J1628.0-4920
0.1516,0.1293,0.59502,5.3912,1.707,J1628.6-4553
0.3611,0.1514,0.54992,6.7336,4.066,J1629.3-4822
0.9992,,2.1888,9.8918,5.821,J1630.1-1049
0.2682,0.1517,0.35286,5.2074,2.44,J1630.1-3546
0.092,0.1377,36.416,6.6284,0.793,J1631.8+4144
0.5706,0.2195,1.8769,9.465,2.769,J1632.5+3839
-0.0493,0.0488,60.886,4.7614,0.897,J1634.6-4324
1.0,,2.0097,6.7699,4.821,J1634.7+0235
0.4445,0.1815,2.0132,10.8222,3.4,J1635.3+4258
0.2225,0.1045,0.39106,8.453,2.886,J1635.4-3249
0.2726,0.0969,0.59731,10.6308,5.062,J1636.9-4710
0.0584,0.1121,0.0020788,5.0831,0.549,J1637.5+3005
0.0689,0.0783,0.031671,6.9565,0.955,J1639.0-2727
0.5228,0.1994,0.30254,8.834,4.441,J1639.2-5638
0.2097,0.0403,1.306,34.6074,7.193,J1639.3-5146
0.1466,0.0558,0.26575,10.5842,3.933,J1639.8-4642
0.1784,0.0816,0.53609,9.9728,3.003,J1640.3-4917
0.3089,0.1095,0.36537,11.2585,3.982,J1641.3-2908
0.0189,0.1152,1064400.0,4.6849,0.134,J1641.5+2017
0.16,0.161,0.071576,4.1965,1.113,J1643.1+1436
0.4032,0.1827,1.6522,8.9174,3.455,J1643.3-3148
0.2698,0.153,4.2983,6.7482,2.398,J1644.8+1850
0.5315,0.4328,0.32576,5.6836,2.553,J1644.9-4921
0.1041,0.1531,1.2289,5.2537,0.767,J1645.0+1654
0.3542,0.2247,2.372,4.4753,2.568,J1645.1-4123
0.2968,0.1708,0.33851,4.614,2.698,J1645.2-5218
0.1841,0.1094,0.46063,5.0516,2.301,J1646.5-4406
0.5448,0.2488,0.7903,8.2158,4.61,J1646.7-2154
0.0626,0.1095,328.3,6.0641,0.619,J1648.1-1547
0.1502,0.1951,3.0973,4.811,1.007,J1648.7+4834
0.4002,0.1616,0.45012,6.8637,4.847,J1649.2-4513
0.4102,0.1632,1.8044,9.6803,4.64,J1649.3-4441
0.4036,0.0932,1.2712,19.3727,6.735,J1649.8-3010
0.3947,0.0686,0.51958,5.0371,4.279,J1650.9-4420
0.64,0.2434,0.64187,7.2147,4.288,J1651.1-5848
-0.0297,0.0681,10.893,4.4055,0.398,J1651.7-7241
0.946,0.2026,2.3744,8.7405,5.587,J1651.7-4359
0.0262,0.0148,16.394,26.3078,1.784,1652.2-4633e
0.3969,0.1633,0.91214,7.8949,4.395,J1652.2-4516
0.9063,0.3806,4.2006,4.747,2.655,J1653.0+3640
0.2966,0.0628,0.51679,14.3182,7.047,J1653.2-4349
0.0833,0.0926,0.083237,6.3238,1.194,J1654.2-4907
0.9308,0.3134,0.39582,5.8745,3.071,J1654.5-5509
-0.0047,0.0313,847100.0,8.6386,0.158,1655.5-4737e
0.4597,0.2947,2.2457,5.7694,2.379,J1655.9-3940
0.2687,0.1379,0.70223,6.1726,2.451,J1655.9-3101
0.5994,0.2856,2.0872,7.9979,3.853,J1656.4-0410
0.9392,0.3199,1.5894,10.2299,5.811,J1656.5-2733
0.6113,0.2898,0.64434,6.0805,3.612,J1656.9-5717
0.4717,0.331,1.5963,4.8945,2.161,J1657.4-3917
0.1456,0.1078,1.2335,5.7405,1.899,J1657.7-4656
0.07,0.096,0.31481,5.7585,0.907,J1657.7-4520
0.1127,0.1297,0.90911,4.7024,1.248,J1658.3-4637
0.4458,0.1615,1.9787,13.2846,4.464,J1659.0-0140
0.2673,0.1785,1.2239,7.6766,2.426,J1659.2-1443
0.4521,0.3642,0.73851,4.4061,1.577,J1659.9-0122
0.4685,0.1105,0.36399,5.7267,4.341,J1700.2-4237
0.344,0.1032,0.88957,6.4828,3.11,J1700.3-4557
0.2736,0.1331,0.34177,5.5259,2.822,J1700.8-5218
0.2986,0.1747,0.83551,4.7041,2.526,J1701.3-4924
0.237,0.2042,0.33105,4.4419,2.141,J1701.9-4625
0.2402,0.1244,3.371,6.953,2.461,J1702.3-2525
0.0925,0.1076,0.14409,4.2011,1.086,J1702.5-4803
0.2464,0.0354,0.41424,38.9105,10.048,J1702.7-5655
0.324,0.1102,1.1276,10.7485,3.987,J1703.6-2850
0.3636,0.1078,1.5779,13.6397,5.801,J1704.8-4030
0.5377,0.5766,0.64093,5.3222,3.521,J1705.1-4748
0.9952,,2.9447,7.1678,3.414,J1705.2-3850
0.4386,0.1932,0.57885,6.2491,3.703,J1705.4-4850
0.7331,0.4091,0.7116,5.4158,3.725,J1706.2-4950
0.3793,0.1374,0.92908,4.0629,2.028,J1706.4-4609
0.816,0.2088,0.5431,4.6873,1.924,J1706.4-4649
0.1796,0.0925,0.2668,5.7569,2.889,J1706.5-4023
0.2765,0.1879,0.4777,6.4873,2.395,J1706.8-4540
0.0162,0.1019,1.7165e-07,4.9384,0.215,J1707.6-5351
0.2483,0.1538,0.44448,4.7768,2.399,J1708.8-0923
0.9948,,5.4568,5.8287,3.614,J1709.4-2127
0.0922,0.064,0.060231,10.6583,1.675,J1709.4-0328
0.6511,0.2392,0.87989,8.376,5.231,J1709.9-0900
-0.0246,0.071,2334.8,7.4273,0.317,J1710.0+4629
0.3783,0.2693,2.5159,5.5674,2.454,J1710.3-3039
1.0,,0.27548,5.2238,3.77,J1710.8+1135
0.975,0.1305,1.3559,10.8942,6.982,J1711.0-3002
0.1699,0.1284,0.33779,5.8554,1.669,J1711.4-2526
0.4544,0.1523,2.0291,10.4043,4.552,J1711.9-1922
-0.0262,0.0753,0.39093,4.0674,0.363,J1712.9-4105
0.7633,0.5181,3.0037,4.4451,2.706,J1714.8-1421
0.2658,0.0808,0.75217,12.5577,5.392,J1714.8-3849
0.5247,0.1712,1.748,12.3968,4.484,J1714.9-3324
0.1095,0.1272,0.22993,5.1057,1.451,J1715.7-4239
0.1543,0.0922,6.4825,10.2151,2.079,J1716.1+2309
0.1913,0.1356,1.3432,4.3846,1.878,J1716.9-4152
-0.0251,0.0636,6505.8,4.2437,0.361,J1717.0-3218
0.3196,0.113,1.2581,15.4787,4.087,J1717.5-5804
0.9983,,3.4086,6.3848,4.448,J1717.5-4022
0.2134,0.1282,0.44508,6.9726,2.597,J1717.6-4404
0.0554,0.1166,0.0084023,5.535,0.522,J1717.8+1955
0.5412,0.2925,0.9143,7.0189,4.112,J1719.0-4221
-0.0081,0.0532,90424.0,6.3904,0.125,J1719.1-5348
0.5228,0.2219,0.7676,6.7736,3.554,J1719.4-2916
0.119,0.0943,0.30774,5.9031,1.58,J1720.1-4358
0.3805,0.105,0.9335,15.6382,5.186,J1720.6+0708
0.5094,0.1801,0.92514,11.3153,4.619,J1721.3-5257
-0.0819,0.0541,100.86,5.0687,1.146,J1721.4+2529
0.001,0.0736,1.1028e-79,5.052,0.038,J1721.4+1131
0.2326,0.0912,0.7242,9.2866,3.538,J1721.7-3917
0.3168,0.1023,1.0541,7.4518,2.716,J1722.1-3205
0.9871,,2.262,4.954,3.699,J1722.6-3135
0.2507,0.0984,0.85311,9.913,3.595,J1722.8-0418
0.3501,0.2297,0.5335,4.6468,2.74,J1723.1-2859
-0.0199,0.0206,2.8198,10.8578,0.87,1723.5-0501e
0.109,0.1109,0.31112,4.6234,1.246,J1723.6-4126
0.9206,0.2639,0.91753,6.3253,4.518,J1724.5-3008
0.1591,0.1066,0.49695,10.2343,2.134,J1725.1-1924
0.0851,0.0895,0.064547,6.3551,1.096,J1725.5+0840
0.4329,0.2404,1.4958,5.502,3.166,J1726.2-2903
0.2566,0.0842,0.97529,4.3608,1.101,J1726.7-3930
0.098,0.0891,0.3031,5.1884,1.328,J1726.8-2659
0.2658,0.1296,1.466,8.2783,2.742,J1727.4+0326
0.2287,0.1232,1.3244,9.0877,2.824,J1727.6-2304
0.4079,0.3567,0.43212,5.1489,2.469,J1727.6-0849
0.2233,0.1931,0.85101,4.3994,1.796,J1727.7-3621
0.3817,0.0759,0.37738,6.8988,4.132,J1728.0-3550
0.5775,0.2709,1.4211,8.8243,4.237,J1728.1-1610
0.3455,0.1475,1.45,8.7028,3.636,J1729.1-3503
0.5112,0.1147,0.83445,7.2045,3.925,J1729.4-2831
0.5653,0.3912,0.87989,6.4926,3.851,J1729.7-4242
0.1308,0.1006,0.49416,8.3156,1.42,J1729.9-4148
0.7284,0.3476,0.57643,6.8479,4.185,J1730.1-4343
0.9997,,2.9182,5.1085,3.75,J1730.3-2913
0.5756,0.1284,1.5437,17.5202,7.176,J1730.4-0359
0.6565,0.2633,1.8825,7.6285,4.076,J1730.8-3806
0.2305,0.2004,14.848,5.3042,1.396,J1730.8-1123
0.812,0.2815,0.69609,6.1645,4.083,J1731.7-1850
0.3234,0.1092,1.539,4.153,2.623,J1732.0-2659
0.3107,0.1334,0.59897,5.6302,3.028,J1732.7-2559
0.1853,0.1018,0.50673,7.0622,2.405,J1733.2-2915
1.0,,2.157,7.3681,4.098,J1733.4+2235
0.4899,0.2443,0.87141,6.8936,3.738,J1733.6-2431
0.7019,0.2841,0.45853,7.0169,4.636,J1733.9-2220
0.4967,0.0963,1.7479,7.9905,3.754,J1734.0-2933
0.6221,0.268,0.83417,9.6266,4.691,J1734.5-2818
0.1396,0.0978,0.69535,6.214,1.684,J1735.2-1640
0.2418,0.0976,0.36376,10.9944,3.6,J1735.3-0717
0.385,0.1015,1.344,16.9631,5.851,J1736.1-3422
0.2752,0.1656,0.61912,4.756,2.661,J1736.3-2929
0.065,0.1004,0.26758,4.6126,0.752,J1737.2-2421
-0.0355,0.0568,89.978,5.1333,0.533,J1737.3-5300
0.4553,0.1362,0.73596,7.7171,3.246,J1737.3-3332
0.189,0.1054,0.69795,5.9697,2.37,J1737.6-2350
0.1899,0.5483,0.174,4.2992,0.912,J1738.0+0236
0.7612,0.1382,0.7192,11.0443,7.08,J1738.1-2453
0.3955,0.1677,0.6459,6.7774,2.276,J1738.8-3241
0.9999,,1.0401,5.1523,3.447,J1739.1-1059
0.2761,0.1291,0.60974,8.4595,3.351,J1739.2-2717
0.3534,0.1293,0.83692,11.2251,4.603,J1739.3-2531
0.9465,0.3278,1.2701,6.7211,4.662,J1739.5-2929
0.2588,0.6473,0.3363,5.0678,2.025,J1739.6-3155
0.9989,,2.5838,6.991,3.956,J1739.7-2836
0.2387,0.1394,0.2301,5.5743,2.228,J1740.1-1928
0.3834,0.1814,1.9224,6.8789,3.455,J1740.4-2850
0.2075,0.152,0.68198,5.9211,2.178,J1740.6-3430
0.1837,0.1001,0.090757,8.4363,2.241,J1740.7-6750
0.797,0.1899,1.715,8.5034,4.984,J1740.7-2640
0.5839,0.253,1.9661,5.0981,3.133,J1741.1-3328
0.584,1.8111,1.3108,5.9903,3.121,J1741.3-3357
0.9044,0.256,2.6434,7.4517,4.612,J1741.5-3119
0.5411,0.2605,0.86662,5.7059,3.849,J1741.5-2344
0.0038,0.0108,0.094255,29.3928,0.381,1741.6-3917e
0.4449,0.0922,0.61542,6.5205,3.814,J1741.6-2730
0.2844,0.1901,0.62823,5.1173,2.736,J1742.5-2833
0.4799,0.1678,0.63854,11.1711,4.369,J1742.8-2246
0.1763,0.1302,0.56061,5.7961,2.595,J1743.1-3049
0.2588,0.0758,1.8353,4.0967,2.315,J1743.4-3123
0.2304,0.1001,0.33511,5.8919,2.978,J1743.4-2406
0.1658,0.1166,1.89,5.8117,2.06,J1743.6-3341
0.5629,0.144,0.98604,13.6817,6.143,J1743.7-4321
0.1282,0.5571,0.42047,6.5099,0.999,J1743.8-3143
0.6184,0.4916,0.56915,5.5453,3.739,J1743.9-3539
0.3992,0.119,1.6699,12.7269,4.943,J1744.0-1311
0.349,0.1094,0.85147,10.6479,4.725,J1744.7-1557
0.6174,0.2233,1.4507,8.3379,4.891,J1744.9-3322
0.213,0.1278,0.48705,5.5844,2.412,J1744.9-2153
-0.1083,0.0365,20.279,5.5583,1.924,J1745.3+2338
0.2208,0.0605,0.92916,7.4705,2.042,J1745.6-3626
0.3499,0.1826,1.3272,6.2362,3.411,J1745.6-3145
0.0218,0.0165,0.024029,27.3935,1.472,1745.8-3028e
0.227,0.0718,0.5874,4.5096,2.186,J1746.1-2541
0.2701,0.5515,0.35073,6.3688,2.849,J1746.5-2019
0.5752,0.251,0.76672,13.7531,5.922,J1747.0-3505
0.2119,0.0805,1.2978,13.0936,3.345,J1747.6+0324
0.3602,0.5467,0.3387,5.5782,2.213,J1747.7-2141
0.2152,0.1832,8.9034,4.3608,1.312,J1747.8-0316
0.4037,0.2197,1.7031,5.2565,3.354,J1747.9-3224
0.0855,0.078,0.16436,6.3238,1.339,J1748.2-1942
0.5652,0.1808,1.7757,12.4792,6.532,J1748.3-2906
0.5132,0.3173,0.84496,4.5241,2.884,J1748.4+1601
0.5254,0.4313,0.36038,6.623,3.904,J1749.0-2327
0.8617,0.2581,2.6871,7.2308,4.283,J1749.6-3143
0.2177,0.0668,0.32501,13.8554,4.22,J1749.8-0303
0.745,0.2474,0.90452,7.8082,5.516,J1750.0-3849
0.3951,0.1687,0.65911,7.0997,3.855,J1750.4-1721
0.1997,0.0931,0.33985,6.747,2.782,J1750.6-1906
0.347,0.1391,1.5747,4.7699,2.22,J1750.8-4405
0.1561,0.1218,1.3405,5.4485,1.521,J1750.9-3301
0.0415,0.0605,0.060994,7.1691,0.751,J1751.6-1750
0.2578,0.1829,4.4849,4.5364,1.959,J1752.0+3606
0.3088,0.1874,0.41003,4.762,2.879,J1752.3-2914
0.2253,0.0721,1.2623,4.2514,2.156,J1752.3-3139
0.8463,0.2554,1.306,7.2922,4.462,J1752.7-3040
0.4241,0.1697,1.6741,9.2842,4.231,J1752.8-4449
0.2134,0.037,1.1452,32.9534,8.632,J1753.8-2538
0.127,0.0824,1.9467,10.7225,1.845,J1753.9+2443
0.6593,0.3046,17.867,6.4511,1.863,J1754.1-4333
0.4377,0.176,1.0026,6.9995,3.968,J1754.3-4443
0.7934,0.242,0.87937,6.7327,4.736,J1754.3-3236
0.6555,0.1804,1.2603,14.471,5.492,J1754.6-2933
0.9999,,2.6261,6.6001,4.077,J1754.8-3200
0.2492,0.1738,0.43576,4.65,1.991,J1755.9-4009
0.136,0.1985,0.023134,4.6154,0.712,J1756.3+0236
0.5237,0.1965,1.2585,7.1217,3.853,J1757.1-3554
0.3797,0.1491,1.0198,4.0571,2.652,J1757.1-2848
0.2897,0.1061,0.75236,10.3776,3.953,J1757.4-3125
0.4793,0.296,1.3672,5.274,3.333,J1757.6-2731
0.4664,0.1317,3.4915,17.3694,5.5,J1757.7-6032
0.9943,,2.349,6.0602,4.536,J1758.0-2953
0.3103,0.0793,0.51271,8.0279,3.507,J1758.3-1920
0.1889,0.0581,0.83061,16.8374,3.97,J1758.7-4109
0.0552,0.1254,0.00029329,4.4638,0.48,J1759.0-0107
0.9316,0.2931,0.67394,6.3658,4.786,J1759.2-0243
0.2694,0.0853,1.0848,8.3342,5.115,J1759.7-2354
0.2202,0.1285,0.74071,5.7611,2.255,J1759.8-1250
0.1772,0.1372,0.36649,5.4326,1.639,J1800.1-0323
0.892,0.4325,1.2842,6.2076,4.22,J1800.2-2952
0.0429,0.0758,1.7523,4.2323,0.705,J1800.2-2403
0.3777,0.1372,0.95484,4.2689,2.633,J1800.5-2910
0.1597,0.0725,0.88637,9.3647,3.286,J1800.9-2407
0.6004,0.2794,1.0105,6.0514,3.801,J1801.0-2802
1.0,,3.5905,6.6772,4.925,J1801.1-2626
0.2827,0.1901,0.31635,4.3857,1.865,J1801.4-4307
0.0417,0.0421,0.12143,10.0602,1.175,J1801.8-2358
0.5408,0.2305,1.0893,6.4758,4.2,J1802.1-2652
0.8661,0.3759,1.2901,6.3984,3.91,J1802.4+3634
0.3944,0.1279,3.5715,13.9244,5.143,J1802.4-3041
0.4336,0.2476,0.57592,5.5755,2.729,J1802.8-4719
0.2986,0.1329,0.78703,7.3567,3.478,J1803.1-2724
0.2522,0.0785,1.7256,17.3542,4.276,J1803.1-6708
0.4286,0.1778,1.2636,8.2014,3.561,J1803.2+1402
0.2078,0.2054,0.053092,5.7071,1.393,J1803.3+2425
0.9732,0.2514,0.83634,5.5871,4.506,J1803.5-1639
0.5365,0.2148,0.89237,6.8525,4.197,J1803.7-3207
1.0,,0.69132,8.0572,6.196,J1803.8-2908
0.9688,,1.0418,5.4661,3.998,J1804.0-1124
0.1175,0.0601,0.22586,10.486,2.294,J1804.4-0852
0.3269,0.1104,0.37296,4.8043,2.82,J1804.9-1745
0.7475,0.2028,1.6771,12.4577,6.325,J1805.1-3618
0.3236,0.1081,0.42871,12.4159,4.279,J1805.7+3401
0.0919,0.1004,0.15589,4.1229,1.097,J1806.1-3344
0.1905,0.1487,0.22997,4.4732,1.809,J1806.2-1347
0.0804,0.0948,0.15247,4.5738,1.047,J1806.9-2824
0.1259,0.1352,0.19689,4.1117,1.141,J1807.1+2822
0.4617,0.1882,0.56193,7.4921,4.172,J1808.1-1234
0.5411,0.0835,0.69837,7.5524,6.611,1808.2-2028e
0.6754,0.4093,0.46348,6.4124,4.294,J1808.2-1055
0.8911,0.1203,1.1276,16.1206,9.384,J1808.4-3358
0.1301,0.1294,0.19057,5.0567,1.195,J1808.4-4521
0.7562,0.3965,2.1511,5.9933,3.416,J1808.4-3522
0.385,0.1419,0.95951,9.6841,4.101,J1808.5-3701
0.7934,0.273,1.1244,5.5671,4.14,J1809.0-2853
0.1572,0.0834,0.41168,7.63,2.419,J1809.2-2726
1.0,,1.121,6.3226,4.186,J1810.2-3054
0.2368,0.1562,0.55588,5.4035,1.922,J1810.3+1332
0.2476,0.0759,0.49639,4.357,1.799,J1810.5-1415
0.2378,0.1586,1.631,4.3178,1.988,J1810.8-3347
0.1251,0.1113,0.45188,4.3968,1.421,J1811.0-2725
0.3672,0.1288,1.3798,4.9002,2.724,J1811.7-1442
0.6527,0.2915,0.87889,5.1966,4.411,J1811.9-2336
0.7044,0.2458,0.4184,7.6819,5.136,J1812.2-0856
0.4462,0.1518,1.797,10.5644,4.384,J1812.8-3144
0.3049,0.1227,0.69506,8.1646,3.832,J1813.2-1128
0.4932,0.2061,2.5716,8.9231,3.818,J1813.5+2819
0.2019,0.1142,0.50974,8.1266,2.953,J1813.7-1152
0.2286,0.1109,0.81659,9.9637,2.887,J1813.7-6846
0.9933,,0.40367,5.892,4.164,J1814.2-1012
0.6634,0.4764,1.6388,6.5653,3.373,J1814.2-3000
0.6922,0.2154,1.5437,9.8576,6.0,J1814.4+3132
0.5888,0.2506,0.89352,6.8199,3.636,J1814.6-2537
0.3582,0.177,0.77882,9.0605,3.899,J1814.7-3420
0.5892,0.2887,0.35956,7.7068,3.505,J1815.1+5917
0.4953,0.2473,0.74312,5.8651,3.855,J1815.3-1336
0.2512,0.1084,0.49438,8.4651,3.492,J1815.8-1416
1.0,,0.92333,5.4783,4.511,J1816.3-2903
0.0339,0.089,0.00034031,4.271,0.404,J1816.4-0057
0.3562,0.119,0.71824,9.1749,4.819,J1816.4-2727
0.3532,0.1146,0.90685,12.7119,4.648,J1816.4-6405
0.1036,0.1129,0.3938,4.8132,1.084,J1816.5-1208
0.2796,0.1174,1.6266,10.4285,3.033,J1816.7+1749
0.0607,0.05,0.27225,11.684,1.345,J1817.2-3035
0.999,,0.9954,5.1374,4.352,J1817.6-3251
0.5456,0.1511,1.2389,11.1421,5.769,J1817.9-3334
0.3705,0.1025,0.63473,8.0348,3.61,J1817.9-1135
0.5315,0.3436,1.6065,5.5746,3.195,J1818.0-1339
0.3743,0.1559,1.7708,8.8348,3.283,J1818.1-2000
0.0472,0.0809,0.027241,5.2444,0.676,J1818.3-1233
0.2017,0.1379,0.15309,6.0837,1.854,J1818.5+2533
0.5288,0.1589,1.8119,12.4026,5.385,J1818.6+1316
0.3328,0.0705,0.39262,14.9785,7.187,J1818.6-1533
0.5325,0.1929,0.81508,7.1886,4.692,J1818.6-3206
0.1848,0.1137,0.81579,5.6781,1.945,J1818.8-0828
0.5259,2.4405,0.77872,6.8877,3.53,J1819.4-1102
0.2713,0.92,0.22665,4.593,2.132,J1819.9-1300
0.3117,0.1347,0.889,7.5297,3.335,J1819.9-2926
0.9999,,1.8706,9.6487,5.958,J1819.9-1530
0.5017,0.2533,1.6648,7.9764,3.725,J1820.7-3217
0.0929,0.082,22.999,7.6952,1.249,J1821.6+6636
0.4568,0.0994,0.68911,7.0014,3.976,J1822.6-2502
0.1865,0.129,0.35735,6.006,2.037,J1822.8-1118
0.3731,0.142,1.2384,10.4406,3.47,J1822.9-4718
1.0,,1.2467,6.7229,5.081,J1823.2+1209
0.1978,0.0385,0.87647,27.4967,7.279,J1823.3-1340
0.5604,0.2739,1.7159,6.7845,3.845,J1823.8-3544
0.1574,0.1114,0.21584,6.0462,1.673,J1824.2+1231
0.6855,0.1371,3.8295,19.6715,8.412,J1824.2-0621
0.3289,0.1232,1.8314,13.6705,4.089,J1824.2-5427
0.4774,0.3702,2.127,5.7811,2.663,J1824.7+2403
0.4359,0.2442,0.9949,4.8017,2.778,J1825.9-3153
0.2015,0.2011,0.20681,4.5662,1.264,J1825.9-5614
0.4384,0.2296,0.63081,5.5837,3.241,J1826.2-2830
0.4983,0.1214,0.70174,8.0589,4.929,J1826.5-1202
0.9846,0.1791,3.8845,4.2111,2.354,J1827.2+4303
0.3699,0.0978,1.5026,15.9853,5.479,J1827.5+1141
0.8617,0.6427,1.8347,5.5636,3.02,J1828.1-1312
0.3378,0.1341,2.2769,4.6435,2.218,J1828.2-3252
0.989,,0.87418,5.7905,4.105,J1829.6-2545
0.9999,,1.8766,5.5706,3.201,J1829.6-4310
-0.1041,0.1093,10.344,4.6547,1.406,J1830.0-1515
0.6015,0.2301,0.90207,7.7244,4.711,J1830.1-0212
-0.1366,0.0542,11.133,4.1937,1.705,J1830.1-1440
0.2201,0.0734,1.1542,18.1698,3.527,J1830.7-1634
0.4577,0.1458,1.9916,12.3781,5.098,J1830.8-3132
0.4302,0.1168,2.0156,16.9531,5.852,J1831.1-6503
0.1705,0.1136,0.4843,6.7062,2.133,J1831.6-0223
0.089,0.0976,0.34261,5.1679,1.11,J1832.4-0152
0.5409,0.2196,1.3309,6.4736,4.059,J1833.0-3840
0.6172,0.1082,0.78739,7.3971,5.594,J1834.2-0827
0.6486,0.265,1.5532,7.7714,3.687,J1834.3+0613
0.5199,0.1613,1.2468,9.1291,5.892,J1834.7-0724
0.4468,0.1249,0.75605,9.0509,6.032,J1834.9-0800
0.3345,0.1325,0.78803,7.743,3.664,J1834.9-2819
0.0923,0.0972,0.031897,5.4982,1.132,J1835.3-2439
0.567,0.2139,0.96922,8.3785,4.242,J1836.8-2354
0.2639,0.2298,10.802,4.442,1.594,J1836.9+4439
0.2995,0.2406,0.63607,4.3186,2.748,J1838.0-0516
0.4604,0.3229,1.0661,4.1894,2.752,J1838.1-3352
0.2697,0.1551,0.95388,6.472,2.371,J1838.2+3223
0.2963,0.4377,0.94809,6.1746,2.318,J1838.4-0630
0.3959,0.1437,0.94858,6.0021,4.642,J1838.4-0545
0.0267,0.1006,6.5307e-05,4.1586,0.272,J1838.5+3837
0.2266,0.1186,0.57976,5.917,1.926,J1839.0-1502
0.976,,1.8702,6.2227,3.147,J1840.4-1705
0.8248,0.2716,1.7401,9.1385,5.326,J1840.4-1139
0.0567,0.0967,0.47992,4.0806,0.651,J1841.3-4442
-0.0784,0.0561,5.6822,4.3861,1.079,J1841.6+7113
0.6167,0.1684,2.0126,13.7016,6.25,J1842.1+2737
0.1678,0.1157,0.20816,4.539,2.06,J1842.2-0328
0.2168,0.1188,1.0815,7.9342,2.612,J1843.3-1242
0.1639,0.241,0.23302,4.7532,1.806,J1843.7-0326
0.3787,0.1111,1.1508,5.6077,2.63,J1844.8-0957
1.0,,2.3111,5.1,3.84,J1845.0+0159
0.3255,0.0913,0.92289,15.0713,5.139,J1845.8-2521
0.5388,0.268,3.1365,8.3556,3.507,J1846.0+0507
0.5164,0.2103,1.003,6.7951,4.861,J1846.9-0247
0.6373,0.2858,1.8635,5.7194,3.734,J1847.0-0625
0.3484,0.0889,0.61297,11.4064,6.591,J1847.2-0141
0.1938,0.4274,0.51565,5.1983,2.573,J1847.2-0200
0.5143,0.255,2.1289,5.8999,3.423,J1847.7-3433
0.2288,0.117,0.63107,5.9182,2.757,J1848.2-0016
-0.0253,0.0823,3.1212,4.1502,0.274,J1848.7-6307
0.1274,0.2575,0.30774,5.3023,2.218,J1849.4-0117
0.0448,0.0757,0.11219,4.984,0.734,J1850.2-0201
0.4685,0.2091,0.80212,6.6628,3.719,J1850.8-1105
0.1783,0.0767,0.42656,8.5826,3.013,J1851.5+0718
0.6355,0.2031,2.071,10.1884,4.933,J1852.2-1309
0.1334,0.0743,0.26066,8.6744,2.418,J1852.6+0203
0.4413,0.2548,0.59251,4.9001,2.809,J1853.2-0922
0.1506,0.145,0.27602,5.7217,1.284,J1853.3-2447
0.2133,0.1446,0.94643,5.1601,1.708,J1853.6-0620
0.7427,0.1518,0.64742,4.6504,2.702,J1853.8-1107
0.3984,0.2403,2.0662,4.6157,2.929,J1854.3-3640
0.2521,0.0932,0.93711,10.7337,5.206,J1854.7+0153
-0.0041,0.0508,1321400000000.0,5.1314,0.062,J1855.2+0756
0.2187,0.0736,0.26666,9.2997,4.131,J1855.2+0456
0.9991,,0.7441,7.9748,5.309,J1855.3-0740
0.8043,0.2619,1.0815,6.7443,4.473,J1855.6-3603
0.2416,0.1492,1.5667,7.2972,3.546,J1855.8+0150
0.0689,0.0646,0.8853,8.7595,1.201,J1856.1-1222
0.2342,0.1427,0.56188,7.0744,2.063,J1856.5+1735
0.6816,0.2391,3.7667,9.1137,5.066,J1857.1+0056
0.3852,0.1808,1.7998,8.6997,4.664,J1857.4+0106
0.2802,0.1391,0.85176,7.0753,2.755,J1857.8-3220
0.4443,0.0928,0.74002,16.0634,8.904,J1858.0+0354
0.5652,3.0841,0.60573,4.2422,2.481,J1858.0-1052
0.4537,0.127,1.1472,15.5899,5.569,J1858.3-5424
0.6209,0.2563,0.99843,6.8386,4.242,J1858.3-1318
0.2123,0.1474,0.33785,6.327,1.881,J1858.5-4446
0.6259,0.313,0.87538,6.0382,3.468,J1858.9+3636
0.329,0.184,0.89335,6.8215,2.769,J1859.2-0706
0.1682,0.0855,0.58538,8.5699,2.589,J1859.3+0058
-0.0734,0.046,32.468,4.2543,1.192,J1859.8+1545
0.3435,0.1639,0.96882,7.5553,3.05,J1900.4-4941
0.328,0.0907,0.71191,12.6662,6.521,J1900.4+0339
0.427,0.0934,0.55918,10.4015,7.302,J1900.7+0426
0.4125,0.1247,0.4345,7.4814,5.57,J1900.9+0538
0.2805,0.1065,1.1171,10.8088,4.59,J1901.1+0730
0.1928,0.1605,2.6911,4.2969,1.594,J1901.5-2208
0.1565,0.0998,0.27233,7.6751,1.947,J1901.5-1112
0.4791,0.1929,1.6014,8.1636,3.675,J1901.8-0718
0.3769,0.097,0.69063,9.9613,6.526,J1902.2+0448
0.6831,0.3334,1.3054,5.725,3.693,J1902.4-3417
0.229,0.0881,1.0319,11.4571,4.156,J1902.5+0654
0.302,0.2722,0.33698,4.0756,1.356,J1902.7-3246
0.6755,0.3043,0.79768,5.0747,3.779,J1903.5-0825
0.3354,0.175,0.60555,5.6241,2.745,J1904.0-5925
0.0711,0.1003,0.012643,5.2531,0.795,J1904.6-2713
0.3817,0.0825,0.75247,19.3815,7.005,J1904.7-0708
0.2198,0.1283,0.53199,5.5106,2.222,J1905.2-5120
0.6404,0.3018,0.73462,8.6861,3.243,J1905.8+4942
0.9264,0.3572,1.7257,7.9728,4.626,J1906.0-1718
0.8752,0.1861,3.3283,9.5148,5.038,J1906.1+1651
0.6867,0.3236,1.3206,5.2211,2.931,J1906.4-2001
0.1899,0.1103,0.82271,8.9866,1.943,J1906.4-1757
0.2282,0.0417,0.8289,19.6119,8.097,J1906.9+0712
0.1097,0.2277,0.068393,4.5146,0.719,J1907.7-4037
0.3696,0.0893,0.50692,10.9474,6.626,J1908.7+0812
0.4395,0.0831,1.3882,21.0456,7.699,J1908.8-0131
0.3543,0.2119,1.2817,6.2987,2.705,J1909.2+4646
0.7321,0.3923,0.62839,5.7924,2.259,J1910.1-4704
0.0996,0.1243,0.78736,9.0768,2.389,J1910.2+0904
0.4475,0.2054,0.69576,10.6599,3.668,J1910.7-5320
0.6596,0.3277,1.6275,6.5672,3.667,J1911.4-4856
0.6,0.3626,0.71972,5.0173,3.018,J1912.2+3621
0.4263,0.1404,0.3362,8.0233,4.973,J1912.5+1320
0.4396,0.177,1.5738,9.2088,3.987,J1912.7+4610
0.4793,0.1032,0.77457,9.9871,7.168,J1912.7+0957
0.57,0.2105,1.5914,10.131,4.939,J1913.4-1526
0.3508,0.1773,0.59614,5.174,2.901,J1914.6-1157
0.2984,0.4336,0.76737,6.6193,3.452,J1914.7+1012
0.4047,0.0955,0.52132,10.0239,6.783,J1915.3+1149
0.3123,0.0961,2.6291,18.2624,5.068,J1916.8-3025
0.3011,0.1671,0.66224,6.6623,2.46,J1917.6-3204
1.0,,1.3093,6.8102,4.199,J1919.1+2354
0.5667,0.1528,0.33063,6.0466,4.987,J1919.4+1313
0.2038,0.0945,0.72243,10.903,3.06,J1920.0-2622
0.9598,0.3147,1.3857,5.789,4.336,J1920.7+1334
0.4843,0.2626,1.3524,5.679,2.794,J1921.1+1930
0.3575,0.1472,0.50834,5.4139,4.018,J1922.4+1453
0.4004,0.2335,0.93628,5.6412,2.622,J1922.5-5233
0.3807,0.1269,0.56451,7.6415,5.559,J1922.7+1428
0.1518,0.0967,0.53187,4.7824,2.18,J1924.3+1601
0.4854,0.1562,2.3192,12.3878,5.215,J1924.8-1035
0.3162,0.1205,0.46598,7.075,4.133,J1925.3+1522
0.0221,0.035,0.0051208,12.0595,0.713,J1925.4+1616
0.1571,0.0709,0.2896,8.9027,3.077,J1926.4+1602
0.3992,0.0985,0.72895,12.0971,6.937,J1929.0+1729
0.3525,0.0783,0.6225,15.7964,7.269,J1931.1+1656
0.2751,0.1713,0.28053,5.7527,2.387,J1933.4-2711
0.9989,,0.73261,5.6604,3.128,J1934.2-1446
0.2658,0.177,0.31729,4.3162,1.991,J1934.2+1036
0.0922,0.1238,0.044629,4.3326,0.87,J1935.0-0553
0.6762,0.4658,1.8269,5.4459,3.252,J1936.6+1921
-0.0112,0.0743,1015900.0,4.1874,0.145,J1937.1-0444
0.4403,0.2661,0.51127,4.2907,2.52,J1939.7-1242
0.2626,0.1091,0.70753,10.675,3.382,J1940.2-2511
0.3609,0.1894,0.98359,5.6405,2.468,J1943.9+2841
0.4558,0.2265,3.4794,9.5779,3.619,J1944.8+4301
0.2963,0.1467,1.1426,6.7368,2.875,J1946.5-1527
0.5787,0.2712,3.0951,6.801,3.802,J1947.0+0031
0.4918,0.407,3.1289,4.5268,2.1,J1947.1+1729
0.2197,0.0978,0.59159,8.8729,2.906,J1947.6-1121
0.1796,0.1758,0.39497,4.586,1.335,J1948.0-2845
0.7645,0.2084,2.0603,7.2387,4.408,J1948.9+3414
0.3048,0.1127,0.81665,9.2697,3.807,J1949.2-1453
0.2857,0.1387,0.41286,6.3494,3.186,J1950.6+2416
0.6109,0.2476,0.88588,7.1795,4.645,J1951.0+2523
0.2124,0.2217,0.54254,5.7393,1.404,J1951.3-8015
0.3722,0.0969,0.65303,7.8631,3.803,J1951.6+2621
0.1012,0.0975,0.26716,10.7896,1.456,J1953.5+3841
0.8389,0.3628,1.6029,5.0806,3.51,J1954.5+2420
0.364,0.1738,0.3582,5.4401,3.433,J1954.8+2543
-0.0717,0.0459,38.617,5.9511,1.227,J1955.3-5032
1.0,,2.2364,6.9135,3.977,J1956.6-7011
0.1575,0.156,1.1152,4.5172,1.144,J1957.6+1230
0.9993,,10.581,6.1677,3.24,J1959.3-6121
0.3357,0.2036,0.76062,4.3787,2.605,J1959.9+1833
0.614,1.121,0.38487,4.3737,1.387,J2001.5-0958
-0.0482,0.0399,92.963,5.892,1.07,J2005.8+3357
0.2163,0.2804,58.718,4.1131,1.094,J2006.0-6538
-0.0056,0.0791,48685000.0,4.5642,0.062,J2006.4-0354
0.2572,0.1436,2.0303,8.1188,2.526,J2007.2-3157
0.3266,0.1907,1.4471,8.6566,3.892,J2007.9+2511
0.9992,0.0456,7.8607,5.3194,1.738,J2008.4+1619
0.6124,0.2488,2.5478,7.2854,4.026,J2009.9-2116
-0.1222,0.0334,5.3501,6.1349,2.267,J2012.1-5234
0.3764,0.2833,12.881,4.1984,1.78,J2013.9-8717
1.0,,7.0039,6.4564,3.708,J2017.3+3525
0.1148,0.1204,0.99852,4.0994,1.133,J2019.6+0616
0.9998,0.0644,48.193,4.2923,2.813,J2021.9+3609
0.1791,0.126,0.17158,7.0677,1.763,J2023.3-1947
0.6895,0.2693,2.1971,4.6501,2.921,J2026.0+4718
0.5713,0.2298,3.3242,9.3406,4.127,J2026.3+1431
0.6987,0.1519,0.92645,16.1889,7.868,J2027.0+2811
0.6469,0.5006,1.0153,4.5958,1.463,J2029.4+1013
1.0,,0.91905,9.8799,5.702,J2029.5-4237
0.045,0.0847,372.4,6.4346,0.566,J2030.3-5038
0.9646,0.301,10.154,5.3467,2.464,J2030.5+2235
0.7886,0.1311,2.6886,23.298,10.871,J2035.0+3632
-0.0332,0.073,89506.0,4.9752,0.411,J2035.3+0557
0.3461,0.2734,1.32,5.5892,2.224,J2036.2-0207
0.1688,0.1845,0.18555,4.3935,1.325,J2036.3+5642
0.1534,0.0994,0.14587,10.3725,2.038,J2037.0-2826
0.3819,0.083,0.39474,16.3195,7.468,J2038.4+4212
0.4005,0.1485,1.0247,12.5249,4.18,J2039.4-3616
0.2562,0.0408,1.2832,41.8061,8.962,J2039.5-5617
0.1214,0.1573,0.031635,4.4543,0.966,J2040.1-3137
0.1013,0.1108,0.096642,4.4024,1.063,J2040.4+0312
0.0609,0.0771,0.44289,7.5352,0.877,J2041.1-6138
0.3085,0.0535,0.9494,27.9197,8.101,J2041.1+4736
-0.0226,0.0762,53.269,4.3178,0.26,J2042.1-5320
0.0634,0.0792,0.71148,6.151,0.893,J2042.7+1519
0.3584,0.213,1.1633,4.6658,2.751,J2043.9+2051
0.719,0.1757,1.8871,16.2465,6.787,J2043.9-4802
0.0108,0.0737,0.016044,4.567,0.147,J2045.6+2455
0.7383,0.2546,2.1595,11.3356,5.059,J2045.9-6835
0.2767,0.1444,0.74391,9.821,2.665,J2046.1-1626
0.1137,0.1275,5.4797,5.665,1.078,J2046.9-5409
0.9344,0.2579,0.28976,5.4449,3.991,J2047.5+4356
0.0373,0.1424,0.0017648,4.4642,0.225,J2048.4-2517
0.0904,0.1353,0.18054,5.8435,0.906,J2050.0+4114
0.3462,0.244,1.3713,4.3628,2.409,J2050.4-3015
0.0325,0.078,0.069857,4.4584,0.426,J2052.1+5539
0.5131,0.213,0.60182,8.7481,4.666,J2052.3+4437
0.1303,0.1011,0.10982,5.4779,1.553,J2052.8+5739
0.1104,0.0873,0.13557,7.2957,1.466,J2054.1-4054
0.3464,0.1087,0.95116,11.9881,4.472,J2054.2+6904
0.1637,0.0956,0.37164,9.2199,2.187,J2056.4-5922
0.6348,0.3159,2.0032,5.8858,3.437,J2058.0+3338
0.0917,0.1907,2950.5,4.7826,0.593,J2058.5-1833
0.4519,0.2412,0.51,5.5924,1.827,J2100.0+1445
0.0578,0.082,0.082079,6.9915,0.744,J2100.0-4356
0.1995,0.1864,0.3359,4.2913,1.663,J2101.8+5044
0.737,0.2984,1.3682,6.5809,3.83,J2104.0+4623
-0.0488,0.0337,19.231,8.6712,1.248,J2104.4+2116
0.0905,0.0868,0.97136,8.0779,1.271,J2105.9+7508
0.1245,0.1344,0.2213,4.1301,1.079,J2107.7+3529
0.2231,0.065,0.28449,13.7746,3.865,J2108.0+5155
0.347,0.1304,31.769,9.5904,3.262,J2109.6+3954
0.4224,0.0451,2.1442,50.3083,14.871,J2112.5-3043
0.1768,0.0871,0.51287,10.4693,2.553,J2114.3+5023
-0.0335,0.0472,107.8,7.1942,0.618,J2114.9-3326
0.9986,,0.96803,11.5658,6.523,J2116.2+3701
0.2801,0.1362,0.93231,10.2526,3.003,J2117.0+1344
0.1104,0.0933,2.9578,8.9042,1.514,J2117.1-5307
0.1188,0.0897,0.33765,10.794,1.706,J2117.9+3729
0.237,0.2172,31.346,4.0873,1.449,J2118.3+4055
0.1455,0.1063,0.13913,5.0974,1.815,J2120.0+5257
0.9998,,4.9647,5.3115,3.828,J2121.8-3412
0.1129,0.1303,12.079,5.2113,0.987,J2125.6+0458
0.111,0.0584,0.34635,14.5111,2.881,2129.9+5833e
0.9985,,0.88519,5.1756,3.681,J2130.8+2649
0.5041,0.323,0.71992,4.6202,2.389,J2131.4-1124
0.59,0.129,1.2646,20.9141,7.038,J2133.1-6432
0.1263,0.1368,0.10324,5.2419,1.065,J2141.4+0733
-0.0626,0.053,6.0008,6.7286,0.983,J2142.5-2029
0.1029,0.0891,0.13346,6.6792,1.455,J2143.4+6608
0.9995,,3.8501,5.6625,3.549,J2144.2+7709
0.4349,0.3754,4.1049,6.0223,1.831,J2151.2-4034
0.0362,0.076,0.00032292,8.67,0.508,J2152.0+4718
0.0575,0.0795,190.24,10.7288,0.805,J2159.6-4620
0.6162,0.2349,2.0623,12.1375,3.733,J2201.0-6928
0.0752,0.1329,0.0016012,4.2887,0.677,J2205.8-8254
0.0056,0.0917,1257800.0,4.7786,0.063,J2207.1+2222
0.1792,0.0392,0.57895,21.8474,6.611,2208.4+6443e
0.2869,0.1551,0.097764,6.7656,2.576,J2209.2+3710
0.0993,0.1625,0.21614,4.5404,0.751,J2210.2+1624
0.5175,0.1296,1.2427,14.0851,6.491,J2212.4+0708
0.48,0.1849,1.552,9.3641,3.755,J2218.8+4736
0.677,0.2251,2.5378,12.9877,4.555,J2219.7-6837
0.3251,0.0864,0.42591,12.8926,5.164,J2220.8+6319
0.6097,0.4146,9.0674,4.3354,1.866,J2222.9+1507
0.0759,0.1037,6.4558,6.0214,0.806,J2225.8-0804
0.8673,0.2943,0.51022,6.239,3.036,J2227.1+6455
0.2343,0.1219,0.2834,6.4436,2.922,J2233.3+6530
0.0742,0.0758,2.4156,10.1648,1.115,J2234.2-4156
0.6128,0.5459,9.1064,4.3295,1.862,J2236.9+1839
0.0752,0.1173,6.7305,7.546,0.666,J2237.2-6726
0.4355,0.3007,0.10937,5.2397,1.943,J2237.6-5126
-0.0402,0.029,13.158,10.3158,1.11,J2240.3-5241
0.9946,,0.89047,5.1727,4.035,J2241.2+4303
0.5491,0.2122,1.8004,9.8981,3.91,J2241.4-8327
-0.0401,0.0692,1496.6,5.6893,0.532,J2247.7-5857
0.2837,0.7047,0.15787,5.8911,2.778,J2249.4+6222
0.0604,0.1256,0.41272,5.4748,0.555,J2249.9+0452
0.7733,0.2299,1.0329,13.5,6.42,J2250.5+3305
0.5693,0.3534,12.113,4.4326,1.939,J2250.6+5809
0.0817,0.146,0.052716,5.6368,0.65,J2255.4-3252
0.1776,0.1508,17.617,5.4213,1.629,J2303.9+5554
0.1169,0.0437,47.771,10.4479,3.542,2304.0+5406e
0.3672,0.3649,2.7037,4.5918,1.315,J2311.6-4427
0.3359,0.1904,0.28678,5.4389,2.606,J2312.4+8253
-0.077,0.0722,29.005,4.6319,0.785,J2316.7-3144
-0.0772,0.0601,25.108,5.3103,1.024,J2316.8-2518
-0.0299,0.0409,3.1723,9.6641,0.65,J2317.7+2839
0.3047,0.1561,0.61673,6.8058,3.21,J2317.8+6140
0.1857,0.4919,20.633,5.0246,0.9,J2320.2+0707
0.2289,0.1903,4.4638,5.8057,1.36,J2321.9-4842
0.0142,0.098,2.3549e-06,4.2952,0.146,J2323.1+2040
0.6059,0.4395,2.8064,5.1549,2.194,J2323.9+2519
0.1825,0.149,0.029103,5.8517,1.529,J2324.6+3115
0.2053,0.1851,0.085812,4.0953,1.381,J2326.5+8555
-0.0501,0.0651,1277.8,5.0058,0.621,J2326.9-4130
0.0221,0.1082,6.638e-09,4.3689,0.175,J2330.5-2445
0.0542,0.1315,8.8902,4.3784,0.428,J2331.6+4430
0.328,0.1013,1.2945,19.3826,4.466,J2333.1-5527
0.5468,0.3672,2.0184,4.4527,1.909,J2336.2-0715
0.0024,0.0954,5.9075,5.5888,0.0,J2336.9-8427
0.5755,0.4391,2.7143,4.1659,1.841,J2337.7-2903
-0.013,0.0626,165.08,6.3641,0.191,J2339.4+3008
0.2747,0.1225,0.86166,9.5446,2.948,J2342.4-4739
0.9777,,5.2026,8.4737,3.128,J2343.0-4756
0.0163,0.0369,9.918e-08,20.8201,0.457,J2347.9-5106
0.1718,0.2002,0.60244,4.5013,1.049,J2351.4-2818
-0.0445,0.0447,1123.2,8.5764,0.884,J2353.2+3135
0.0604,0.0957,0.002726,4.8604,0.785,J2353.5+6646
0.4291,0.1928,1.0719,9.3059,3.069,J2355.2-5247
0.1704,0.0801,0.2483,14.5845,2.725,J2355.5-6614
0.0633,0.0943,0.023573,5.1143,0.761,J2357.8+6839
0.6137,0.3765,0.75451,5.3262,2.592,J2359.3+1444
