E_peak,beta,sigma,beta_Rel,number,anomaly,anomaly_score
2.5129,0.0897,7.3996,1.6309921962095877,0,-1,-349.22559301610033
1.4782,0.4163,5.415,0.7708383377372088,1,-1,-349.2255930157711
1.5964,0.6783,10.7909,0.3712221730797582,2,-1,-349.22559301610033
0.93095,0.2771,7.6056,0.6286539155539516,3,-1,-349.22559301610033
0.4448,0.3207,4.2748,0.5675085749922045,4,-1,-349.2255171652174
0.51449,0.103,4.8184,1.1155339805825244,5,-1,-349.2255929281657
0.055744,0.2058,5.49,0.8182701652089407,6,-1,-349.2255930157896
0.36339,0.1515,6.8421,0.8825082508250827,7,-1,-349.22559301610033
0.51802,0.4402,8.9575,0.3884597910040891,8,-1,-349.22559301610033
0.40093,0.2463,4.4725,0.7722289890377589,9,-1,-349.2255853497385
0.067157,0.0751,8.5289,0.9813581890812252,10,-1,-349.22559301610033
0.80962,0.0173,7.3434,4.283236994219653,11,-1,-349.22559301610033
3.1638,0.199,7.0517,0.8195979899497486,12,-1,-349.22559301610033
0.060414,0.0075,5.3969,13.013333333333335,13,-1,-349.22559301610033
1.404,0.6046,6.3435,0.5332451207409857,14,-1,-349.22559301610033
6.8748,0.1205,5.3665,1.0473029045643154,15,-1,-349.2255930160971
0.87529,0.209,8.7518,0.5,16,-1,-349.22559301610033
104.25,0.0485,5.3962,2.402061855670103,17,-1,-349.22559301610033
0.026676,0.0601,4.2883,2.1547420965058235,18,-1,-349.2255929947791
1.7016,0.5332,21.1933,0.205926481620405,19,-1,-349.22559301610033
0.00021971,0.016,4.9956,6.137499999999999,20,-1,-349.22559301610033
6.9674,0.0494,6.8904,1.7489878542510122,21,-1,-349.22559301610033
1.5868,0.3982,14.4809,0.361878453038674,22,-1,-349.22559301610033
0.58574,0.2364,7.0286,0.7136209813874788,23,-1,-349.22559301610033
11.133,0.5162,4.292,0.6652460286710578,24,-1,-349.2255930160804
47.489,0.3704,7.3768,0.4646328293736501,25,-1,-349.22559301610033
0.00041469,0.033,4.8986,2.3757575757575755,26,-1,-349.22559301608885
0.30009,0.2373,13.9413,0.3383902233459755,27,-1,-349.22559301610033
3.9697,0.1,5.6163,1.227,28,-1,-349.22559301609886
6.1427,0.7739,5.4138,0.3990179609768704,29,-1,-349.2255930160955
6.9046,0.396,6.7401,0.6166666666666666,30,-1,-349.22559301610033
0.1408,0.0687,4.2632,2.828238719068413,31,-1,-349.2255930159516
1.2787,0.3421,5.1534,0.8050277696579946,32,-1,-349.22559301007936
10.804,0.3954,5.5429,3.982043500252909,33,-1,-349.22559301610033
0.37253,0.7563,7.5858,0.2620653179955044,34,-1,-349.22559301610033
1.9488,0.4975,4.414,0.6840201005025125,35,-1,-349.22558849883404
21.26,0.2051,4.4404,1.0185275475377864,36,-1,-349.22559301610033
0.28652,0.0864,7.8284,1.8159722222222223,37,-1,-349.22559301610033
0.23882,0.4794,8.7836,0.4549436795994994,38,-1,-349.22559301610033
0.272,0.0598,4.1455,2.3561872909698995,39,-1,-349.2255929990156
2.1891,0.6365,10.4668,0.4205813040062844,40,-1,-349.22559301610033
9.3339,0.1988,6.9161,0.7067404426559357,41,-1,-349.22559301610033
0.53966,0.5065,5.0722,0.5194471865745312,42,-1,-349.22559297352853
0.0090845,0.0633,5.1091,1.7156398104265405,43,-1,-349.22559301596345
23.535,0.0512,6.3117,2.0234375,44,-1,-349.22559301610033
13.794,0.6501,4.1528,0.9636978926319026,45,-1,-349.22559301610033
7.3321,0.1229,9.5607,0.6427990235964199,46,-1,-349.22559301610033
0.11622,0.4861,4.275,0.6218885003085786,47,-1,-349.2255574128956
3.0313,0.0556,7.1591,1.327338129496403,48,-1,-349.22559301610033
0.55735,0.2999,9.5115,0.3471157052350783,49,-1,-349.22559301610033
0.45476,0.0818,5.3428,1.6784841075794623,50,-1,-349.2255930160887
0.041636,0.0922,5.4427,1.009761388286334,51,-1,-349.2255930158507
1.2163,0.3705,43.5448,0.124966261808367,52,-1,-349.22559301610033
8.3061,0.3546,4.2168,0.9715172024816692,53,-1,-349.22559300840715
18.49,0.147,5.1405,1.0272108843537415,54,-1,-349.22559301610033
6.0208,0.1296,5.021,1.0262345679012346,55,-1,-349.2255930157413
0.16389,0.1141,6.0511,1.1910604732690622,56,-1,-349.2255930161003
18.371,0.9911,4.2564,0.1519523761477146,57,-1,-349.22559301610033
0.46869,0.4022,10.4705,0.3575335653903531,58,-1,-349.22559301610033
1.8193,0.5178,20.9039,0.2217072228659714,59,-1,-349.22559301610033
0.39142,0.2231,4.4495,0.6190049305244285,60,-1,-349.2255728920708
0.42538,0.1386,4.1247,1.3658008658008658,61,-1,-349.2255837523146
1.5818,0.4465,4.1471,0.7740201567749161,62,-1,-349.22555570186216
13.769,0.5035,9.6361,0.4589870903674281,63,-1,-349.22559301610033
6.6083,0.8501,4.2401,0.85260557581461,64,-1,-349.22559300573386
0.26272,0.1671,4.7355,1.4087372830640337,65,-1,-349.2255929850942
2.1508,0.1168,16.8691,0.5291095890410958,66,-1,-349.22559301610033
6.4615,0.1658,7.0131,0.7515078407720145,67,-1,-349.22559301610033
0.001514,0.0609,5.124,1.4827586206896552,68,-1,-349.225593015561
2.477,0.5853,5.354,0.658294891508628,69,-1,-349.22559301573
29.856,0.3752,4.08,1.474946695095949,70,-1,-349.22559301610033
1.3024,0.6027,19.637,0.2020905923344947,71,-1,-349.22559301610033
13.594,0.1827,6.0771,0.7668308702791462,72,-1,-349.22559301610033
0.00038,0.0641,4.584,2.031201248049922,73,-1,-349.22559301280506
0.10933,0.1182,4.9814,0.9213197969543148,74,-1,-349.2255929655316
0.83632,0.4803,4.0556,0.5463252134082865,75,-1,-349.225357931032
0.9815,0.1991,5.2499,0.9482672024108488,76,-1,-349.22559301433097
12.476,0.0724,4.689,1.8825966850828728,77,-1,-349.22559301610033
0.047584,0.1064,6.1951,0.8524436090225564,78,-1,-349.2255930161003
0.87805,0.4832,10.1015,0.3313327814569536,79,-1,-349.22559301610033
0.45868,0.6221,7.7579,0.243529979103038,80,-1,-349.22559301610033
13.638,0.0743,4.4748,1.5302826379542394,81,-1,-349.22559301610033
1.6586,0.0617,5.6909,2.00162074554295,82,-1,-349.22559301610033
1.6143,0.3588,28.0187,0.1953734671125975,83,-1,-349.22559301610033
0.099917,0.0785,5.6633,1.1617834394904458,84,-1,-349.2255930160923
0.18204,0.5867,28.8993,0.1165842849838077,85,-1,-349.22559301610033
0.27256,0.131,6.6336,0.933587786259542,86,-1,-349.22559301610033
2.8215,0.0521,8.5078,1.476007677543186,87,-1,-349.22559301610033
0.1098,0.1311,5.0649,0.855072463768116,88,-1,-349.2255929864634
0.70925,0.9515,5.0502,0.3048870204939569,89,-1,-349.2255929890214
0.60093,0.7372,6.4752,0.3151112316874661,90,-1,-349.22559301610033
2.9174,0.1064,5.9987,1.0968045112781954,91,-1,-349.2255930161003
8.162,0.6502,5.6279,0.5547523838818825,92,-1,-349.22559301610033
0.53482,0.8313,6.4382,0.3427162275953326,93,-1,-349.22559301610033
0.010104,0.0771,8.1483,1.0985732814526588,94,-1,-349.22559301610033
39.444,0.0137,4.5422,6.54014598540146,95,-1,-349.22559301610033
8.2624,0.112,6.6117,1.032142857142857,96,-1,-349.22559301610033
1.0193,0.9819,13.2041,0.1181383032895407,97,-1,-349.22559301610033
1.5446,0.3223,27.6206,0.1886441203847347,98,-1,-349.22559301610033
1.6268,0.4661,7.6396,0.5721948079811199,99,-1,-349.22559301610033
0.38155,0.4241,25.222,0.1492572506484319,100,-1,-349.22559301610033
0.025961,0.1263,10.6014,0.7640538400633413,101,-1,-349.22559301610033
0.17789,0.2687,5.1334,0.5042798660215855,102,-1,-349.22559295930284
0.39739,0.4702,6.8637,0.4472564866014462,103,-1,-349.22559301610033
3.1757,0.4807,7.7449,0.5331807780320366,104,-1,-349.22559301610033
0.8483,0.2241,10.5626,0.4457831325301205,105,-1,-349.22559301610033
13.893,0.1439,11.8161,0.6108408617095206,106,-1,-349.22559301610033
0.086545,0.0447,4.5811,3.185682326621924,107,-1,-349.2255930161
0.19796,0.2265,5.9152,0.4856512141280353,108,-1,-349.2255930160865
0.40431,0.0873,4.3322,2.049255441008018,109,-1,-349.2255929894946
0.34322,0.3537,4.2845,0.5552728300819904,110,-1,-349.2255254784164
0.49939,0.2151,7.4908,0.6313342631334263,111,-1,-349.22559301610033
0.32826,0.3203,6.9258,0.5151420543240712,112,-1,-349.22559301610033
0.36053,0.2299,6.0472,0.5163114397564158,113,-1,-349.22559301609806
7.0777,0.2223,6.8287,0.7737291947818263,114,-1,-349.22559301610033
8.1597,0.5868,4.0586,0.6567825494205862,115,-1,-349.2255929874002
3.8405,0.7759,9.2984,0.4044335610259054,116,-1,-349.22559301610033
3.3729e-06,0.0212,4.6257,4.8915094339622645,117,-1,-349.22559301610033
5.5827,0.44,5.5799,0.5179545454545454,118,-1,-349.22559301609607
1.6929,0.3995,41.8525,0.1361702127659574,119,-1,-349.22559301610033
1.2003,0.5305,7.6243,0.55626767200754,120,-1,-349.22559301610033
0.057105,0.1161,5.7575,0.9371231696813092,121,-1,-349.22559301609124
3.6172,0.0821,8.3018,1.1887941534713764,122,-1,-349.22559301610033
0.26898,0.1781,5.0611,0.7259966311061201,123,-1,-349.22559296527675
0.32607,0.0323,25.216,0.5386996904024767,124,-1,-349.22559301610033
0.4887,0.5321,4.8191,0.529599699304642,125,-1,-349.22559260594284
71.17,0.003,23.2474,5.266666666666668,126,-1,-349.22559301610033
0.048244,0.138,4.1431,0.9253623188405796,127,-1,-349.2255120406209
0.91082,0.7123,13.647,0.2309420188122981,128,-1,-349.22559301610033
0.2142,0.2125,5.1338,0.6103529411764707,129,-1,-349.22559297651014
0.69383,0.2558,7.4954,0.6196247068021892,130,-1,-349.22559301610033
0.56403,0.3349,4.6999,0.7357420125410571,131,-1,-349.2255921302566
3.5247,0.9318,5.0413,0.6382270873578021,132,-1,-349.22559301511217
0.090608,0.1285,4.9909,0.9214007782101168,133,-1,-349.2255929714598
0.83716,0.3107,7.2748,0.4776311554554233,134,-1,-349.22559301610033
1.0096,0.0741,5.078,1.5856950067476383,135,-1,-349.2255930157309
0.95302,0.3488,13.6926,0.3922018348623853,136,-1,-349.22559301610033
26.289,0.3698,5.2616,0.9899945916711737,137,-1,-349.22559301610033
0.045933,0.0652,4.5577,1.5613496932515338,138,-1,-349.2255929222438
0.92971,0.8815,5.7967,0.2856494611457743,139,-1,-349.2255930160816
0.0054752,0.0166,12.1572,3.86144578313253,140,-1,-349.22559301610033
0.12958,0.1449,4.9232,0.8812974465148379,141,-1,-349.22559291408936
0.01165,0.0606,4.2092,2.201320132013201,142,-1,-349.22559298544405
2.5657,0.2847,23.5802,0.2276080084299262,143,-1,-349.22559301610033
0.038195,0.0229,6.4121,3.0262008733624453,144,-1,-349.22559301610033
0.3062,0.4238,4.6307,0.4646059462010382,145,-1,-349.22558856153347
11.498,0.34,9.0474,0.5352941176470588,146,-1,-349.22559301610033
1.0074,0.4088,5.5943,0.4417808219178082,147,-1,-349.2255930157477
0.40471,0.7749,8.07,0.2639050200025809,148,-1,-349.22559301610033
0.52525,0.8637,5.0144,0.3196711821234225,149,-1,-349.22559296379717
3.4862,0.2133,6.7741,1.0089076418190344,150,-1,-349.22559301610033
0.50915,0.0848,6.0535,1.311320754716981,151,-1,-349.22559301610033
0.52896,0.4666,7.459,0.3516930990141448,152,-1,-349.22559301610033
1.3365,0.2918,8.8998,0.5054832076764907,153,-1,-349.22559301610033
0.68128,0.8136,5.3141,0.5951327433628318,154,-1,-349.2255930153093
1.0071,0.3412,5.6148,0.7236225087924971,155,-1,-349.2255930160286
0.79125,0.4857,7.5484,0.3928350833848054,156,-1,-349.22559301610033
0.53928,0.5247,6.5808,0.3413379073756432,157,-1,-349.22559301610033
2.6224,0.2945,4.2954,1.0431239388794566,158,-1,-349.22559006871165
0.73186,0.1936,4.1205,0.922004132231405,159,-1,-349.22551943111864
0.4587,0.6863,5.2683,0.5861867987760454,160,-1,-349.22559301383245
2.1716e-05,0.0262,5.034,2.6335877862595423,161,-1,-349.2255930161
0.18913,0.4006,5.0247,0.5274588117823265,162,-1,-349.22559291837064
0.78304,0.3434,6.8182,0.3814793244030285,163,-1,-349.22559301610033
0.91884,0.0414,7.9599,1.3623188405797102,164,-1,-349.22559301610033
0.097034,0.1151,5.7827,0.788010425716768,165,-1,-349.22559301608425
21.34,1.0,4.3367,0.0038,166,-1,-349.22559301610033
0.81171,0.8196,5.536,0.3955588091752074,167,-1,-349.22559301587523
0.22218,0.2072,5.0151,0.8938223938223938,168,-1,-349.22559298481497
15.261,0.1651,5.0235,1.3113264688067838,169,-1,-349.22559301610033
2.686,0.2723,5.49,0.6210062431142123,170,-1,-349.2255930158459
31.027,0.0386,4.3604,2.8341968911917097,171,-1,-349.22559301610033
0.13411,0.2563,5.5749,1.1498244245025362,172,-1,-349.2255930160861
4.0982,0.0557,4.5631,2.490125673249551,173,-1,-349.2255930160729
0.5579,0.3848,4.5972,0.5062370062370063,174,-1,-349.22558761319965
0.24425,0.1354,6.2319,1.089364844903988,175,-1,-349.22559301610033
0.75374,0.4969,4.2607,0.6419802777218756,176,-1,-349.22556164151126
21.346,0.2861,7.7254,0.7612722824187347,177,-1,-349.22559301610033
0.0015468,0.0431,4.4246,2.8538283062645013,178,-1,-349.22559301607197
5.2069,0.5274,5.0266,0.6281759575274933,179,-1,-349.2255930151631
1.8223,0.3778,11.3705,0.4184753838009528,180,-1,-349.22559301610033
2.3843,0.2256,5.1794,0.8714539007092199,181,-1,-349.2255930134175
0.0099888,0.0526,4.4104,2.2281368821292773,182,-1,-349.2255930118406
1.2927,0.443,9.7702,0.4011286681715575,183,-1,-349.22559301610033
4.0431,0.4455,5.446,0.5539842873176206,184,-1,-349.2255930160026
3.0807,0.1373,7.7015,0.7742170429715951,185,-1,-349.22559301610033
0.78862,0.4276,5.4133,0.518709073900842,186,-1,-349.2255930144591
2.8787,0.0527,5.6878,2.03415559772296,187,-1,-349.22559301610033
0.366,0.3278,9.6007,0.335875533862111,188,-1,-349.22559301610033
1.7257,0.7893,9.131,0.3828708982642848,189,-1,-349.22559301610033
0.48137,0.4387,5.5031,0.8702986095281513,190,-1,-349.2255930160105
0.26201,0.3227,5.0675,0.6510691044313605,191,-1,-349.2255929716179
0.98004,0.287,8.0011,0.4895470383275262,192,-1,-349.22559301610033
0.23225,0.3411,6.1164,0.4165933743770155,193,-1,-349.22559301609897
11.639,0.9984,5.3881,0.0478766025641025,194,-1,-349.22559301610033
10.725,0.1537,11.8194,0.560832791151594,195,-1,-349.22559301610033
1.6799,0.2602,6.4967,0.765564950038432,196,-1,-349.22559301610033
0.2309,0.4105,5.4138,0.4903775883069428,197,-1,-349.2255930138811
0.3273,0.2783,13.1557,0.3564498742364355,198,-1,-349.22559301610033
0.85847,0.3025,28.6786,0.1831404958677686,199,-1,-349.22559301610033
0.22122,0.4024,4.2362,0.7477634194831014,200,-1,-349.22555637410636
1.7029,0.5027,9.56,0.4875671374577283,201,-1,-349.22559301610033
1.4324,0.1249,4.9027,1.0528422738190553,202,-1,-349.2255929776764
3.9001,0.0332,6.1032,3.1596385542168672,203,-1,-349.22559301610033
1.2309,0.4783,4.6544,0.6763537528747648,204,-1,-349.22559213032946
0.72931,0.4722,8.1637,0.4258788648877594,205,-1,-349.22559301610033
1.1935,0.3683,23.4414,0.1971219114852022,206,-1,-349.22559301610033
1.4888,0.6471,5.8179,0.660485241848246,207,-1,-349.2255930160972
0.68164,0.3424,6.5862,0.4891939252336449,208,-1,-349.22559301610033
5.4752,0.4543,7.1269,0.6110499669821704,209,-1,-349.22559301610033
0.0094408,0.05,4.8149,2.282,210,-1,-349.2255930160462
1.0661,0.6881,18.5074,0.2162476384246475,211,-1,-349.22559301610033
0.46851,0.338,5.1698,0.7701183431952662,212,-1,-349.2255930082334
0.042356,0.0879,6.0871,0.9726962457337884,213,-1,-349.2255930161002
34.987,0.1322,5.032,1.0597579425113464,214,-1,-349.22559301610033
0.27919,0.5608,7.3873,0.6112696148359487,215,-1,-349.22559301610033
1.0578,0.9745,6.0661,0.2077988712160082,216,-1,-349.2255930160995
8.2647,1.0,4.216,0.0166,217,-1,-349.22559301084254
0.0026881,0.0313,7.2298,2.5846645367412138,218,-1,-349.22559301610033
1.5977,0.3945,10.3229,0.6968314321926489,219,-1,-349.22559301610033
5.7073,0.2617,4.5729,1.1646923958731372,220,-1,-349.2255930065736
0.21927,0.4055,7.389,0.4818742293464857,221,-1,-349.22559301610033
0.099202,0.1015,4.6786,1.1763546798029556,222,-1,-349.22559276136525
2.486,0.9995,4.9467,0.0462231115557778,223,-1,-349.22559293479725
0.078015,0.2356,6.5185,0.6090831918505941,224,-1,-349.22559301610033
0.007733,0.0384,5.7203,3.052083333333333,225,-1,-349.22559301610033
2.8672,0.5295,18.0942,0.2430594900849858,226,-1,-349.22559301610033
0.41464,0.3515,6.306,0.4958748221906117,227,-1,-349.2255930161003
0.24175,0.2451,8.8409,0.4075887392900856,228,-1,-349.22559301610033
0.055124,0.1194,8.5685,0.7370184254606365,229,-1,-349.22559301610033
0.26416,0.1216,4.4551,1.268092105263158,230,-1,-349.22559193848053
0.28615,0.6738,7.8291,0.2132680320569902,231,-1,-349.22559301610033
0.4082,0.5503,7.684,0.3490823187352353,232,-1,-349.22559301610033
0.58789,0.7048,9.5201,0.3484676503972758,233,-1,-349.22559301610033
1.7199,0.4246,29.7908,0.1695713612812058,234,-1,-349.22559301610033
0.027718,0.0831,4.0858,2.0048134777376654,235,-1,-349.22559270128505
1.2377,0.1921,4.9548,0.9448204060385216,236,-1,-349.2255929806294
0.080944,0.1607,6.1195,0.5992532669570628,237,-1,-349.22559301609965
0.33485,0.1912,13.8406,0.3394351464435146,238,-1,-349.22559301610033
0.37169,0.3193,16.7294,0.2389602254932665,239,-1,-349.22559301610033
31.186,0.9991,4.4654,0.0525472925633069,240,-1,-349.22559301610033
0.25809,0.3017,6.734,0.4763009612197547,241,-1,-349.22559301610033
0.034653,0.0511,5.0277,1.5949119373776908,242,-1,-349.2255930153449
4.4312,0.0445,5.393,3.471910112359551,243,-1,-349.22559301610033
5.4087,0.0668,5.8482,1.4580838323353291,244,-1,-349.22559301610033
0.57241,0.8663,12.5606,0.2666512755396514,245,-1,-349.22559301610033
5.2515,0.4349,5.1932,0.6882041848700851,246,-1,-349.2255930159122
3.6375,0.5435,4.0853,0.5626494940202392,247,-1,-349.2255697452053
0.0061834,0.0535,5.5388,1.2747663551401869,248,-1,-349.22559301608135
14.088,0.4192,4.8286,0.6691316793893131,249,-1,-349.22559301610033
0.090627,0.016,4.1283,8.575,250,-1,-349.22559301610033
0.39362,0.4349,7.8242,0.3750287422395953,251,-1,-349.22559301610033
1.5972,0.0212,6.7868,4.599056603773585,252,-1,-349.22559301610033
2.2856,0.7413,8.1613,0.4374747065965196,253,-1,-349.22559301610033
0.13446,0.4339,5.4284,2.726204194514865,254,-1,-349.22559301610033
35.056,0.1196,6.9445,1.1070234113712374,255,-1,-349.22559301610033
6.0924,0.3022,6.5259,0.7461945731303772,256,-1,-349.22559301610033
2.2083,0.7087,38.3652,0.117256949343869,257,-1,-349.22559301610033
0.049275,0.0815,14.925,0.7963190184049079,258,-1,-349.22559301610033
7.2301,0.1454,5.2685,1.0880330123796425,259,-1,-349.22559301609607
1.1079,0.4657,18.3585,0.2535967360961992,260,-1,-349.22559301610033
4.2004,0.3125,5.6143,1.23712,261,-1,-349.2255930160998
9.9357,0.2986,5.4946,0.636972538513061,262,-1,-349.22559301610033
0.2892,0.4365,9.2407,0.370446735395189,263,-1,-349.22559301610033
0.59247,0.2356,4.902,0.620118845500849,264,-1,-349.2255926956145
0.26006,0.4379,4.1322,0.7015300296871431,265,-1,-349.2255039620047
1.6992,0.2893,6.096,0.7697891462150017,266,-1,-349.22559301610016
0.28749,0.7108,6.1987,0.4794597636465953,267,-1,-349.2255930161002
1.6642,0.6879,25.3196,0.1631051024858264,268,-1,-349.22559301610033
0.42428,0.2642,25.0504,0.2077971233913701,269,-1,-349.22559301610033
0.38739,0.6718,5.1281,0.4630842512652575,270,-1,-349.22559299742926
0.52638,0.7508,5.3771,0.5539424613745338,271,-1,-349.22559301541645
0.63166,0.089,4.8246,1.3168539325842696,272,-1,-349.2255929889949
0.35837,0.9671,5.7802,0.2947988832592286,273,-1,-349.22559301608334
2.1614,0.7742,5.1016,0.419659002841643,274,-1,-349.2255930059105
0.0052706,0.1374,6.4036,0.9934497816593888,275,-1,-349.22559301610033
1.6441,0.9468,5.8185,0.3013307984790874,276,-1,-349.2255930160924
2.9055,0.7831,5.6903,0.6012003575533137,277,-1,-349.2255930160956
1.3243,0.1992,6.2107,0.7424698795180723,278,-1,-349.2255930161003
0.052853,0.1515,11.7071,0.504950495049505,279,-1,-349.22559301610033
12.408,0.2192,10.9688,0.4434306569343065,280,-1,-349.22559301610033
0.27174,0.1175,5.5043,0.9506382978723404,281,-1,-349.22559301594237
7.359,0.0795,4.589,1.5018867924528303,282,-1,-349.2255930156386
0.35619,0.2175,4.4286,0.7485057471264368,283,-1,-349.2255792931124
0.26485,0.2176,5.2747,0.5565257352941176,284,-1,-349.2255930041206
0.17914,0.0568,4.5683,74.95422535211266,285,-1,-349.22559301610033
0.33035,0.1973,4.7674,0.9163710086163204,286,-1,-349.22559270050584
79.855,0.6285,4.1234,0.9826571201272872,287,-1,-349.22559301610033
8.5314,0.6074,4.3819,0.6544287125452749,288,-1,-349.22559301498643
1.0517,0.3997,7.0607,0.4783587690768076,289,-1,-349.22559301610033
1.4858,0.6778,12.4115,0.3023015638831514,290,-1,-349.22559301610033
4.4535,0.1526,4.4068,1.3132372214941022,291,-1,-349.2255929066076
31.636,0.0576,37.2569,0.1631944444444444,292,-1,-349.22559301610033
1.165,0.2736,11.6798,0.3888888888888888,293,-1,-349.22559301610033
0.33215,0.2604,11.1981,0.3556067588325652,294,-1,-349.22559301610033
0.035156,0.0699,8.0289,1.2718168812589414,295,-1,-349.22559301610033
0.62719,0.3403,14.48,0.2368498383779018,296,-1,-349.22559301610033
8.4892,0.0662,4.7438,1.9501510574018128,297,-1,-349.22559301609846
42.58,0.2468,5.439,0.7289303079416533,298,-1,-349.22559301610033
0.94114,0.5457,16.3627,0.255268462525197,299,-1,-349.22559301610033
3.5431,0.1576,6.0484,1.0336294416243654,300,-1,-349.22559301610033
0.20601,0.1619,5.1457,1.1914762198888202,301,-1,-349.2255930143076
13.136,0.5228,5.517,0.7465570007651109,302,-1,-349.22559301610033
10.312,0.1455,9.6974,0.6721649484536083,303,-1,-349.22559301610033
0.83527,0.2137,10.401,1.0276087973795038,304,-1,-349.22559301610033
1.1819,0.1481,6.7876,1.0020256583389602,305,-1,-349.22559301610033
0.92599,0.175,7.8468,0.7794285714285715,306,-1,-349.22559301610033
32.37,1.0,4.1425,0.0009,307,-1,-349.22559301610033
1.6659,0.4637,13.0776,0.3439723959456545,308,-1,-349.22559301610033
1.4287,0.4748,5.3439,0.6524852569502949,309,-1,-349.2255930149615
18.428,0.0335,17.3994,0.4955223880597014,310,-1,-349.22559301610033
0.00051049,0.0725,6.5025,1.6786206896551723,311,-1,-349.22559301610033
0.1424,0.0431,4.2873,3.4825986078886317,312,-1,-349.2255930160998
0.94999,0.2876,8.3988,0.3310152990264255,313,-1,-349.22559301610033
2.7794,0.9926,4.5629,0.1413459601047753,314,-1,-349.22559188037053
0.010228,0.0283,14.5076,1.0706713780918728,315,-1,-349.22559301610033
1.6702,0.2616,5.2494,0.7347094801223242,316,-1,-349.22559301258156
1.0836,0.4922,48.1958,0.1072734660707029,317,-1,-349.22559301610033
4.6562,0.0455,11.4193,1.353846153846154,318,-1,-349.22559301610033
0.020059,0.0347,6.2593,2.043227665706052,319,-1,-349.22559301610033
1.4258,0.3351,4.466,0.6323485526708446,320,-1,-349.22558458231845
0.18697,0.0418,10.0333,1.3205741626794258,321,-1,-349.22559301610033
0.20753,0.4451,7.3912,0.5551561446865872,322,-1,-349.22559301610033
2.6873,0.9749,8.0804,0.2113037234588163,323,-1,-349.22559301610033
0.7119,0.4033,8.6963,0.3843292834118522,324,-1,-349.22559301610033
1.4579,0.2134,19.4795,0.3088097469540768,325,-1,-349.22559301610033
34.579,0.097,11.2391,0.7876288659793814,326,-1,-349.22559301610033
0.73348,0.2976,4.3644,0.4674059139784947,327,-1,-349.22553620001815
0.093855,0.0721,4.4826,1.2385575589459086,328,-1,-349.22559183269067
0.22158,0.0592,6.8415,1.2381756756756757,329,-1,-349.22559301610033
0.6421,0.6529,6.7646,0.5470975647112881,330,-1,-349.22559301610033
9.5884,0.2022,6.2851,1.1587537091988132,331,-1,-349.22559301610033
0.42454,0.2772,5.3346,1.4325396825396826,332,-1,-349.2255930160666
0.33244,0.3384,7.549,0.3862293144208038,333,-1,-349.22559301610033
0.52722,0.3898,6.4875,0.4240636223704464,334,-1,-349.22559301610033
0.67177,0.409,6.0491,0.419559902200489,335,-1,-349.225593016098
1.4431,0.2892,7.6088,0.6345089903181189,336,-1,-349.22559301610033
0.84803,0.3237,28.8537,0.146122953351869,337,-1,-349.22559301610033
0.52385,0.5609,5.1856,0.2677839187020859,338,-1,-349.2255929757643
1.1698,0.656,10.6921,0.2908536585365853,339,-1,-349.22559301610033
0.11722,0.0516,5.1359,1.8139534883720927,340,-1,-349.22559301604673
2.0397,0.2666,4.1526,0.7618154538634658,341,-1,-349.2255377969396
1.3623,0.618,12.1191,0.3085760517799353,342,-1,-349.22559301610033
1.2431,0.5263,8.0093,0.4482234467034011,343,-1,-349.22559301610033
0.95845,0.3411,13.8473,0.2908238053356786,344,-1,-349.22559301610033
2.5006,0.1552,5.204,1.0631443298969072,345,-1,-349.22559301523296
1.4672,0.3816,4.3783,0.5843815513626834,346,-1,-349.22557484443877
0.30708,0.1716,4.389,0.8094405594405594,347,-1,-349.22557623631815
0.60748,0.5968,4.9726,0.5080428954423593,348,-1,-349.22559293195764
0.75371,0.8284,6.8839,0.2129406084017382,349,-1,-349.22559301610033
0.16719,0.0892,5.2365,0.945067264573991,350,-1,-349.22559301265625
0.58011,0.19,5.0256,0.6410526315789474,351,-1,-349.2255929155575
0.58518,0.1877,12.7573,0.4075652637187,352,-1,-349.22559301610033
2.9176,0.2731,7.0751,0.5657268399853533,353,-1,-349.22559301610033
0.19807,0.0927,6.6911,0.8576051779935274,354,-1,-349.22559301610033
2.0361,0.1528,4.7231,1.1564136125654452,355,-1,-349.22559292996954
0.012626,0.0615,12.4779,1.001626016260163,356,-1,-349.22559301610033
0.48639,0.2808,12.5095,0.3571937321937322,357,-1,-349.22559301610033
1.3379,0.6362,4.5002,0.6116001257466206,358,-1,-349.22559055290736
0.31642,0.6874,5.7066,0.504218795461158,359,-1,-349.2255930160663
0.61363,0.1704,8.0186,0.5868544600938967,360,-1,-349.22559301610033
22.299,0.0595,7.9846,1.3949579831932777,361,-1,-349.22559301610033
0.014478,0.0764,4.7392,1.536649214659686,362,-1,-349.22559299722235
1.2377,0.3505,19.7186,0.2790299572039943,363,-1,-349.22559301610033
2.0726,0.4089,33.3305,0.1719246759598924,364,-1,-349.22559301610033
0.13157,0.2086,5.3738,0.470757430488974,365,-1,-349.2255930092977
0.14536,0.0834,4.2372,1.4040767386091126,366,-1,-349.2255893115003
0.75635,0.2128,4.4064,1.0578007518796992,367,-1,-349.2255895886701
0.58222,0.6047,22.4817,0.1686786836447825,368,-1,-349.22559301610033
0.84854,0.4641,16.0846,0.2641672053436759,369,-1,-349.22559301610033
0.3032,0.1796,9.5448,0.5996659242761693,370,-1,-349.22559301610033
13.855,0.2306,5.0215,0.9991326973113616,371,-1,-349.22559301610033
0.45043,0.1369,11.7792,0.4945215485756026,372,-1,-349.22559301610033
0.56526,0.0884,4.5913,1.1934389140271493,373,-1,-349.22559251061773
1.8467,0.1139,12.7028,0.5759438103599649,374,-1,-349.22559301610033
0.0020687,0.0654,4.2469,3.339449541284404,375,-1,-349.22559301609795
4.994,0.5407,5.5897,0.6852228592565194,376,-1,-349.225593016098
0.002709,0.0567,8.6997,1.1922398589065255,377,-1,-349.22559301610033
0.5534,0.1547,12.1965,0.6089204912734325,378,-1,-349.22559301610033
0.041064,0.0211,5.2336,5.890995260663507,379,-1,-349.22559301610033
0.94452,0.1265,5.697,1.6964426877470355,380,-1,-349.2255930161002
0.66505,0.3466,9.9224,0.3808424697057126,381,-1,-349.22559301610033
1.838,0.4308,7.0792,0.4326833797585886,382,-1,-349.22559301610033
1.664,0.6239,5.1294,0.5733290591440936,383,-1,-349.2255930078802
2.7669,0.4583,37.2479,0.1243726816495745,384,-1,-349.22559301610033
0.37657,0.1818,18.5917,0.3586358635863586,385,-1,-349.22559301610033
2.5039,0.3654,7.362,0.5662287903667214,386,-1,-349.22559301610033
2.5505,0.4436,4.5218,0.7391794409377819,387,-1,-349.2255918606802
0.51711,0.3141,11.2192,0.3209169054441261,388,-1,-349.22559301610033
0.71344,0.1756,8.1909,0.5916856492027335,389,-1,-349.22559301610033
1.8072,0.4447,8.7022,0.5682482572520801,390,-1,-349.22559301610033
0.35064,0.2404,11.144,0.3415141430948419,391,-1,-349.22559301610033
1.6353,0.8232,7.5176,0.4481292517006802,392,-1,-349.22559301610033
1.4804,0.5205,16.6765,0.2578290105667628,393,-1,-349.22559301610033
3.3023,0.1661,4.3913,0.9229379891631548,394,-1,-349.2255907713878
1.0005,0.5611,6.6256,0.4469791481019426,395,-1,-349.22559301610033
0.7523,0.1507,5.9014,0.7889847378898475,396,-1,-349.2255930160972
0.41563,0.2016,11.0346,0.4885912698412699,397,-1,-349.22559301610033
1.3269,0.2162,4.1136,0.9764107308048104,398,-1,-349.22554697055506
0.30792,0.3923,6.7026,0.3545755799133316,399,-1,-349.22559301610033
1.746,0.4355,21.2522,0.2064293915040183,400,-1,-349.22559301610033
0.16885,0.1252,5.7299,1.4129392971246006,401,-1,-349.2255930160997
2.1681,0.582,16.659,0.229553264604811,402,-1,-349.22559301610033
0.78253,0.2525,5.7683,0.5956435643564356,403,-1,-349.2255930160651
0.5151,0.1793,5.1045,0.822643614054657,404,-1,-349.2255929970339
1.6297,0.9786,13.4853,0.1281422440220723,405,-1,-349.22559301610033
0.024163,0.1174,9.4566,0.7137989778534923,406,-1,-349.22559301610033
0.13642,0.1466,6.5276,0.8349249658935879,407,-1,-349.22559301610033
1.1419,0.3646,4.5294,0.663466812945694,408,-1,-349.225588690914
0.49666,0.2556,18.3374,0.2120500782472613,409,-1,-349.22559301610033
0.52086,0.916,6.1305,0.4699781659388646,410,-1,-349.2255930161002
1.2036,0.5526,9.2373,0.4500542888165038,411,-1,-349.22559301610033
0.69786,0.5003,8.5346,0.3737757345592644,412,-1,-349.22559301610033
0.93953,0.3098,5.2373,0.6329890251775339,413,-1,-349.225593008277
0.65753,0.2592,20.1146,0.2229938271604938,414,-1,-349.22559301610033
0.0701,0.1782,6.8528,0.7704826038159371,415,-1,-349.22559301610033
2.0375,0.5382,15.4832,0.3004459308807135,416,-1,-349.22559301610033
1.8797,0.6469,6.5439,0.426031844179935,417,-1,-349.22559301610033
1.06,0.4038,18.9621,0.2466567607726597,418,-1,-349.22559301610033
1.0142,0.2331,6.909,0.6469326469326468,419,-1,-349.22559301610033
1.9784,0.2337,5.8579,0.8609328198545143,420,-1,-349.2255930160987
2.4825,0.9812,14.0229,0.1159804321239298,421,-1,-349.22559301610033
0.6023,0.4263,9.8251,0.2899366643209007,422,-1,-349.22559301610033
1.4357,0.3492,9.1932,0.4375715922107674,423,-1,-349.22559301610033
0.51551,0.3023,22.0584,0.158121071782997,424,-1,-349.22559301610033
2.9743,0.0712,4.6352,1.6137640449438202,425,-1,-349.22559300519686
10.915,0.1942,5.7719,1.177651905252317,426,-1,-349.22559301610033
1.0361,0.9997,4.2179,0.0457137141142342,427,-1,-349.2255308740371
0.62579,0.7638,9.2015,0.3113380466090599,428,-1,-349.22559301610033
7.6247,0.1012,4.7905,1.3804347826086956,429,-1,-349.2255930160152
0.38363,0.0587,4.422,1.441226575809199,430,-1,-349.2255923703976
0.055978,0.1748,10.3,0.5074370709382151,431,-1,-349.22559301610033
0.72072,0.2639,9.9209,0.4854111405835543,432,-1,-349.22559301610033
0.0025024,0.0444,5.8819,1.9707207207207205,433,-1,-349.22559301610033
1.6393,0.0684,35.9212,0.2002923976608187,434,-1,-349.22559301610033
8.0748,0.2803,19.1292,0.3150196218337496,435,-1,-349.22559301610033
1.2045,0.3657,13.1948,0.2863002461033634,436,-1,-349.22559301610033
0.39067,0.5258,5.7362,0.4720426017497147,437,-1,-349.2255930160504
0.51122,0.2153,4.9363,1.9934974454249883,438,-1,-349.2255930160309
3.5231,0.471,7.7135,0.4987261146496815,439,-1,-349.22559301610033
3.2436,0.2828,5.278,0.8490099009900991,440,-1,-349.2255930156244
0.97424,0.3058,11.3088,0.3773708306082406,441,-1,-349.22559301610033
0.49848,0.5413,6.5905,0.5084056900055423,442,-1,-349.22559301610033
0.45888,0.1627,5.1948,1.6613398893669329,443,-1,-349.2255930160475
0.27522,0.1895,4.3255,0.8902374670184696,444,-1,-349.2255745776032
0.15787,0.042,4.7289,1.788095238095238,445,-1,-349.22559301154365
1.2769,0.1673,8.08,0.6802151823072324,446,-1,-349.22559301610033
0.47453,0.2273,5.6619,2.6995160580730317,447,-1,-349.22559301610033
0.049172,0.1046,4.6741,1.964627151051625,448,-1,-349.2255930141878
0.19536,0.1546,19.35,0.277490297542044,449,-1,-349.22559301610033
1.4388,0.6649,5.0227,0.5339148744172055,450,-1,-349.22559298890906
2.9913,0.3361,7.685,0.5275215709610235,451,-1,-349.22559301610033
0.67961,0.2687,4.9992,0.5381466319315221,452,-1,-349.22559285119434
10.061,0.5084,9.5161,0.4933123524783636,453,-1,-349.22559301610033
0.94044,0.2811,4.7241,1.016364283173248,454,-1,-349.2255928303462
0.3795,0.43,7.4138,0.4074418604651162,455,-1,-349.22559301610033
3.4356,0.0951,5.6581,1.1472134595162986,456,-1,-349.2255930160982
0.30256,0.0982,8.6404,0.7942973523421589,457,-1,-349.22559301610033
2.7961,0.3367,4.4978,0.7160677160677161,458,-1,-349.2255910814638
1.0175,0.7461,4.1942,0.5745878568556494,459,-1,-349.2255674394519
0.37328,0.3731,14.9132,0.1956580005360493,460,-1,-349.22559301610033
0.46007,0.4022,17.472,0.2260069617105917,461,-1,-349.22559301610033
0.68305,0.2784,10.1559,0.3807471264367816,462,-1,-349.22559301610033
1.8573,0.5145,8.0264,0.4505344995140914,463,-1,-349.22559301610033
1.2396,0.6127,6.6953,0.5102007507752571,464,-1,-349.22559301610033
99.738,0.0447,4.6216,2.373601789709173,465,-1,-349.22559301610033
0.52093,0.575,5.0855,0.5,466,-1,-349.22559298352
0.13425,0.2026,4.6128,1.4763079960513326,467,-1,-349.22559295651473
1.316,0.4768,6.7802,0.4932885906040268,468,-1,-349.22559301610033
1.94,0.4947,12.8664,0.3616333131190621,469,-1,-349.22559301610033
0.99555,0.4825,7.1105,0.4837305699481865,470,-1,-349.22559301610033
1.0531,0.2913,11.0791,0.3055269481634054,471,-1,-349.22559301610033
18.976,0.0853,4.1123,2.98358733880422,472,-1,-349.22559301610033
0.56455,0.4593,4.9351,0.6540387546266058,473,-1,-349.2255929201535
0.12166,0.1565,5.4501,0.6376996805111821,474,-1,-349.22559301462985
1.8713,0.2721,6.009,0.6457184858507901,475,-1,-349.2255930160994
1.0259,0.29,7.8856,0.6551724137931035,476,-1,-349.22559301610033
0.84351,0.3472,6.9895,1.9133064516129032,477,-1,-349.22559301610033
0.91932,0.2433,5.0084,0.6210439786272093,478,-1,-349.2255929137715
2.3582,0.3663,8.5879,0.4215124215124215,479,-1,-349.22559301610033
0.15719,0.1718,5.0251,0.8311990686845169,480,-1,-349.2255929719745
0.37201,0.142,24.0568,0.3422535211267605,481,-1,-349.22559301610033
0.020714,0.0733,5.1112,1.6193724420190996,482,-1,-349.2255930158542
0.00067041,0.0601,6.4387,1.3610648918469217,483,-1,-349.22559301610033
0.30027,0.1487,11.7469,0.472763954270343,484,-1,-349.22559301610033
1.7819,0.524,18.8386,0.2173664122137404,485,-1,-349.22559301610033
3.6078,0.0668,8.5134,1.5404191616766467,486,-1,-349.22559301610033
0.29298,0.1286,7.0806,0.73950233281493,487,-1,-349.22559301610033
0.43064,0.1675,4.7059,0.8107462686567164,488,-1,-349.2255919922302
1.6472,0.6611,9.1789,0.3662078354258055,489,-1,-349.22559301610033
0.43612,0.3213,4.2161,0.6352318705259883,490,-1,-349.22550292658207
0.91516,0.7972,6.9346,0.356748620170597,491,-1,-349.22559301610033
1.4017,0.7207,7.8483,0.4073817122242265,492,-1,-349.22559301610033
2.0399,0.1954,5.0969,0.7415557830092119,493,-1,-349.2255929995598
0.23512,0.0592,4.3753,1.523648648648649,494,-1,-349.225592407134
0.73228,0.1989,11.4304,0.4353946706887883,495,-1,-349.22559301610033
1.614,0.2935,7.8444,0.500511073253833,496,-1,-349.22559301610033
1.9331,0.4393,5.036,0.5879808786706122,497,-1,-349.2255929845541
0.47346,0.2588,18.3282,0.2878670788253478,498,-1,-349.22559301610033
0.25885,0.3144,9.3409,0.4770992366412213,499,-1,-349.22559301610033
0.93308,0.5533,5.4811,0.5082233869510211,500,-1,-349.2255930155586
0.4894,0.5031,9.6188,0.3363148479427549,501,-1,-349.22559301610033
0.33783,0.6168,4.6676,0.1799610894941634,502,-1,-349.22558745782356
0.34709,0.0989,5.3376,1.1102123356926188,503,-1,-349.2255930156723
0.023511,0.0809,4.6764,1.441285537700865,504,-1,-349.2255929551815
2.6621,0.6657,30.5315,0.1397025687246507,505,-1,-349.22559301610033
0.43712,0.1945,5.9316,0.5928020565552699,506,-1,-349.22559301609385
0.68894,0.3212,5.2235,0.574719800747198,507,-1,-349.22559300352515
0.79038,0.5211,13.6967,0.2857417002494722,508,-1,-349.22559301610033
0.81126,0.3397,17.9647,0.236679423020312,509,-1,-349.22559301610033
0.22035,0.1944,5.9422,0.712448559670782,510,-1,-349.2255930160974
0.54769,0.0831,4.3634,1.1889290012033695,511,-1,-349.22558906667547
0.39538,0.2942,9.133,0.4095853161114887,512,-1,-349.22559301610033
6.0994e-06,0.0168,7.9728,3.0178571428571432,513,-1,-349.22559301610033
0.73664,0.726,8.3143,0.43732782369146,514,-1,-349.22559301610033
0.41618,0.1777,5.3306,4.616207090602138,515,-1,-349.22559301610033
0.10596,0.1244,5.6334,0.8151125401929261,516,-1,-349.22559301602274
1.1622,0.1021,36.4684,0.1851126346718903,517,-1,-349.22559301610033
20.413,0.1031,8.3459,0.7798254122211445,518,-1,-349.22559301610033
1.7417,0.527,7.4253,0.4717267552182163,519,-1,-349.22559301610033
1.8654,0.5583,5.7539,0.6134694608633352,520,-1,-349.2255930160906
4.6602,0.2245,4.3124,0.9006681514476614,521,-1,-349.225591919817
0.52388,0.17,5.1572,0.6399999999999999,522,-1,-349.2255929871236
0.01807,0.0299,5.8211,2.1438127090301005,523,-1,-349.22559301610033
2.0995,0.6334,13.8592,0.3193874329017998,524,-1,-349.22559301610033
2.6115,0.3131,16.9039,0.2832960715426381,525,-1,-349.22559301610033
0.0026599,0.0322,6.9671,2.37888198757764,526,-1,-349.22559301610033
1.8232,0.9433,5.3417,0.3782465811512774,527,-1,-349.22559301535006
0.40657,0.159,5.9411,0.9377358490566038,528,-1,-349.22559301609954
0.32639,0.4637,6.4652,0.2682769031701531,529,-1,-349.22559301610033
0.87116,0.4096,8.2802,0.2160644531249999,530,-1,-349.22559301610033
0.53484,0.3421,7.8642,0.3162817889505992,531,-1,-349.22559301610033
1.9836,0.6441,14.6433,0.272007452258966,532,-1,-349.22559301610033
0.56431,0.4918,4.224,0.1771045140300935,533,-1,-349.2253059495556
1.8792,0.3716,5.0607,0.5831539289558666,534,-1,-349.22559298338706
0.47241,0.9671,5.0476,0.0861338020887188,535,-1,-349.2255929395738
0.73941,0.3503,11.8614,0.2874678846702826,536,-1,-349.22559301610033
3.4503,0.388,4.834,0.5721649484536082,537,-1,-349.22559292665795
0.15613,0.0752,4.8355,1.2872340425531914,538,-1,-349.2255929835422
0.22678,0.2357,4.4601,0.9444208739923632,539,-1,-349.2255890756783
0.562,0.5617,8.0549,0.1491899590528752,540,-1,-349.22559301610033
0.62423,0.1213,7.4426,0.7683429513602639,541,-1,-349.22559301610033
0.46175,0.5373,6.5968,1.2086357714498417,542,-1,-349.22559301610033
0.90093,0.5149,7.2964,0.2052825791415808,543,-1,-349.22559301610033
0.8917,0.1159,7.3891,0.633304572907679,544,-1,-349.22559301610033
2.0232,0.3687,6.6072,0.3024138866286954,545,-1,-349.22559301610033
1.2265,0.5375,4.4488,0.818046511627907,546,-1,-349.22559084886825
0.78792,0.1853,8.824,0.531570426335672,547,-1,-349.22559301610033
0.49725,0.1198,5.9268,0.6118530884808013,548,-1,-349.225593016093
0.59265,0.3751,4.5612,0.5478539056251666,549,-1,-349.22558672989635
0.59707,0.1834,6.5756,0.6712104689203926,550,-1,-349.22559301610033
1.2094,0.2911,12.4713,0.3716935760906905,551,-1,-349.22559301610033
0.60684,0.239,5.8623,0.2665271966527197,552,-1,-349.2255930160232
0.56316,0.3127,7.9081,0.2711864406779661,553,-1,-349.22559301610033
1.2411,0.2883,4.1905,0.2705515088449531,554,-1,-349.22518225835427
0.04837,0.0534,5.6599,1.4101123595505618,555,-1,-349.22559301609846
0.07633,0.0593,4.2719,1.4873524451939293,556,-1,-349.2255911547398
1.2402,0.3139,13.209,0.326218540936604,557,-1,-349.22559301610033
1.9311,0.5416,6.498,0.5437592319054653,558,-1,-349.22559301610033
0.65804,0.2489,5.3793,0.5608678184009642,559,-1,-349.2255930127753
1.4393,0.3499,13.1306,0.3046584738496713,560,-1,-349.22559301610033
0.713,0.8213,5.933,0.3613783026908559,561,-1,-349.2255930160969
1.2876e-05,0.0164,7.2054,20.786585365853657,562,-1,-349.22559301610033
0.24451,0.095,8.745,0.7063157894736842,563,-1,-349.22559301610033
27.477,0.0029,7.3417,25.0,564,-1,-349.22559301610033
0.43489,0.3813,5.7417,0.5339627589824286,565,-1,-349.2255930160494
0.74252,0.374,8.7766,0.3770053475935828,566,-1,-349.22559301610033
1.819,0.6742,17.9288,0.2500741619697419,567,-1,-349.22559301610033
0.59502,0.1516,5.3912,0.8529023746701846,568,-1,-349.2255930152724
0.54992,0.3611,6.7336,0.4192744392135143,569,-1,-349.22559301610033
0.35286,0.2682,5.2074,0.5656226696495154,570,-1,-349.2255929966154
36.416,0.092,6.6284,1.4967391304347826,571,-1,-349.22559301610033
1.8769,0.5706,9.465,0.384682790045566,572,-1,-349.22559301610033
2.0132,0.4445,10.8222,0.4083239595050618,573,-1,-349.22559301610033
0.39106,0.2225,8.453,0.4696629213483145,574,-1,-349.22559301610033
0.59731,0.2726,10.6308,0.3554658840792369,575,-1,-349.22559301610033
0.0020788,0.0584,5.0831,1.919520547945205,576,-1,-349.2255930160556
0.031671,0.0689,6.9565,1.1364296081277212,577,-1,-349.22559301610033
0.30254,0.5228,8.834,0.381407804131599,578,-1,-349.22559301610033
1.306,0.2097,34.6074,0.1921793037672866,579,-1,-349.22559301610033
0.26575,0.1466,10.5842,0.3806275579809004,580,-1,-349.22559301610033
0.53609,0.1784,9.9728,0.4573991031390135,581,-1,-349.22559301610033
0.36537,0.3089,11.2585,0.3544836516672062,582,-1,-349.22559301610033
0.071576,0.16,4.1965,1.00625,583,-1,-349.225559449767
1.6522,0.4032,8.9174,0.453125,584,-1,-349.22559301610033
4.2983,0.2698,6.7482,0.5670867309117865,585,-1,-349.22559301610033
0.32576,0.5315,5.6836,0.814299153339605,586,-1,-349.2255930160882
1.2289,0.1041,5.2537,1.4707012487992317,587,-1,-349.2255930160037
2.372,0.3542,4.4753,0.6343873517786561,588,-1,-349.2255887094671
0.33851,0.2968,4.614,0.5754716981132075,589,-1,-349.22558825847267
0.46063,0.1841,5.0516,0.5942422596414991,590,-1,-349.2255929143415
0.7903,0.5448,8.2158,0.4566813509544787,591,-1,-349.22559301610033
328.3,0.0626,6.0641,1.7492012779552717,592,-1,-349.22559301610033
3.0973,0.1502,4.811,1.2989347536617843,593,-1,-349.2255930071953
0.45012,0.4002,6.8637,0.4037981009495252,594,-1,-349.22559301610033
1.8044,0.4102,9.6803,0.3978547050219405,595,-1,-349.22559301610033
1.2712,0.4036,19.3727,0.2309217046580773,596,-1,-349.22559301610033
0.51958,0.3947,5.0371,0.1738028882695718,597,-1,-349.2255925853999
0.64187,0.64,7.2147,0.3803125,598,-1,-349.22559301610033
2.3744,0.946,8.7405,0.2141649048625793,599,-1,-349.22559301610033
16.394,0.0262,26.3078,0.5648854961832062,600,-1,-349.22559301610033
0.91214,0.3969,7.8949,0.4114386495338876,601,-1,-349.22559301610033
4.2006,0.9063,4.747,0.4199492441796315,602,-1,-349.22559299232773
0.51679,0.2966,14.3182,0.2117329737019554,603,-1,-349.22559301610033
0.083237,0.0833,6.3238,1.1116446578631454,604,-1,-349.22559301610033
0.39582,0.9308,5.8745,0.3366996132359261,605,-1,-349.225593016095
2.2457,0.4597,5.7694,0.6410702632151404,606,-1,-349.2255930160928
0.70223,0.2687,6.1726,0.5132117603275028,607,-1,-349.22559301609994
2.0872,0.5994,7.9979,0.4764764764764764,608,-1,-349.22559301610033
1.5894,0.9392,10.2299,0.3406090289608177,609,-1,-349.22559301610033
0.64434,0.6113,6.0805,0.4740716505807296,610,-1,-349.2255930160997
1.5963,0.4717,4.8945,0.7017171931312275,611,-1,-349.2255929415897
1.2335,0.1456,5.7405,0.7403846153846154,612,-1,-349.22559301607566
0.31481,0.07,5.7585,1.3714285714285712,613,-1,-349.22559301609965
0.90911,0.1127,4.7024,1.150842945874002,614,-1,-349.22559282202104
1.9787,0.4458,13.2846,0.3622700762673845,615,-1,-349.22559301610033
1.2239,0.2673,7.6766,0.6677890011223345,616,-1,-349.22559301610033
0.73851,0.4521,4.4061,0.8055739880557399,617,-1,-349.2255877205782
0.36399,0.4685,5.7267,0.2358591248665955,618,-1,-349.2255930158616
0.88957,0.344,6.4828,0.3,619,-1,-349.22559301610033
0.34177,0.2736,5.5259,0.4864766081871344,620,-1,-349.2255930150956
0.83551,0.2986,4.7041,0.5850636302746149,621,-1,-349.225591193848
0.33105,0.237,4.4419,0.8616033755274262,622,-1,-349.22558622995433
3.371,0.2402,6.953,0.517901748542881,623,-1,-349.22559301610033
0.14409,0.0925,4.2011,1.1632432432432434,624,-1,-349.2255750999586
0.41424,0.2464,38.9105,0.1436688311688311,625,-1,-349.22559301610033
1.1276,0.324,10.7485,0.3401234567901234,626,-1,-349.22559301610033
1.5779,0.3636,13.6397,0.2964796479647965,627,-1,-349.22559301610033
0.64093,0.5377,5.3222,1.0723451738887857,628,-1,-349.22559301596624
0.57885,0.4386,6.2491,0.4404924760601915,629,-1,-349.22559301610016
0.7116,0.7331,5.4158,0.5580411949256582,630,-1,-349.2255930156407
0.92908,0.3793,4.0629,0.3622462430793566,631,-1,-349.22496400073504
0.5431,0.816,4.6873,0.2558823529411765,632,-1,-349.22559145430733
0.2668,0.1796,5.7569,0.515033407572383,633,-1,-349.2255930160165
0.4777,0.2765,6.4873,0.6795660036166365,634,-1,-349.22559301610033
0.44448,0.2483,4.7768,0.6194120016109544,635,-1,-349.22559198586373
0.060231,0.0922,10.6583,0.6941431670281996,636,-1,-349.22559301610033
0.87989,0.6511,8.376,0.3673782829058516,637,-1,-349.22559301610033
2.5159,0.3783,5.5674,0.711868887126619,638,-1,-349.22559301604684
1.3559,0.975,10.8942,0.1338461538461538,639,-1,-349.22559301610033
0.33779,0.1699,5.8554,0.7557386698057681,640,-1,-349.2255930160935
2.0291,0.4544,10.4043,0.3351672535211267,641,-1,-349.22559301610033
3.0037,0.7633,4.4451,0.6787632647713874,642,-1,-349.225592416328
0.75217,0.2658,12.5577,0.3039879608728367,643,-1,-349.22559301610033
1.748,0.5247,12.3968,0.3262816847722508,644,-1,-349.22559301610033
0.22993,0.1095,5.1057,1.1616438356164385,645,-1,-349.2255930122756
6.4825,0.1543,10.2151,0.5975372650680493,646,-1,-349.22559301610033
1.3432,0.1913,4.3846,0.7088342916884475,647,-1,-349.2255735608838
1.2581,0.3196,15.4787,0.3535669586983729,648,-1,-349.22559301610033
0.44508,0.2134,6.9726,0.6007497656982194,649,-1,-349.22559301610033
0.0084023,0.0554,5.535,2.104693140794224,650,-1,-349.2255930161003
0.9143,0.5412,7.0189,0.5404656319290465,651,-1,-349.22559301610033
0.7676,0.5228,6.7736,0.4244452945677122,652,-1,-349.22559301610033
0.30774,0.119,5.9031,0.7924369747899159,653,-1,-349.2255930160968
0.9335,0.3805,15.6382,0.2759526938239159,654,-1,-349.22559301610033
0.92514,0.5094,11.3153,0.3535531998429525,655,-1,-349.22559301610033
0.7242,0.2326,9.2866,0.3920894239036973,656,-1,-349.22559301610033
1.0541,0.3168,7.4518,0.3229166666666666,657,-1,-349.22559301610033
0.85311,0.2507,9.913,0.3925009972078181,658,-1,-349.22559301610033
0.5335,0.3501,4.6468,0.656098257640674,659,-1,-349.22559101946615
0.31112,0.109,4.6234,1.0174311926605504,660,-1,-349.2255920732737
0.91753,0.9206,6.3253,0.2866608733434717,661,-1,-349.2255930161003
0.49695,0.1591,10.2343,0.6700188560653677,662,-1,-349.22559301610033
0.064547,0.0851,6.3551,1.0517038777908343,663,-1,-349.22559301610033
1.4958,0.4329,5.502,0.5553245553245553,664,-1,-349.22559301570135
0.97529,0.2566,4.3608,0.3281371784879189,665,-1,-349.22548548770874
0.3031,0.098,5.1884,0.9091836734693876,666,-1,-349.2255930094269
1.466,0.2658,8.2783,0.4875846501128668,667,-1,-349.22559301610033
1.3244,0.2287,9.0877,0.5386969829470923,668,-1,-349.22559301610033
0.43212,0.4079,5.1489,0.8744790389801422,669,-1,-349.22559301168377
0.85101,0.2233,4.3994,0.864755933721451,670,-1,-349.2255840757112
0.37738,0.3817,6.8988,0.1988472622478386,671,-1,-349.22559301610033
1.4211,0.5775,8.8243,0.469090909090909,672,-1,-349.22559301610033
1.45,0.3455,8.7028,0.426917510853835,673,-1,-349.22559301610033
0.83445,0.5112,7.2045,0.2243740219092331,674,-1,-349.22559301610033
0.87989,0.5653,6.4926,0.6920219352556164,675,-1,-349.22559301610033
0.49416,0.1308,8.3156,0.7691131498470948,676,-1,-349.22559301610033
0.57643,0.7284,6.8479,0.4772103239978034,677,-1,-349.22559301610033
1.5437,0.5756,17.5202,0.2230715774843641,678,-1,-349.22559301610033
1.8825,0.6565,7.6285,0.401066260472201,679,-1,-349.22559301610033
14.848,0.2305,5.3042,0.8694143167028199,680,-1,-349.22559301610033
0.69609,0.812,6.1645,0.3466748768472906,681,-1,-349.2255930161001
1.539,0.3234,4.153,0.3376623376623376,682,-1,-349.22525750876764
0.59897,0.3107,5.6302,0.4293530737045381,683,-1,-349.22559301572664
0.50673,0.1853,7.0622,0.5493793847814356,684,-1,-349.22559301610033
0.87141,0.4899,6.8936,0.4986731986119616,685,-1,-349.22559301610033
0.45853,0.7019,7.0169,0.4047585126086337,686,-1,-349.22559301610033
1.7479,0.4967,7.9905,0.193879605395611,687,-1,-349.22559301610033
0.83417,0.6221,9.6266,0.4307989069281466,688,-1,-349.22559301610033
0.69535,0.1396,6.214,0.7005730659025787,689,-1,-349.2255930161002
0.36376,0.2418,10.9944,0.4036393713813069,690,-1,-349.22559301610033
1.344,0.385,16.9631,0.2636363636363636,691,-1,-349.22559301610033
0.61912,0.2752,4.756,0.6017441860465116,692,-1,-349.22559181601815
0.26758,0.065,4.6126,1.5446153846153845,693,-1,-349.2255929550421
0.73596,0.4553,7.7171,0.2991434219196134,694,-1,-349.22559301610033
0.69795,0.189,5.9697,0.5576719576719577,695,-1,-349.2255930160955
0.174,0.1899,4.2992,2.887309110057925,696,-1,-349.22559301605986
0.7192,0.7612,11.0443,0.1815554387808723,697,-1,-349.22559301610033
0.6459,0.3955,6.7774,0.4240202275600505,698,-1,-349.22559301610033
0.60974,0.2761,8.4595,0.4675842086200651,699,-1,-349.22559301610033
0.83692,0.3534,11.2251,0.365874363327674,700,-1,-349.22559301610033
1.2701,0.9465,6.7211,0.3463285789751716,701,-1,-349.22559301610033
0.3363,0.2588,5.0678,2.501159196290572,702,-1,-349.22559301610005
0.2301,0.2387,5.5743,0.5839966485127775,703,-1,-349.22559301570783
1.9224,0.3834,6.8789,0.4731351069379238,704,-1,-349.22559301610033
0.68198,0.2075,5.9211,0.7325301204819278,705,-1,-349.2255930160973
0.090757,0.1837,8.4363,0.5449101796407185,706,-1,-349.22559301610033
1.715,0.797,8.5034,0.2382685069008783,707,-1,-349.22559301610033
1.9661,0.5839,5.0981,0.4332933721527659,708,-1,-349.22559299384307
1.3108,0.584,5.9903,3.1011986301369863,709,-1,-349.22559301610033
2.6434,0.9044,7.4517,0.2830605926581159,710,-1,-349.22559301610033
0.86662,0.5411,5.7059,0.4814267233413417,711,-1,-349.22559301604286
0.094255,0.0038,29.3928,2.8421052631578947,712,-1,-349.22559301610033
0.61542,0.4449,6.5205,0.207237581478984,713,-1,-349.22559301610033
0.62823,0.2844,5.1173,0.6684247538677919,714,-1,-349.2255929899782
0.63854,0.4799,11.1711,0.3496561783704938,715,-1,-349.22559301610033
0.56061,0.1763,5.7961,0.7385138967668746,716,-1,-349.22559301608584
1.8353,0.2588,4.0967,0.2928902627511592,717,-1,-349.2249649200386
0.33511,0.2304,5.8919,0.4344618055555555,718,-1,-349.2255930160767
1.89,0.1658,5.8117,0.7032569360675512,719,-1,-349.2255930160911
0.98604,0.5629,13.6817,0.255818084917392,720,-1,-349.22559301610033
0.42047,0.1282,6.5099,4.345553822152886,721,-1,-349.22559301610033
0.56915,0.6184,5.5453,0.794954721862872,722,-1,-349.2255930160546
1.6699,0.3992,12.7269,0.2980961923847695,723,-1,-349.22559301610033
0.85147,0.349,10.6479,0.3134670487106017,724,-1,-349.22559301610033
1.4507,0.6174,8.3379,0.3616780045351474,725,-1,-349.22559301610033
0.48705,0.213,5.5844,0.6,726,-1,-349.22559301576854
0.92916,0.2208,7.4705,0.2740036231884058,727,-1,-349.22559301610033
1.3272,0.3499,6.2362,0.5218633895398685,728,-1,-349.2255930161002
0.024029,0.0218,27.3935,0.7568807339449541,729,-1,-349.22559301610033
0.5874,0.227,4.5096,0.3162995594713656,730,-1,-349.22555227794334
0.35073,0.2701,6.3688,2.04183635690485,731,-1,-349.22559301610033
0.76672,0.5752,13.7531,0.4363699582753824,732,-1,-349.22559301610033
1.2978,0.2119,13.0936,0.3798961774421897,733,-1,-349.22559301610033
0.3387,0.3602,5.5782,1.5177679067184895,734,-1,-349.2255930160995
8.9034,0.2152,4.3608,0.8513011152416357,735,-1,-349.22559301319694
1.7031,0.4037,5.2565,0.5442160019816695,736,-1,-349.2255930105632
0.16436,0.0855,6.3238,0.912280701754386,737,-1,-349.22559301610033
1.7757,0.5652,12.4792,0.3198867657466383,738,-1,-349.22559301610033
0.84496,0.5132,4.5241,0.6182774746687452,739,-1,-349.2255893616851
0.36038,0.5254,6.623,0.8208983631518844,740,-1,-349.22559301610033
2.6871,0.8617,7.2308,0.2995241963560404,741,-1,-349.22559301610033
0.32501,0.2177,13.8554,0.3068442811208084,742,-1,-349.22559301610033
0.90452,0.745,7.8082,0.3320805369127517,743,-1,-349.22559301610033
0.65911,0.3951,7.0997,0.4269805112629714,744,-1,-349.22559301610033
0.33985,0.1997,6.747,0.4661992989484226,745,-1,-349.22559301610033
1.5747,0.347,4.7699,0.4008645533141211,746,-1,-349.22559152741127
1.3405,0.1561,5.4485,0.7802690582959643,747,-1,-349.2255930155869
0.060994,0.0415,7.1691,1.4578313253012047,748,-1,-349.22559301610033
4.4849,0.2578,4.5364,0.709464701318852,749,-1,-349.2255926065158
0.41003,0.3088,4.762,0.6068652849740933,750,-1,-349.2255919759687
1.2623,0.2253,4.2514,0.3200177541056369,751,-1,-349.2253348062657
1.306,0.8463,7.2922,0.3017842372681082,752,-1,-349.22559301610033
1.6741,0.4241,9.2842,0.4001414760669653,753,-1,-349.22559301610033
1.1452,0.2134,32.9534,0.1733833177132146,754,-1,-349.22559301610033
1.9467,0.127,10.7225,0.6488188976377953,755,-1,-349.22559301610033
17.867,0.6593,6.4511,0.4620051569846807,756,-1,-349.22559301610033
1.0026,0.4377,6.9995,0.4021018962759881,757,-1,-349.22559301610033
0.87937,0.7934,6.7327,0.3050163851777162,758,-1,-349.22559301610033
1.2603,0.6555,14.471,0.275209763539283,759,-1,-349.22559301610033
0.43576,0.2492,4.65,0.6974317817014446,760,-1,-349.2255907531251
0.023134,0.136,4.6154,1.4595588235294117,761,-1,-349.22559293485233
1.2585,0.5237,7.1217,0.3752148176436891,762,-1,-349.22559301610033
1.0198,0.3797,4.0571,0.3926784303397419,763,-1,-349.22502549827294
0.75236,0.2897,10.3776,0.3662409389023127,764,-1,-349.22559301610033
1.3672,0.4793,5.274,0.6175672856248695,765,-1,-349.22559301322207
3.4915,0.4664,17.3694,0.2823756432246999,766,-1,-349.22559301610033
0.51271,0.3103,8.0279,0.2555591363196905,767,-1,-349.22559301610033
0.83061,0.1889,16.8374,0.3075701429327686,768,-1,-349.22559301610033
0.00029329,0.0552,4.4638,2.2717391304347827,769,-1,-349.22559301424076
0.67394,0.9316,6.3658,0.3146200085873766,770,-1,-349.22559301610033
1.0848,0.2694,8.3342,0.3166295471417966,771,-1,-349.22559301610033
0.74071,0.2202,5.7611,0.5835603996366939,772,-1,-349.2255930160552
0.36649,0.1772,5.4326,0.7742663656884875,773,-1,-349.22559301531686
1.2842,0.892,6.2076,0.4848654708520179,774,-1,-349.2255930161003
1.7523,0.0429,4.2323,1.766899766899767,775,-1,-349.2255926880043
0.95484,0.3777,4.2689,0.3632512576118613,776,-1,-349.22545970906276
0.88637,0.1597,9.3647,0.453976205385097,777,-1,-349.22559301610033
1.0105,0.6004,6.0514,0.4653564290473017,778,-1,-349.2255930160994
0.31635,0.2827,4.3857,0.6724442872302794,779,-1,-349.2255703647193
0.12143,0.0417,10.0602,1.009592326139089,780,-1,-349.22559301610033
1.0893,0.5408,6.4758,0.4262204142011835,781,-1,-349.22559301610033
1.2901,0.8661,6.3984,0.4340145479736751,782,-1,-349.22559301610033
3.5715,0.3944,13.9244,0.324290060851927,783,-1,-349.22559301610033
0.57592,0.4336,5.5755,0.5710332103321033,784,-1,-349.2255930158785
0.78703,0.2986,7.3567,0.4450770261219022,785,-1,-349.22559301610033
1.7256,0.2522,17.3542,0.3112609040444092,786,-1,-349.22559301610033
1.2636,0.4286,8.2014,0.4148390107326178,787,-1,-349.22559301610033
0.053092,0.2078,5.7071,0.9884504331087584,788,-1,-349.22559301609095
0.83634,0.9732,5.5871,0.2583230579531443,789,-1,-349.22559301595004
0.89237,0.5365,6.8525,0.4003727865796831,790,-1,-349.22559301610033
0.22586,0.1175,10.486,0.5114893617021277,791,-1,-349.22559301610033
0.37296,0.3269,4.8043,0.3377179565616396,792,-1,-349.2255907675368
1.6771,0.7475,12.4577,0.2713043478260869,793,-1,-349.22559301610033
0.42871,0.3236,12.4159,0.3340543881334981,794,-1,-349.22559301610033
0.15589,0.0919,4.1229,1.0924918389553864,795,-1,-349.2255451639012
0.22997,0.1905,4.4732,0.7805774278215223,796,-1,-349.2255840418272
0.15247,0.0804,4.5738,1.17910447761194,797,-1,-349.22559231594266
0.19689,0.1259,4.1117,1.0738681493248607,798,-1,-349.2255416178434
0.56193,0.4617,7.4921,0.4076239982672731,799,-1,-349.22559301610033
0.69837,0.5411,7.5524,0.1543152836813897,800,-1,-349.22559301610033
0.46348,0.6754,6.4124,0.6060112525910571,801,-1,-349.22559301610033
1.1276,0.8911,16.1206,0.1350016833127595,802,-1,-349.22559301610033
0.19057,0.1301,5.0567,0.9946195234435048,803,-1,-349.22559300084947
2.1511,0.7562,5.9933,0.5243321872520498,804,-1,-349.2255930160999
0.95951,0.385,9.6841,0.3685714285714285,805,-1,-349.22559301610033
1.1244,0.7934,5.5671,0.3440887320393244,806,-1,-349.2255930158841
0.41168,0.1572,7.63,0.5305343511450381,807,-1,-349.22559301610033
0.55588,0.2368,5.4035,0.6596283783783784,808,-1,-349.2255930144805
0.49639,0.2476,4.357,0.3065428109854604,809,-1,-349.22545301419376
1.631,0.2378,4.3178,0.6669470142977291,810,-1,-349.2255622091925
0.45188,0.1251,4.3968,0.8896882494004796,811,-1,-349.22558091284685
1.3798,0.3672,4.9002,0.3507625272331154,812,-1,-349.225592433333
0.87889,0.6527,5.1966,0.446606404167305,813,-1,-349.225593006099
0.4184,0.7044,7.6819,0.3489494605337876,814,-1,-349.22559301610033
1.797,0.4462,10.5644,0.3402061855670103,815,-1,-349.22559301610033
0.69506,0.3049,8.1646,0.4024270252541817,816,-1,-349.22559301610033
2.5716,0.4932,8.9231,0.4178832116788321,817,-1,-349.22559301610033
0.50974,0.2019,8.1266,0.5656265477959386,818,-1,-349.22559301610033
0.81659,0.2286,9.9637,0.4851268591426071,819,-1,-349.22559301610033
1.6388,0.6634,6.5653,0.7181187820319566,820,-1,-349.22559301610033
1.5437,0.6922,9.8576,0.3111817393816816,821,-1,-349.22559301610033
0.89352,0.5888,6.8199,0.4256114130434782,822,-1,-349.22559301610033
0.77882,0.3582,9.0605,0.4941373534338358,823,-1,-349.22559301610033
0.35956,0.5892,7.7068,0.4899864222674814,824,-1,-349.22559301610033
0.74312,0.4953,5.8651,0.499293357561074,825,-1,-349.2255930160903
0.49438,0.2512,8.4651,0.4315286624203822,826,-1,-349.22559301610033
0.00034031,0.0339,4.271,2.6253687315634218,827,-1,-349.2255930152968
0.71824,0.3562,9.1749,0.3340819764177428,828,-1,-349.22559301610033
0.90685,0.3532,12.7119,0.3244620611551528,829,-1,-349.22559301610033
0.3938,0.1036,4.8132,1.0897683397683398,830,-1,-349.22559290758437
1.6266,0.2796,10.4285,0.4198855507868383,831,-1,-349.22559301610033
0.27225,0.0607,11.684,0.8237232289950578,832,-1,-349.22559301610033
1.2389,0.5456,11.1421,0.2769428152492669,833,-1,-349.22559301610033
0.63473,0.3705,8.0348,0.2766531713900135,834,-1,-349.22559301610033
1.6065,0.5315,5.5746,0.646472248353716,835,-1,-349.2255930160254
1.7708,0.3743,8.8348,0.4165108201977023,836,-1,-349.22559301610033
0.027241,0.0472,5.2444,1.7139830508474576,837,-1,-349.22559301606765
0.15309,0.2017,6.0837,0.68368864650471,838,-1,-349.22559301609977
1.8119,0.5288,12.4026,0.3004916792738275,839,-1,-349.22559301610033
0.39262,0.3328,14.9785,0.2118389423076923,840,-1,-349.22559301610033
0.81508,0.5325,7.1886,0.3622535211267605,841,-1,-349.22559301610033
0.81579,0.1848,5.6781,0.6152597402597403,842,-1,-349.22559301599455
0.77872,0.5259,6.8877,4.6406160867085,843,-1,-349.22559301610033
0.22665,0.2713,4.593,3.3910799852561744,844,-1,-349.22559301610033
0.889,0.3117,7.5297,0.4321462945139557,845,-1,-349.22559301610033
1.6648,0.5017,7.9764,0.504883396452063,846,-1,-349.22559301610033
22.999,0.0929,7.6952,0.8826695371367063,847,-1,-349.22559301610033
0.68911,0.4568,7.0014,0.217600700525394,848,-1,-349.22559301610033
0.35735,0.1865,6.006,0.6916890080428955,849,-1,-349.2255930160988
1.2384,0.3731,10.4406,0.3805950147413562,850,-1,-349.22559301610033
0.87647,0.1978,27.4967,0.1946410515672396,851,-1,-349.22559301610033
1.7159,0.5604,6.7845,0.4887580299785867,852,-1,-349.22559301610033
0.21584,0.1574,6.0462,0.7077509529860229,853,-1,-349.2255930160994
3.8295,0.6855,19.6715,0.2,854,-1,-349.22559301610033
1.8314,0.3289,13.6705,0.3745819397993311,855,-1,-349.22559301610033
2.127,0.4774,5.7811,0.7754503560955174,856,-1,-349.2255930160973
0.9949,0.4359,4.8017,0.5602202339986235,857,-1,-349.2255925056645
0.20681,0.2015,4.5662,0.9980148883374688,858,-1,-349.22559169184154
0.63081,0.4384,5.5837,0.5237226277372262,859,-1,-349.22559301584386
0.70174,0.4983,8.0589,0.2436283363435681,860,-1,-349.22559301610033
3.8845,0.9846,4.2111,0.1819012797074954,861,-1,-349.22558770534556
1.5026,0.3699,15.9853,0.2643957826439578,862,-1,-349.22559301610033
1.8347,0.8617,5.5636,0.7458512243240107,863,-1,-349.22559301608806
2.2769,0.3378,4.6435,0.3969804618117229,864,-1,-349.22558982162565
0.90207,0.6015,7.7244,0.3825436408977556,865,-1,-349.22559301610033
1.1542,0.2201,18.1698,0.3334847796456157,866,-1,-349.22559301610033
1.9916,0.4577,12.3781,0.3185492680795281,867,-1,-349.22559301610033
2.0156,0.4302,16.9531,0.2715016271501627,868,-1,-349.22559301610033
0.4843,0.1705,6.7062,0.6662756598240469,869,-1,-349.22559301610033
0.34261,0.089,5.1679,1.096629213483146,870,-1,-349.2255930130898
1.3309,0.5409,6.4736,0.4059900166389351,871,-1,-349.22559301610033
0.78739,0.6172,7.3971,0.1753078418664938,872,-1,-349.22559301610033
1.5532,0.6486,7.7714,0.4085723095898859,873,-1,-349.22559301610033
1.2468,0.5199,9.1291,0.3102519715329871,874,-1,-349.22559301610033
0.75605,0.4468,9.0509,0.2795434198746643,875,-1,-349.22559301610033
0.78803,0.3345,7.743,0.3961136023916293,876,-1,-349.22559301610033
0.031897,0.0923,5.4982,1.0530877573131094,877,-1,-349.225593015997
0.96922,0.567,8.3785,0.3772486772486773,878,-1,-349.22559301610033
10.802,0.2639,4.442,0.8707843880257673,879,-1,-349.2255930160745
0.63607,0.2995,4.3186,0.803338898163606,880,-1,-349.2255737605946
1.0661,0.4604,4.1894,0.701346655082537,881,-1,-349.2255492519867
0.95388,0.2697,6.472,0.575083426028921,882,-1,-349.22559301610033
0.94809,0.2963,6.1746,1.4772190347620653,883,-1,-349.22559301610033
0.94858,0.3959,6.0021,0.3629704470825966,884,-1,-349.2255930160948
6.5307e-05,0.0267,4.1586,3.767790262172284,885,-1,-349.22559301610016
0.57976,0.2266,5.917,0.5233892321270962,886,-1,-349.22559301609
1.7401,0.8248,9.1385,0.3292919495635306,887,-1,-349.22559301610033
0.47992,0.0567,4.0806,1.7054673721340388,888,-1,-349.2255906814863
2.0126,0.6167,13.7016,0.2730663207394194,889,-1,-349.22559301610033
0.20816,0.1678,4.539,0.6895113230035756,890,-1,-349.2255846891004
1.0815,0.2168,7.9342,0.5479704797047971,891,-1,-349.22559301610033
0.23302,0.1639,4.7532,1.4704087858450274,892,-1,-349.2255929978635
1.1508,0.3787,5.6077,0.2933720623184579,893,-1,-349.2255930154073
0.92289,0.3255,15.0713,0.2804915514592934,894,-1,-349.22559301610033
3.1365,0.5388,8.3556,0.4974016332590943,895,-1,-349.22559301610033
1.003,0.5164,6.7951,0.4072424477149496,896,-1,-349.22559301610033
1.8635,0.6373,5.7194,0.4484544170720226,897,-1,-349.2255930160715
0.61297,0.3484,11.4064,0.255166475315729,898,-1,-349.22559301610033
0.51565,0.1938,5.1983,2.2053663570691437,899,-1,-349.2255930160995
2.1289,0.5143,5.8999,0.495819560567762,900,-1,-349.2255930160968
0.63107,0.2288,5.9182,0.5113636363636364,901,-1,-349.2255930160896
0.30774,0.1274,5.3023,2.021193092621664,902,-1,-349.2255930160989
0.11219,0.0448,4.984,1.689732142857143,903,-1,-349.2255930154485
0.80212,0.4685,6.6628,0.4463180362860192,904,-1,-349.22559301610033
0.42656,0.1783,8.5826,0.4301738642736961,905,-1,-349.22559301610033
2.071,0.6355,10.1884,0.3195908733280881,906,-1,-349.22559301610033
0.26066,0.1334,8.6744,0.5569715142428786,907,-1,-349.22559301610033
0.59251,0.4413,4.9001,0.5773849988669839,908,-1,-349.2255928098649
0.27602,0.1506,5.7217,0.9628154050464806,909,-1,-349.2255930160897
0.94643,0.2133,5.1601,0.6779184247538679,910,-1,-349.2255929977314
0.64742,0.7427,4.6504,0.2043893900632826,911,-1,-349.2255895507752
2.0662,0.3984,4.6157,0.6031626506024097,912,-1,-349.2255914773066
0.93711,0.2521,10.7337,0.3696945656485522,913,-1,-349.22559301610033
0.26666,0.2187,9.2997,0.3365340649291266,914,-1,-349.22559301610033
1.0815,0.8043,6.7443,0.3256247668780306,915,-1,-349.22559301610033
1.5667,0.2416,7.2972,0.6175496688741722,916,-1,-349.22559301610033
0.8853,0.0689,8.7595,0.9375907111756168,917,-1,-349.22559301610033
0.56188,0.2342,7.0744,0.6093082835183604,918,-1,-349.22559301610033
3.7667,0.6816,9.1137,0.3507922535211268,919,-1,-349.22559301610033
1.7998,0.3852,8.6997,0.4693665628245067,920,-1,-349.22559301610033
0.85176,0.2802,7.0753,0.4964311206281228,921,-1,-349.22559301610033
0.74002,0.4443,16.0634,0.20886788206167,922,-1,-349.22559301610033
0.60573,0.5652,4.2422,5.456652512384996,923,-1,-349.22559301610033
1.1472,0.4537,15.5899,0.2799206524134891,924,-1,-349.22559301610033
0.99843,0.6209,6.8386,0.4127878885488806,925,-1,-349.22559301610033
0.33785,0.2123,6.327,0.694300518134715,926,-1,-349.22559301610033
0.87538,0.6259,6.0382,0.5000798849656495,927,-1,-349.2255930160995
0.89335,0.329,6.8215,0.5592705167173252,928,-1,-349.22559301610033
0.58538,0.1682,8.5699,0.5083234244946493,929,-1,-349.22559301610033
0.96882,0.3435,7.5553,0.4771470160116448,930,-1,-349.22559301610033
0.71191,0.328,12.6662,0.2765243902439024,931,-1,-349.22559301610033
0.55918,0.427,10.4015,0.218735362997658,932,-1,-349.22559301610033
0.4345,0.4125,7.4814,0.3023030303030303,933,-1,-349.22559301610033
1.1171,0.2805,10.8088,0.3796791443850267,934,-1,-349.22559301610033
2.6911,0.1928,4.2969,0.8324688796680498,935,-1,-349.2255822438969
0.27233,0.1565,7.6751,0.6376996805111821,936,-1,-349.22559301610033
1.6014,0.4791,8.1636,0.4026299311208515,937,-1,-349.22559301610033
0.69063,0.3769,9.9613,0.2573626956752454,938,-1,-349.22559301610033
1.3054,0.6831,5.725,0.4880690967647488,939,-1,-349.2255930160763
1.0319,0.229,11.4571,0.3847161572052401,940,-1,-349.22559301610033
0.33698,0.302,4.0756,0.9013245033112584,941,-1,-349.22550610582795
0.79768,0.6755,5.0747,0.4504811250925241,942,-1,-349.2255929858316
0.60555,0.3354,5.6241,0.5217650566487776,943,-1,-349.22559301587387
0.012643,0.0711,5.2531,1.4106891701828412,944,-1,-349.22559301589945
0.75247,0.3817,19.3815,0.2161383285302593,945,-1,-349.22559301610033
0.53199,0.2198,5.5106,0.583712465878071,946,-1,-349.22559301530265
0.73462,0.6404,8.6861,0.4712679575265459,947,-1,-349.22559301610033
1.7257,0.9264,7.9728,0.3855785837651123,948,-1,-349.22559301610033
3.3283,0.8752,9.5148,0.2126371115173674,949,-1,-349.22559301610033
1.3206,0.6867,5.2211,0.4712392602300859,950,-1,-349.22559301085727
0.82271,0.1899,8.9866,0.5808320168509742,951,-1,-349.22559301610033
0.8289,0.2282,19.6119,0.1827344434706398,952,-1,-349.22559301610033
0.068393,0.1097,4.5146,2.075660893345488,953,-1,-349.22559301213084
0.50692,0.3696,10.9474,0.2416125541125541,954,-1,-349.22559301610033
1.3882,0.4395,21.0456,0.1890784982935153,955,-1,-349.22559301610033
1.2817,0.3543,6.2987,0.59808072255151,956,-1,-349.2255930161003
0.62839,0.7321,5.7924,0.5358557574101899,957,-1,-349.2255930160916
0.78736,0.0996,9.0768,1.247991967871486,958,-1,-349.22559301610033
0.69576,0.4475,10.6599,0.4589944134078212,959,-1,-349.22559301610033
1.6275,0.6596,6.5672,0.4968162522741055,960,-1,-349.22559301610033
0.71972,0.6,5.0173,0.6043333333333333,961,-1,-349.22559298349944
0.3362,0.4263,8.0233,0.3293455313159746,962,-1,-349.22559301610033
1.5738,0.4396,9.2088,0.402638762511374,963,-1,-349.22559301610033
0.77457,0.4793,9.9871,0.2153139995827248,964,-1,-349.22559301610033
1.5914,0.57,10.131,0.3692982456140351,965,-1,-349.22559301610033
0.59614,0.3508,5.174,0.5054161915621437,966,-1,-349.2255929886938
0.76737,0.2984,6.6193,1.453083109919571,967,-1,-349.22559301610033
0.52132,0.4047,10.0239,0.2359772671114405,968,-1,-349.22559301610033
2.6291,0.3123,18.2624,0.3077169388408581,969,-1,-349.22559301610033
0.66224,0.3011,6.6623,0.5549651278644969,970,-1,-349.22559301610033
0.33063,0.5667,6.0466,0.2696311981648138,971,-1,-349.2255930160966
0.72243,0.2038,10.903,0.4636898920510304,972,-1,-349.22559301610033
1.3857,0.9598,5.789,0.3278808085017712,973,-1,-349.22559301609016
1.3524,0.4843,5.679,0.5422258930415031,974,-1,-349.2255930160447
0.50834,0.3575,5.4139,0.4117482517482517,975,-1,-349.2255930123545
0.93628,0.4004,5.6412,0.5831668331668333,976,-1,-349.22559301599927
0.56451,0.3807,7.6415,0.3333333333333333,977,-1,-349.22559301610033
0.53187,0.1518,4.7824,0.6370223978919631,978,-1,-349.22559183016745
2.3192,0.4854,12.3878,0.3217964565306963,979,-1,-349.22559301610033
0.46598,0.3162,7.075,0.3810879190385832,980,-1,-349.22559301610033
0.0051208,0.0221,12.0595,1.5837104072398192,981,-1,-349.22559301610033
0.2896,0.1571,8.9027,0.4513049013367282,982,-1,-349.22559301610033
0.72895,0.3992,12.0971,0.2467434869739479,983,-1,-349.22559301610033
0.6225,0.3525,15.7964,0.2221276595744681,984,-1,-349.22559301610033
0.28053,0.2751,5.7527,0.6226826608505998,985,-1,-349.22559301606276
0.31729,0.2658,4.3162,0.6659142212189616,986,-1,-349.22554956830123
0.044629,0.0922,4.3326,1.3427331887201734,987,-1,-349.2255907105446
1.8269,0.6762,5.4459,0.6888494528246081,988,-1,-349.225593015973
0.51127,0.4403,4.2907,0.6043606631841926,989,-1,-349.2255553480932
0.70753,0.2626,10.675,0.4154607768469154,990,-1,-349.22559301610033
0.98359,0.3609,5.6405,0.5247991133277917,991,-1,-349.2255930159442
3.4794,0.4558,9.5779,0.4969284774023695,992,-1,-349.22559301610033
1.1426,0.2963,6.7368,0.4951063111711103,993,-1,-349.22559301610033
3.0951,0.5787,6.801,0.4686365992742353,994,-1,-349.22559301610033
3.1289,0.4918,4.5268,0.8275721838145587,995,-1,-349.2255926291337
0.59159,0.2197,8.8729,0.4451524806554392,996,-1,-349.22559301610033
0.39497,0.1796,4.586,0.9788418708240536,997,-1,-349.2255917396797
2.0603,0.7645,7.2387,0.2725964682799215,998,-1,-349.22559301610033
0.81665,0.3048,9.2697,0.369750656167979,999,-1,-349.22559301610033
0.41286,0.2857,6.3494,0.4854742737136856,1000,-1,-349.2255930161003
0.88588,0.6109,7.1795,0.4053036503519397,1001,-1,-349.22559301610033
0.54254,0.2124,5.7393,1.0437853107344632,1002,-1,-349.2255930160961
0.65303,0.3722,7.8631,0.2603439011284256,1003,-1,-349.22559301610033
0.26716,0.1012,10.7896,0.9634387351778656,1004,-1,-349.22559301610033
1.6029,0.8389,5.0806,0.4324710930981046,1005,-1,-349.2255930036933
0.3582,0.364,5.4401,0.4774725274725275,1006,-1,-349.22559301406375
1.1152,0.1575,4.5172,0.9904761904761904,1007,-1,-349.2255910339561
0.76062,0.3357,4.3787,0.6064938933571642,1008,-1,-349.22556838390466
0.38487,0.614,4.3737,1.8257328990228008,1009,-1,-349.22559300518105
58.718,0.2163,4.1131,1.296347665279704,1010,-1,-349.22559301610033
2.0303,0.2572,8.1188,0.5583203732503889,1011,-1,-349.22559301610033
1.4471,0.3266,8.6566,0.5838946723821188,1012,-1,-349.22559301610033
7.8607,0.9992,5.3194,0.0456365092073658,1013,-1,-349.2255930160995
2.5478,0.6124,7.2854,0.4062704114957544,1014,-1,-349.22559301610033
12.881,0.3764,4.1984,0.7526567481402763,1015,-1,-349.2255930160993
0.99852,0.1148,4.0994,1.048780487804878,1016,-1,-349.2255370787446
48.193,0.9998,4.2923,0.0644128825765153,1017,-1,-349.22559301610033
0.17158,0.1791,7.0677,0.7035175879396984,1018,-1,-349.22559301610033
2.1971,0.6895,4.6501,0.390572878897752,1019,-1,-349.22559205166556
3.3242,0.5713,9.3406,0.4022405041134255,1020,-1,-349.22559301610033
0.92645,0.6987,16.1889,0.2174037498210963,1021,-1,-349.22559301610033
1.0153,0.6469,4.5958,0.7738444891018705,1022,-1,-349.22559248435766
372.4,0.045,6.4346,1.8822222222222225,1023,-1,-349.22559301610033
10.154,0.9646,5.3467,0.3120464441219158,1024,-1,-349.22559301610033
2.6886,0.7886,23.298,0.166243976667512,1025,-1,-349.22559301610033
1.32,0.3461,5.5892,0.789945102571511,1026,-1,-349.2255930160428
0.18555,0.1688,4.3935,1.0930094786729858,1027,-1,-349.2255889248867
0.14587,0.1534,10.3725,0.6479791395045632,1028,-1,-349.22559301610033
0.39474,0.3819,16.3195,0.2173343807279392,1029,-1,-349.22559301610033
1.0247,0.4005,12.5249,0.3707865168539325,1030,-1,-349.22559301610033
1.2832,0.2562,41.8061,0.1592505854800937,1031,-1,-349.22559301610033
0.031635,0.1214,4.4543,1.2957166392092256,1032,-1,-349.2255920625108
0.096642,0.1013,4.4024,1.0937808489634748,1033,-1,-349.22558830475566
0.44289,0.0609,7.5352,1.2660098522167489,1034,-1,-349.22559301610033
0.9494,0.3085,27.9197,0.1734197730956239,1035,-1,-349.22559301610033
0.71148,0.0634,6.151,1.2492113564668772,1036,-1,-349.22559301610033
1.1633,0.3584,4.6658,0.5943080357142857,1037,-1,-349.22559119538363
1.8871,0.719,16.2465,0.2443671766342142,1038,-1,-349.22559301610033
0.016044,0.0108,4.567,6.8240740740740735,1039,-1,-349.22559301610033
2.1595,0.7383,11.3356,0.3448462684545578,1040,-1,-349.22559301610033
0.74391,0.2767,9.821,0.5218648355619805,1041,-1,-349.22559301610033
5.4797,0.1137,5.665,1.1213720316622693,1042,-1,-349.22559301609994
0.28976,0.9344,5.4449,0.2760059931506849,1043,-1,-349.22559301533386
0.0017648,0.0373,4.4642,3.8176943699731902,1044,-1,-349.22559301610033
0.18054,0.0904,5.8435,1.4966814159292037,1045,-1,-349.2255930161002
1.3713,0.3462,4.3628,0.7047949162333911,1046,-1,-349.2255788163958
0.069857,0.0325,4.4584,2.4,1047,-1,-349.22559301529935
0.60182,0.5131,8.7481,0.4151237575521341,1048,-1,-349.22559301610033
0.10982,0.1303,5.4779,0.7759017651573292,1049,-1,-349.2255930155451
0.13557,0.1104,7.2957,0.7907608695652174,1050,-1,-349.22559301610033
0.95116,0.3464,11.9881,0.3137990762124711,1051,-1,-349.22559301610033
0.37164,0.1637,9.2199,0.5839951130116066,1052,-1,-349.22559301610033
2.0032,0.6348,5.8858,0.4976370510396975,1053,-1,-349.22559301609726
2950.5,0.0917,4.7826,2.079607415485278,1054,-1,-349.22559301610033
0.51,0.4519,5.5924,0.5337464040716973,1055,-1,-349.22559301588365
0.082079,0.0578,6.9915,1.4186851211072666,1056,-1,-349.22559301610033
0.3359,0.1995,4.2913,0.9343358395989976,1057,-1,-349.2255740591439
1.3682,0.737,6.5809,0.4048846675712347,1058,-1,-349.22559301610033
0.97136,0.0905,8.0779,0.9591160220994476,1059,-1,-349.22559301610033
0.2213,0.1245,4.1301,1.0795180722891566,1060,-1,-349.2255496660742
0.28449,0.2231,13.7746,0.291349170775437,1061,-1,-349.22559301610033
31.769,0.347,9.5904,0.3757925072046109,1062,-1,-349.22559301610033
2.1442,0.4224,50.3083,0.1067708333333333,1063,-1,-349.22559301610033
0.51287,0.1768,10.4693,0.4926470588235294,1064,-1,-349.22559301610033
0.93231,0.2801,10.2526,0.4862549089610852,1065,-1,-349.22559301610033
2.9578,0.1104,8.9042,0.8451086956521738,1066,-1,-349.22559301610033
0.33765,0.1188,10.794,0.7550505050505051,1067,-1,-349.22559301610033
31.346,0.237,4.0873,0.9164556962025318,1068,-1,-349.22559301610033
0.13913,0.1455,5.0974,0.7305841924398626,1069,-1,-349.22559297756766
12.079,0.1129,5.2113,1.154118689105403,1070,-1,-349.22559301610033
0.34635,0.111,14.5111,0.5261261261261261,1071,-1,-349.22559301610033
0.71992,0.5041,4.6202,0.6407458837532236,1072,-1,-349.2255914901481
1.2646,0.59,20.9141,0.2186440677966102,1073,-1,-349.22559301610033
0.10324,0.1263,5.2419,1.0831353919239906,1074,-1,-349.22559301474695
0.13346,0.1029,6.6792,0.8658892128279883,1075,-1,-349.22559301610033
4.1049,0.4349,6.0223,0.8631869395263279,1076,-1,-349.22559301610033
0.00032292,0.0362,8.67,2.0994475138121547,1077,-1,-349.22559301610033
190.24,0.0575,10.7288,1.382608695652174,1078,-1,-349.22559301610033
2.0623,0.6162,12.1375,0.381207400194742,1079,-1,-349.22559301610033
0.0016012,0.0752,4.2887,1.767287234042553,1080,-1,-349.22559273865375
0.57895,0.1792,21.8474,0.21875,1081,-1,-349.22559301610033
0.097764,0.2869,6.7656,0.5406064830951551,1082,-1,-349.22559301610033
0.21614,0.0993,4.5404,1.636455186304129,1083,-1,-349.22559295523354
1.2427,0.5175,14.0851,0.2504347826086956,1084,-1,-349.22559301610033
1.552,0.48,9.3641,0.3852083333333334,1085,-1,-349.22559301610033
2.5378,0.677,12.9877,0.3324963072378138,1086,-1,-349.22559301610033
0.42591,0.3251,12.8926,0.2657643801907106,1087,-1,-349.22559301610033
9.0674,0.6097,4.3354,0.6800065606035756,1088,-1,-349.22559301555077
6.4558,0.0759,6.0214,1.3662714097496709,1089,-1,-349.22559301610033
0.51022,0.8673,6.239,0.339328951919751,1090,-1,-349.2255930161002
0.2834,0.2343,6.4436,0.520273154075971,1091,-1,-349.22559301610033
2.4156,0.0742,10.1648,1.0215633423180597,1092,-1,-349.22559301610033
9.1064,0.6128,4.3295,0.8908289817232377,1093,-1,-349.225593015852
6.7305,0.0752,7.546,1.559840425531915,1094,-1,-349.22559301610033
0.10937,0.4355,5.2397,0.6904707233065442,1095,-1,-349.225593011659
1.8004,0.5491,9.8981,0.3864505554543799,1096,-1,-349.22559301610033
0.15787,0.2837,5.8911,2.4839619316179062,1097,-1,-349.22559301610033
0.41272,0.0604,5.4748,2.0794701986754967,1098,-1,-349.22559301610016
1.0329,0.7733,13.5,0.2972972972972973,1099,-1,-349.22559301610033
12.113,0.5693,4.4326,0.6207623397154399,1100,-1,-349.2255930160999
0.052716,0.0817,5.6368,1.7870257037943695,1101,-1,-349.22559301610016
17.617,0.1776,5.4213,0.849099099099099,1102,-1,-349.22559301610033
47.771,0.1169,10.4479,0.3738237810094098,1103,-1,-349.22559301610033
2.7037,0.3672,4.5918,0.9937363834422658,1104,-1,-349.2255928044857
0.28678,0.3359,5.4389,0.5668353676689492,1105,-1,-349.225593014684
0.61673,0.3047,6.8058,0.5123071873974401,1106,-1,-349.22559301610033
20.633,0.1857,5.0246,2.648896068928379,1107,-1,-349.22559301610033
4.4638,0.2289,5.8057,0.8313674093490607,1108,-1,-349.2255930160998
2.3549e-06,0.0142,4.2952,6.901408450704225,1109,-1,-349.22559301610033
2.8064,0.6059,5.1549,0.7253672223139132,1110,-1,-349.22559301465327
0.029103,0.1825,5.8517,0.8164383561643835,1111,-1,-349.22559301609533
0.085812,0.2053,4.0953,0.901607403799318,1112,-1,-349.2254873155114
8.8902,0.0542,4.3784,2.42619926199262,1113,-1,-349.225593016098
1.2945,0.328,19.3826,0.3088414634146341,1114,-1,-349.22559301610033
2.0184,0.5468,4.4527,0.6715435259692759,1115,-1,-349.2255902458731
5.9075,0.0024,5.5888,39.75,1116,-1,-349.22559301610033
2.7143,0.5755,4.1659,0.7629887054735013,1117,-1,-349.2255825382529
0.86166,0.2747,9.5446,0.4459410265744448,1118,-1,-349.22559301610033
0.60244,0.1718,4.5013,1.1653084982537834,1119,-1,-349.22559200802357
0.002726,0.0604,4.8604,1.584437086092715,1120,-1,-349.2255930116753
1.0719,0.4291,9.3059,0.4493125145653694,1121,-1,-349.22559301610033
0.2483,0.1704,14.5845,0.4700704225352113,1122,-1,-349.22559301610033
0.023573,0.0633,5.1143,1.4897314375987365,1123,-1,-349.2255930155327
0.75451,0.6137,5.3262,0.6134919341697898,1124,-1,-349.22559301477816
