E_peak,beta,sigma_det,beta_Rel,number
0.4001752063353898,-1.0472075569559078,0.8692082437190836,0.2124518830812188,0
0.16973319794251787,-0.3805935891132226,0.7335984609613392,-0.1130366937912733,1
0.20314171911198567,-0.16857818293497784,1.0330576679204901,-0.4303660912931784,2
-0.0310736437310292,-0.5573634742177682,0.8811334809019066,-0.2015883751105874,3
-0.351835221425999,-0.49390104007155955,0.6309158007184064,-0.2460275719433657,4
-0.28862306208138316,-0.9871627752948278,0.682902850162524,0.04748280398311302,5
-1.2538018710084495,-0.6865546295735858,0.7395723444500919,-0.08710328326278344,6
-0.43962702805873427,-0.8195873671616762,0.835189417281201,-0.054281225576339374,7
-0.2856534724517532,-0.35634996178267087,0.9521868168381482,-0.41065392782517524,8
-0.396931446001918,-0.6085355881608968,0.6505503492394106,-0.11225389923770802,9
-1.172908712661239,-1.1243600629958317,0.9308930224060254,-0.008172449145116847,10
-0.09171877201816735,-1.7619538968712045,0.8658971851683774,0.6317721048505327,11
0.5002090217151078,-0.7011469235902933,0.8482938278592816,-0.0863991153694309,12
-1.2188624087595714,-2.1249387366083,0.7321443710297231,1.1143885542749918,13
0.14736710779378645,-0.21853185715820167,0.8023289442025816,-0.2730731097087453,14
0.8372600682972373,-0.9190129530891128,0.7296911336964809,0.020072307997228343,15
-0.0578480332252178,-0.679853713888946,0.942097384413391,-0.3010299956639812,16
2.018076063645795,-1.3142582613977363,0.7320880376060064,0.3805841867597741,17
-1.5738792912533845,-1.2211255279972604,0.632285160030591,0.3333952964145311,18
0.23085747689467256,-0.2731098592581784,1.3261985857907943,-0.6862878006277487,19
-3.6581501759152477,-1.7958800173440752,0.6985876569344022,0.7879915051310248,20
0.8430707441941182,-1.3062730510763532,0.838244434208112,0.24278679355524638,21
0.20052219180211292,-0.3998987443086093,1.160795554463833,-0.4414372748774015,22
-0.2322951171260335,-0.6263525277907822,0.8468688281742385,-0.1465323896200926,23
1.0466122090684455,-0.2871819997921499,0.6326597132939135,-0.17701770938295236,24
1.6765930245187535,-0.43132902199010326,0.8678680090143196,-0.3328901076823365,25
-3.382276437260005,-1.4814860601221125,0.6900719781611445,0.3758021228065509,26
-0.5227484764751105,-0.624702261782661,1.1443032727937348,-0.4705821929386581,27
0.5987576873002555,-1.0,0.749450297993681,0.08884456272700428,28
0.788359305564385,-0.11131515334030107,0.7335022077513035,-0.3990075549960003,29
0.8391385239248444,-0.40230481407448765,0.8286663400258267,-0.2099495263166487,30
-0.8513973451939065,-1.1630432629404497,0.6297357072328554,0.45151606354023205,31
0.10676866517680579,-0.4658469258149374,0.7120938531249047,-0.09418913826415774,32
1.0335845755154134,-0.40296333502234655,0.7437370435139938,0.6001059999949092,33
-0.4288387475872744,-0.12130589960389167,0.8800013883217691,-0.5815904502468519,34
0.2897672709527814,-0.30320691491825574,0.6448323288256362,-0.1649311359859349,35
1.327563260187278,-0.6880343396316337,0.6474220939813102,0.007972779611942276,36
-0.5428450575134158,-1.0634862575211066,0.8936730082678418,0.2591092011080434,37
-0.6219293059935578,-0.31930197030236496,0.9436725500399643,-0.34204236411893474,38
-0.5654310959658012,-1.2232988160115892,0.6175769194810008,0.37220980912094553,39
0.34026560097232983,-0.19620159201032583,1.0198139257320966,-0.3761500368027415,40
0.9700631437013941,-0.7015836199387054,0.8398612641181105,-0.15074005582019576,41
-0.267879770971408,-0.2954205503037008,0.7051963697127748,-0.2844586016105962,42
-2.041698970746327,-1.198596289982645,0.7083444031761306,0.23442611523547308,43
1.371714202642618,-1.2907300390241692,0.8001463483381074,0.30608979443338347,44
1.1396902216529228,-0.18701983396051958,0.6183410158707928,-0.016059090709311663,45
0.8652283795242256,-0.9104481171135459,0.9804896909170984,-0.1919247915960126,46
-0.9347191288972455,-0.31327437892545784,0.6309361190641914,-0.206287473896725,47
0.48162891950757813,-1.2549252084179425,0.8548584287881192,0.12298157024098415,48
-0.25387199453567216,-0.5230235342404729,0.9782490122426428,-0.45952573624899107,49
-0.3422177421884616,-1.087246696328677,0.7277689173006153,0.22491723356543217,50
-1.3805310001358266,-1.0352690789463705,0.7358143967945251,0.004218759927713304,51
0.08504070674219377,-0.431211787684653,1.6389363001900108,-0.9032072212973941,52
0.9193971554262502,-0.450261268735101,0.624983003206901,-0.012549505021254518,53
1.266936911159173,-0.8326826652518239,0.7110053634855482,0.01165961254499335,54
0.7796542009757892,-0.8873949984654255,0.7007902213743469,0.011246639432511264,55
-0.7854475447657551,-0.9427143555817854,0.781834330107991,0.07593381231427965,56
1.2641327971692584,-0.0038825238627119936,0.6290424345195677,-0.8182925042726065,57
-0.32911431251595236,-0.39555793373927683,1.0199674211302396,-0.44668318021385933,58
0.25990431951526943,-0.28583795390114675,1.320227319147892,-0.6542201580368986,59
-0.4073569873961394,-0.6515004297161623,0.6483112111065161,-0.20830589170520644,60
-0.3712229330835629,-0.858236769724212,0.6153923666841115,0.13538738368800882,61
0.19915157120508886,-0.35017853677543476,0.617744507735509,-0.11124772941770951,62
1.1389023999335937,-0.29800052511036323,0.9839012983025244,-0.33819952941052744,63
0.82008975062394,-0.07052998382251052,0.6273760992663314,-0.06925183150873285,64
-0.5805068645606533,-0.7770235501066086,0.6753658409478986,0.1488300086140246,65
0.3326000278050816,-0.9325571572236193,1.2270919127337463,-0.2764543676875649,66
0.8103333486611494,-0.7804154737857453,0.8459100315607756,-0.12406648389110393,67
-2.819874124835946,-1.2153827073671246,0.7096091210726486,0.17107045768063045,68
0.393926006585837,-0.23262147588581947,0.7286783668509138,-0.18157951510117964,69
1.475031622066406,-0.4257371702929732,0.6106601630898799,0.16877632509790635,70
0.11474438754512602,-0.2198988085320884,1.293075140122864,-0.6944539031710553,71
1.1333472655862429,-0.7382614526474622,0.7836963828161115,-0.11530041206676316,72
-3.42021640338319,-1.1931419704811825,0.6612446089593336,0.3077529547133558,73
-0.9612606518952511,-0.9273825234547635,0.6973514164197789,-0.03558959678946159,74
-0.07762751724632468,-0.3184874133610378,0.6080551143826537,-0.26254875593533944,75
-0.008109696063974972,-0.7009287399725904,0.7201510310513265,-0.02306927006535938,76
1.0960753660851061,-1.1402614338028532,0.6710802327388493,0.2747572896375266,77
-1.3225390531581398,-0.9730583720409707,0.7920483210587609,-0.06933434089893409,78
-0.05648075276608669,-0.3158730743869246,1.0043858681740543,-0.4797355936937757,79
-0.3384901961640768,-0.2061397986573304,0.8897441772067943,-0.613447568504346,80
1.1347506861086145,-1.1290111862394248,0.650773629408932,0.18477165092715941,81
0.21974166104630244,-1.2097148359667584,0.7551809542904974,0.3013817935624429,82
0.20798424676615634,-0.4451475656279455,1.447447981202293,-0.7091344164053959,83
-1.0003606140955401,-1.1051303432547475,0.753069567964804,0.06512518158316362,84
-0.7398331731656447,-0.23158391178366836,1.4608873233856439,-0.9333599864962155,85
-0.564537879440179,-0.8827287043442357,0.8217492804137668,-0.029844838619478804,86
0.4504800546060601,-1.2831622767004756,0.9298172720255544,0.16908861650190654,87
-0.959397659885927,-0.8823973083099157,0.7045708751895041,-0.06799707909511112,88
-0.14920065553211007,-0.021591207376960735,0.7033085775595421,-0.5158610638203752,89
-0.22117611432719253,-0.13241467345296382,0.8112531870474915,-0.5015361167468008,90
0.4649959786188647,-0.9730583720409707,0.7780571430505687,0.04012922808634078,91
0.9117965904372521,-0.18695303483989212,0.750346372018922,-0.25590082284174476,92
-0.2717923603344581,-0.08024221949810581,0.8087644637362441,-0.46506533126241734,93
-1.9955066624527256,-1.112945621949043,0.9110670102576917,0.040829032279749884,94
1.5959809501292492,-1.8632794328435933,0.657266252953749,0.8155874425057185,95
0.9171062162503074,-0.9507819773298184,0.8203131396210697,0.013739811414328588,96
0.008302024212001435,-0.00793273997233325,1.1207088047588294,-0.9276092708007483,97
0.18881603050235274,-0.4917396944876655,1.441233108488046,-0.7243567262395997,98
0.21133416373254996,-0.3315208970674144,0.8830706200494456,-0.24245608724270953,99
-0.41844854210953,-0.3725317275402904,1.401779521353841,-0.8260645624423547,100
-1.5856785828224607,-0.8985966494446692,1.0253632211257557,-0.11687603721153814,101
-0.7498484648833882,-0.5707323335668315,0.710405106268253,-0.29732837122274386,102
-0.4007830657603303,-0.3277173752110794,0.8365582930236525,-0.34944335210259947,103
0.5018394690389455,-0.3181258778713531,0.8890158146415691,-0.27312551594440293,104
-0.07145053299833613,-0.6495581434649388,1.0237708336020193,-0.3508763683090789,105
1.1427960357135558,-0.8419392060633948,1.0724741577663524,-0.21407191886283325,106
-1.062758017738154,-1.3496924768680636,0.6609697720149355,0.5032024661689011,107
-0.7034225548608813,-0.6449317936511493,0.7719694332290316,-0.31367552119062564,108
-0.39328551691240415,-1.0589857562944303,0.6367084980205472,0.31159609686180323,109
-0.46442741302449025,-0.4513649401852484,0.6319001471668083,-0.25549357636382075,110
-0.30156015839696826,-0.6673595896125374,0.874528201815916,-0.19974064044297968,111
-0.4837820348388871,-0.49444306133617827,0.8404699460424192,-0.28807299444991546,112
-0.4430585914372789,-0.638461028730721,0.7815543323334125,-0.2870882523146879,113
0.849892150402969,-0.6530605373010094,0.8343380336136376,-0.1114110157914417,114
0.9116741917514548,-0.23150989482875495,0.6083762510332354,-0.18257839485181093,115
0.5843877694469549,-0.11019424813191456,0.9684082247956808,-0.39315281261716756,116
-5.471996534616308,-1.6736641390712486,0.6651774631580316,0.6894428954602896,117
0.7468442906042914,-0.3565473235138126,0.746626415812606,-0.28570835130581185,118
0.22863130498970377,-0.3984832163499898,1.6217214050718511,-0.8659178839518304,119
0.07928980609865958,-0.27531461176264055,0.8821999765312737,-0.2547161787374,120
-1.2433258641299516,-0.9351677802614262,0.7602339466362688,-0.028203324376412767,121
0.5583725221691569,-1.0856568428805593,0.9191722665102628,0.07510666054725106,122
-0.5702800107505644,-0.7493360805367565,0.7042449184230212,-0.13906539458284953,123
-0.48668915652613826,-1.490797477668897,1.4016761958094612,-0.26865327404850325,124
-0.31095766097182814,-0.27400674107527756,0.6829659383364004,-0.2760522701513848,125
1.8522969658269255,-2.5228787452803374,1.3663743882455943,0.7215358322347604,126
-1.3165566912097522,-0.8601209135987634,0.6173254157805694,-0.03368818913782127,127
-0.04056744161171042,-0.14733705565543073,1.1350371915496176,-0.6364970420585764,128
-0.6691805335041632,-0.6726410656136697,0.7104389456388407,-0.21441895830225022,129
-0.15874692595146694,-0.5920994598573648,0.8747948143900837,-0.20787127358886484,130
-0.2486977958607041,-0.47508485246013316,0.6720886175292894,-0.13327444404747898,131
0.5471221585220075,-0.03067729388779786,0.7025425424030116,-0.19502476761292473,132
-1.042833455717546,-0.8910968723326866,0.6981788682265163,-0.035551425280412344,133
-0.07719153068486387,-0.5076587467450255,0.8618210581266268,-0.32090735231196615,134
0.004149341900059117,-1.1301817920206718,0.7056926965377035,0.2002196586284269,135
-0.020897985197458762,-0.4574235237394704,1.1364859213583254,-0.4064903788764322,136
1.4197740664128746,-0.43203309317684574,0.7211178288511998,-0.004367177941623159,137
-1.3378751887885323,-1.1857524042680798,0.6587457353611534,0.19350018226881976,138
-0.03165249772615456,-0.0547776833646592,0.7631808246564441,-0.544166590863497,139
-2.261600012138994,-1.779891911959945,1.0848335614026987,0.5867499414787624,140
-0.8874620243906921,-0.8389316145288254,0.6922474789033832,-0.05487748820775927,141
-1.9336740746379621,-1.2175273758337137,0.6241995617263543,0.3426832054142439,142
0.4092058741895735,-0.5456125328530449,1.3725474843268406,-0.6428124612763618,143
-1.4179934856363015,-1.640164517660112,0.807000286780912,0.4808977522719187,144
-0.5139948136377578,-0.37283904762522424,0.6656466461278069,-0.3329152362366576,145
1.060622304309956,-0.46852108295774486,0.956523791593644,-0.27140752905718035,146
0.003201946521692444,-0.3884891128733437,0.7477457521411728,-0.3547931411491693,147
-0.3928560644713847,-0.11075433910702034,0.9068735347220704,-0.5785523485496191,148
-0.27963393892200983,-0.06363708040225555,0.7002189747884962,-0.49529651295848126,149
0.5423522985527542,-0.6710091445505713,0.8308516034582474,0.0038514115449228854,150
-0.2931542518963959,-1.0716041477432863,0.7820065467479834,0.11770893498932478,151
-0.2765771681086466,-0.33105526554226616,0.8726806071519296,-0.4538361534046407,152
0.12596896309255604,-0.5349147124425672,0.9493802471086951,-0.29629326724325106,153
-0.16667436024177146,-0.08958906008531183,0.7254297226447448,-0.22538615480897414,154
0.003072595967674963,-0.46699097750451457,0.7493342912398051,-0.1404879325635531,155
-0.10168627697458847,-0.3136318965269638,0.8778549059589654,-0.4057897331049599,156
-0.26818568586926506,-0.280088935801661,0.8182786921650999,-0.4668154783493075,157
0.41869893622642385,-0.5309147008768795,0.6330036128014777,0.01833591223635392,158
-0.13557198867184442,-0.7130946470276252,0.6149499184762431,-0.03526713252416285,159
-0.33847125986801746,-0.1634860011093286,0.721670497617557,-0.23196396631941008,160
-4.663220167016358,-1.5816987086802545,0.7019132112123438,0.4205477994175099,161
-0.7232395774422224,-0.39728905504244255,0.7011101372897544,-0.2778114479052441,162
-0.10621605232830486,-0.46419970917510234,0.8336697363505493,-0.41852899516913344,163
-0.03676010685843677,-1.3829996588791011,0.9009076117425697,0.13427876286244336,164
-1.0130760654746682,-0.9389246763702083,0.7621306621766503,-0.10346803656969654,165
1.3291944150884512,0.0,0.637159379988064,-2.42021640338319,166
-0.09059910363488151,-0.08639805027084262,0.7431960814487013,-0.40278893921666126,167
-0.6532950375669138,-0.6836102489268046,0.7002795971800063,-0.048748768727279894,168
1.183582992351017,-0.7822529267372064,0.7010064065955481,0.11771082742659063,169
0.4291060083326965,-0.5649523586600355,0.7395723444500919,-0.20690403374222283,170
1.4917397856894972,-1.413412695328245,0.6395263309714628,0.45243001732565696,171
-0.8725388374884626,-0.5912513938157561,0.7462370816147819,0.060631529665681166,172
0.6125931489838942,-1.254144804826271,0.6592599864084948,0.396221265899556,173
-0.25344363858963087,-0.4147649366342247,0.6624933980307025,-0.2956461108231786,174
-0.6121654276091893,-0.8683813356508745,0.7946204758267942,0.037173355965056255,175
-0.12277843667418462,-0.30373100325446717,0.6294809561832443,-0.1924783136883517,176
1.3293165050902587,-0.5434821421947373,0.8879209752548487,-0.11845998238550651,177
-2.8105658365989723,-1.3655227298392685,0.6458740150011016,0.45542784127866637,178
0.7165792370063578,-0.2778598745425845,0.7012743269021318,-0.20191868957545556,179
0.26061987517237184,-0.42273804641418516,1.0557795625299975,-0.3783300836536058,180
0.3773608987811124,-0.6466609046886953,0.7142794524514837,-0.05975558181518784,181
-2.000486682412786,-1.279014255846261,0.6444779794712127,0.3479418675283327,182
0.11149774880803018,-0.3535962737769304,0.9899034539958822,-0.39671629841776807,183
0.6067144830875958,-0.35115229162710637,0.7360776370039458,-0.25650255301168956,184
0.48864940857720196,-0.8623294627632448,0.8865753197541674,-0.11113727271345833,185
-0.1031322130864112,-0.3689623034632596,0.7334620959501552,-0.2850761547235991,186
0.459196407798106,-1.2781893847874535,0.754944316901831,0.3083841701442046,187
-0.43651891460558934,-0.48439105076551975,0.9823028991910594,-0.47382163026272855,188
0.23696529910297962,-0.1027578971946346,0.9605183427807079,-0.41694764280235885,189
-0.3175209793714187,-0.3578323655950549,0.7406074046980541,-0.06033171034729719,190
-0.5816821328713212,-0.49120103459609504,0.7047937573650463,-0.18637291299795236,191
-0.008756198363872819,-0.5421181032660077,0.9031496983781415,-0.31020557249289354,192
-0.6340442773343206,-0.46711828059260274,0.7864958796363328,-0.3802876414799275,193
1.065915668188592,-0.0006954276616512517,0.7314356473785603,-1.3198766757262306,194
1.0303973008567617,-0.8133261325002549,1.0725954305805168,-0.25116660167503235,195
0.22528343009444338,-0.5846927077744326,0.8126928126861466,-0.11601795813788754,196
-0.6365760670828237,-0.38668683854454045,0.7335022077513035,-0.30946938656680506,197
-0.4850539946919957,-0.5554867936659571,1.1191139613574326,-0.4480015341798643,198
-0.06627487704599606,-0.5192746210115123,1.4575579466082083,-0.737215614260058,199
-0.6551756120102399,-0.395342027952129,0.6269764558844445,-0.1262357843077904,200
0.23118914548266753,-0.2986911147719247,0.9804578922761001,-0.31196557397599733,201
0.15606431233986529,-0.9034375616258645,0.6904353192444014,0.02236331445164117,202
0.5910757426396818,-1.4788619162959638,0.7855576018873149,0.49963740448952154,203
0.09022277168657512,-0.32029961912803584,0.667863703902984,-0.16982609586724493,204
-0.13708783152812404,-0.3258740172572918,0.9118870368648974,-0.3707139121459663,205
0.07682242334277335,-0.433798281145087,1.3699835456616685,-0.7052650981548194,206
0.17283636012271056,-0.18902860017779252,0.7647662521772095,-0.1801368819941569,207
-0.1664449322238082,-0.4654662439948844,0.8186349145899136,-0.31051894463225155,208
0.7383999878610062,-0.34265726318537393,0.8529006651035517,-0.21392327503180875,209
-2.0249912026442503,-1.3010299956639813,0.6825872717514821,0.35831564008219585,210
0.02779794335029943,-0.16234844215360753,1.2673454114614788,-0.6650486266365327,211
-0.32928113498224304,-0.47108329972234525,0.7134737422087433,-0.11344253216841906,212
-1.3730850603670197,-1.056011124926228,0.7844104364813566,-0.012022760345599235,213
1.5439067050064068,-0.8787685448503785,0.7017406324372125,0.025206680136153136,214
-0.5541001412873998,-0.2511919950413978,0.8684857361807288,-0.21376719170744168,215
0.024403562682965684,-0.011218156546359746,0.78290956540264,-0.6823568159029529,216
0.9172270937563219,0.0,0.6249006022044902,-1.779891911959945,217
-2.570554579129979,-1.5044556624535514,0.8591262834497493,0.4124041840658238,218
0.20349523519329082,-0.40395299245456084,1.0138017202633336,-0.15687226770197069,219
0.756430701516937,-0.582196277360119,0.6601917043496205,0.06621124002768193,220
-0.6590207833963646,-0.3920091414528251,0.8685856665587657,-0.31706629916442064,221
-1.0034795719969505,-0.9935339577507682,0.670115916485489,0.07053828454411853,222
0.395501124305626,-0.00021720154586423186,0.694315572726167,-1.335140822898011,223
-1.1078218871694867,-0.627824713884936,0.8141476698622682,-0.21532338504505297,224
-2.111651989821951,-1.4156687756324693,0.7574188058783455,0.484596387314541,225
0.4574579879820312,-0.27613403555649624,1.257539386379504,-0.6142874175391172,226
-0.3823288041685252,-0.45407467064415724,0.7997539664118859,-0.30462794224584955,227
-0.6166335172449607,-0.610656688747922,0.946496478263988,-0.3897778230260957,228
-1.2586592759535133,-0.9229956732066497,0.9329048010667034,-0.1325216546431817,229
-0.5781329440812816,-0.9150664250632838,0.6488574567367037,0.10315079877822206,230
-0.5434062497555922,-0.17146899335489862,0.893711840282855,-0.6710742385108758,231
-0.3891269996199483,-0.25940048718884345,0.885587356189656,-0.4570721479494629,232
-0.2307039270906521,-0.1519341045960085,0.9786415102773416,-0.45783753293486146,233
0.23550319649433774,-0.37202001017002,1.4740821658844117,-0.7706474933987116,234
-1.5572381095688779,-1.080398976215889,0.6112771040922638,0.3020739732866578,235
0.09261539094155469,-0.7164726351383064,0.695026128922327,-0.02465073548956234,236
-1.0918153379355078,-0.7939841232366555,0.7867159391207527,-0.22238958963881003,237
-0.4751496967278017,-0.7185121120599187,1.1411549175080922,-0.46924319113971213,238
-0.42981912306687864,-0.4958010814605551,1.2234803652683193,-0.6216743805845645,239
1.4939596745541812,-0.0003910410285829482,0.649860368042463,-1.2794496555654609,240
-0.5882288223796267,-0.5204246898250116,0.8282731120520698,-0.3221185420407628,241
-1.4602591614259959,-1.2915790998652872,0.7013693556822556,0.20273670860526388,242
0.6465213521386272,-1.3516399890190685,0.7318304202881624,0.5405684727799219,243
0.7330928934483866,-1.1752235375244544,0.7670222164482889,0.1637824944030698,244
-0.24229278772343668,-0.06233168560099491,1.0990103854573376,-0.5740563345068608,245
0.7202833698207138,-0.361610592334664,0.7154350484228647,-0.16228269082514457,246
0.5608030019939637,-0.26480045157768667,0.6112239540289375,-0.249762067346012,247
-2.2087726583735496,-1.2716462179787715,0.7434156835318522,0.10543059263525045,248
1.1488493429592204,-0.37757872602432974,0.6838212300456288,-0.17448840838348997,249
-1.0427423960967621,-1.7958800173440752,0.6157712495713075,0.933234128714808,250
-0.40492284299230313,-0.361610592334664,0.8934399432348415,-0.42593544662506017,251
0.20335930152229995,-1.6736641390712486,0.8316650511693378,0.6626687547697854,252
0.3590002273746866,-0.1300059998782582,0.9117593423149339,-0.3590470514487691,253
-0.8714068930812952,-0.3626103498707881,0.7346718418234166,0.4355583816636737,254
1.54476236021663,-0.9222688203476079,0.8416409822467082,0.04415680545128906,255
0.7847884094522298,-0.5197055399969934,0.8146404145666377,-0.12714791378902726,256
0.3440580724513018,-0.14953756723848344,1.5839374665448314,-0.9308614089774058,257
-1.3073733670485193,-1.0888423912600234,1.1739143398014067,-0.09891291193960741,258
0.8591443040922973,-0.8374355934769809,0.7216869843870489,0.03664207263863875,259
0.044500562370641226,-0.33189376206726867,1.263837193840415,-0.5958563403192166,260
0.6232906498076649,-0.5051499783199059,0.7492956154347815,0.09241182801244018,261
0.9971984698784466,-0.5249101966109935,0.7399360818157739,-0.19587929078761143,262
-0.5388017113775068,-0.36001575195841146,0.9657048710710299,-0.4312742281351874,263
-0.22733363546859628,-0.627824713884936,0.6903733069160591,-0.2075250701807672,264
-0.5849264417879414,-0.3586250548078745,0.6161813333689637,-0.1539537338326512,265
0.23024449940137506,-0.538651566352017,0.7850449583315441,-0.11362821661394473,266
-0.5413772571320907,-0.1482525808667361,0.7923006182039176,-0.3192478330386015,267
0.22120551767400395,-0.16247469055039873,1.4034568403988343,-0.7875324525294587,268
-0.37234743982036395,-0.5780671867214916,1.3988146649899236,-0.6823604688284166,269
-0.4118515942541627,-0.17276000049435455,0.7099564855093455,-0.3343399883969421,270
-0.27870062025779346,-0.12447573605069127,0.7305481132939968,-0.2565353435843751,271
-0.1995166240226817,-1.0506099933550872,0.6834613124997292,0.11953760503715906,272
-0.44566835330617116,-0.01452861671041231,0.7619428656512671,-0.5304741659801278,273
0.3347351471318334,-0.11114683301706371,0.7077064039791987,-0.3771034556379535,274
-2.278139942309905,-0.8620132672764684,0.8064241959489677,-0.0028540813467567185,275
0.21592822933991776,-0.023741750742954877,0.7648110386557377,-0.5209564775999689,276
0.46322087977479204,-0.10618277603253695,0.7551351635673076,-0.220980769796066,277
0.1219863790508384,-0.7007106659123201,0.7931405517071146,-0.12932116009078745,278
-1.2769303565785344,-0.8195873671616762,1.0684493280376783,-0.2967511976847062,279
1.0937017848055486,-0.6591594501876684,1.040159117831352,-0.35317428488605707,280
-0.5658464289333992,-0.929962133392245,0.7407020961565908,-0.021984693492146008,281
0.8668188029260482,-1.0996328713435297,0.6617180576946594,0.17663719813688003,282
-0.44831827747744213,-0.6625407387093438,0.6462664557108608,-0.12580486073747368,283
-0.5770000227283836,-0.6623411089738578,0.7221977640551155,-0.25451474788309003,284
-0.7468074301215563,-1.245651664288981,0.6597546162681032,1.8747961201113512,285
-0.4810256888556633,-0.7048729147478088,0.6782815921420242,-0.03792865911284666,286
1.902302114017725,-0.2016947179780235,0.615255466590478,-0.007597994694296797,287
0.9310203046006562,-0.21652521241775355,0.6416624622379814,-0.18413765458975734,288
0.021891873919109107,-0.3982658517398951,0.8488477592766199,-0.3202462603200236,289
0.17196035401267698,-0.1688984354986406,1.0938242716160593,-0.5195596061001644,290
0.6487014566517258,-0.8164454663811384,0.6441233407601185,0.11834318357634642,291
1.5001815668690701,-1.239577516576788,1.571206716129117,-0.7872946298235135,292
0.0663259253620378,-0.5628839069519214,1.0674354061633633,-0.41017446508904937,293
-0.4786657432224317,-0.5843590201038457,1.0491443414635082,-0.4490299932142201,294
-1.4540005441998212,-1.1555228242543185,0.904656048808706,0.10442458522453231,295
-0.2026008747168595,-0.46813805090419064,1.160768561861128,-0.6255269072907188,296
0.9288667653964005,-1.1791420105603,0.676126370759378,0.2900682528267204,297
1.6292056571023037,-0.6076548446387959,0.7355190588151711,-0.13731399201565264,298
-0.026345767959591485,-0.263046046216854,1.2138549679386774,-0.5930028373591825,299
0.5493834099779165,-0.8024437868464636,0.7816405047233714,0.01436487115497285,300
-0.6861116978861322,-0.7907531512466263,0.7114444627638585,0.07608537889051077,301
1.1184631397753655,-0.28166442109149326,0.7417029839577399,-0.12693702762725803,302
1.0133429043453466,-0.8371370066780739,0.9866553098320722,-0.1725241385343246,303
-0.07817311666481078,-0.6701954778359306,1.017075096376059,0.011827813613984828,304
0.0725807326489497,-0.8294449414787914,0.8317162409951754,0.0008788424217997946,305
-0.033393703348594005,-0.7569619513137056,0.894692583410389,-0.10822367836583431,306
1.510142699402573,0.0,0.6172625170913744,-3.0457574905606752,307
0.22164892819222898,-0.33376290410419557,1.1165280496157148,-0.4634764085026045,308
0.15494104473032735,-0.3234892897174464,0.7278583226234522,-0.18542929685936638,309
1.265478203580642,-1.4749551929631548,1.2405342723526027,-0.3049367189967902,310
-3.292012760898042,-1.1396619934290064,0.8130803608679104,0.22495257165907126,311
-0.8464900106991624,-1.3655227298392685,0.6321838739435832,0.5419034220825388,312
-0.022280966256075178,-0.5412111182891549,0.9242172395610398,-0.48015193332637074,313
0.443951053179596,-0.0032257291386954146,0.6592409509282418,-0.8497165998329448,314
-1.9902092806457021,-1.5482135644757098,1.161595572812202,0.0296561929780148,315
0.22276847934857988,-0.5823622603477704,0.7201096669144572,-0.13388435631970308,316
0.03486899636113058,-0.30785839063321624,1.683009193502354,-0.9695076868329717,317
0.6680316265024223,-1.3419886033428876,1.0576394825915378,0.13156931550731307,318
-1.697690721630015,-1.4596705252091262,0.7965257672143038,0.31031676039219286,319
0.1540586103769709,-0.4748255721647285,0.6499187187354192,-0.1990434711244769,320
-0.7282280719643703,-1.3788237182249647,1.0014437980329738,0.12076279595416371,321
-0.682919113926807,-0.35154240571747747,0.8687149541011864,-0.25558484888044314,322
0.4293161521316618,-0.011039929609661969,0.9074328599692592,-0.6750928500211847,323
-0.1475810070629986,-0.3943717779923814,0.9393345133801285,-0.4152965238373272,324
0.16372773595890472,-0.6708055849115488,1.2895778052105744,-0.5103090004944413,325
1.5388124296330574,-1.0132282657337552,1.05073153537156,-0.10367837569055494,326
-0.13461172368580723,-0.5263670731261589,0.6399245471023367,-0.3303057968817946,327
-1.0275425859667975,-1.142064735280571,0.6515299867927846,0.09291619416911744,328
-0.6544694419653776,-1.2276782932770802,0.8351513312966196,0.09278226791820816,329
-0.1923973300835054,-0.1851533313955367,0.8302421212693779,-0.26193521838795447,330
0.9817461432349174,-0.6942188487450177,0.7983121919826278,0.06399113734198054,331
-0.3720813844285818,-0.5572067740602309,0.7271018606291918,0.15610666112411384,332
-0.4782867263616734,-0.4705696456330141,0.8778894253714841,-0.4131547667864416,333
-0.27800812321509527,-0.4091581652183974,0.8120773708565142,-0.3725689812101551,334
-0.17277939484590937,-0.38827669199265824,0.7816907640559065,-0.3772060244946552,335
0.1592964266883854,-0.5388017113775068,0.8813161686664694,-0.1975622200343851,336
-0.07158878382347528,-0.4898573005974269,1.4602015119995633,-0.8352815586647616,337
-0.2807930517531736,-0.2511145599904833,0.7147990136881347,-0.5722155073413672,338
0.06811161702730344,-0.1830961606243397,1.029063011929346,-0.536325469007584,339
-0.9309982829543999,-1.2873502983727887,0.7106165590890309,0.2586261471108938,340
0.30956629589377344,-0.5741398549221596,0.6183200996243995,-0.11815022167303367,341
0.1342727566206291,-0.20901152491118416,1.083470369042582,-0.5106377820428102,342
0.09450606645445501,-0.2787666299827225,0.9035945611002464,-0.3485054291316821,343
-0.01843053827938486,-0.46711828059260274,1.1413651012407369,-0.5363700472532187,344
0.3980442268420142,-0.8091082830778303,0.7163372878895486,0.026592227291736648,345
0.16648931832594588,-0.4183916339679425,0.6413055159986573,-0.23330350298389682,346
-0.5127484680651897,-0.7654827164873134,0.6423655808449733,-0.0918150377750711,347
-0.21646801572573054,-0.22417118553538762,0.6965835256348845,-0.29409961750459646,348
-0.12279572260003131,-0.081759909778585,0.8378345528577843,-0.6717415094256143,349
-0.7767897022241373,-1.0496351456238768,0.7190411078698601,-0.02453727975138073,350
-0.23648964805181902,-0.721246399047171,0.7011879190544296,-0.19310631265597236,351
-0.23271052540056722,-0.7265357273786537,1.105758768493414,-0.38980283746772876,352
0.4650257503057249,-0.5636782998602666,0.8497325825908538,-0.24739321637887987,353
-0.7031812984195114,-1.032920265855503,0.8254975205570063,-0.06671260548802684,354
0.30879910391112914,-0.8158766457603289,0.6742271407891562,0.06311319526709301,355
-1.898734215008665,-1.2111248842245832,1.0961415007988953,0.0007055963890088495,356
-0.31301536257879065,-0.5516028965422324,1.0972399514535687,-0.44709617043734956,357
0.12642365373733852,-0.19640633522865547,0.6532318153233971,-0.21353243396760202,358
-0.49973607379911705,-0.1627904721987935,0.7563774320581695,-0.2973809694233083,359
-0.21209341614518043,-0.7685304095693187,0.9040985496620632,-0.23146959043068127,360
1.3482853875226117,-1.2254830342714504,0.9022531644138869,0.14456112664752446,361
-1.8392914277075705,-1.11690664142431,0.6757050368411145,0.18657473833590577,362
0.09261539094155469,-0.45531197769732257,1.2948760772452395,-0.554349167515076,363
0.3165154938184361,-0.388382889445664,1.522841828680398,-0.764661785534512,364
-0.8808431253096951,-0.6806856959094879,0.7302814989946746,-0.3272028163035625,365
-0.8375550857000221,-1.0788339493622612,0.6270789636107219,0.14739084443462439,366
-0.12127718876648305,-0.6720283763769894,0.6440839185768297,0.02440387137750941,367
-0.234912880071288,-0.21846003139405828,1.3518291482095,-0.7729397968440243,368
-0.0713276803117519,-0.33338843158097003,1.2064102651165838,-0.5781210982366338,369
-0.5182708030399841,-0.7456936676687144,0.9797668326975864,-0.22209062903330398,370
1.1416065301182505,-0.6371406970413198,0.7008334670285428,-0.00037682820750582557,371
-0.3463726918677058,-0.86359655186601,1.0711157957665727,-0.3058147794488457,372
-0.24775174582222526,-1.0535477349869269,0.6619356709162919,0.07680019462063838,373
0.2663963491885927,-0.9434762759208997,1.103899460366908,-0.2396198847034401,374
-2.6843024855504236,-1.1844222516757328,0.6280720349583051,0.5236748857084325,375
0.6984485380153289,-0.2670436304243754,0.7473884998648123,-0.16416815726027764,376
-2.5671909949668317,-1.2464169411070933,0.9395042766886216,0.07636363704872932,377
-0.25696084519506684,-0.8105096863006325,1.0862352201201941,-0.21543941090649013,378
-1.3865387487472938,-1.6757175447023074,0.7188005267809064,0.7701886733439521,379
-0.024788841556148095,-0.8979094744881633,0.75564621945668,0.22953919211809554,380
-0.17714570220397347,-0.4601714416221018,0.9966167306916187,-0.41925462717204837,381
0.26434550705009247,-0.36572430537405604,0.8499841820942704,-0.3638297866079815,382
0.2211533219547051,-0.20488501436963671,0.7100665674648898,-0.2415960454813937,383
0.44199346335743767,-0.3388501427552134,1.5711017926783823,-0.9052750015722952,384
-0.424154281646555,-0.7404061211140514,1.2693191028898976,-0.44534628315402847,385
0.39861698016322633,-0.437231456983481,0.8669958131106479,-0.24700805235078444,386
0.40662532786720573,-0.35300846252287754,0.6553113495137097,-0.13125012080775716,387
-0.28641706365352243,-0.5029320636014952,1.0499618900776821,-0.49360740428899824,388
-0.146642544994468,-0.7554754884299162,0.9133316238067171,-0.22790896401290636,389
0.2570062179123066,-0.35193287055106537,0.9396290603285951,-0.24546188752901987,390
-0.4551385423540972,-0.6190655366692981,1.047041103415907,-0.46659130621126116,391
0.21359743674735918,-0.08449463824562346,0.8760792138472924,-0.3485967065275732,392
0.17037907642307415,-0.2835792661534451,1.2221049078014432,-0.5886682180135816,393
0.5188165245374105,-0.7796303675486055,0.6425931077703003,-0.034827477597019256,394
0.00021709297223018438,-0.25095973129654275,0.8212252131583029,-0.34971273654477836,395
-0.12360893818081242,-0.8218867476853682,0.7709550523453687,-0.10293139769594017,396
-0.38129311278897504,-0.6955094722265123,1.0427565947753064,-0.3110542972758759,397
0.12283819408926622,-0.6651443103827085,0.6142220592987854,-0.010367456309635122,398
-0.5115621019134654,-0.40638169187046413,0.8262433021960159,-0.45029117813748953,399
0.2420442393695509,-0.361011840656318,1.3274038943112774,-0.6852284676104534,400
-0.7724989350285697,-0.902395671125589,0.7581470425909222,0.15012350403531224,401
0.3360793094376682,-0.23507701535011155,1.221648928192229,-0.6391165265103615,402
-0.10649900383300344,-0.5977386175453198,0.7610478392558366,-0.22501354619905675,403
-0.28810845011942104,-0.7464197104378172,0.7079532081514907,-0.08478826924800104,404
0.21210766554765884,-0.009394788576080554,1.129860612405175,-0.8923076749292219,405
-1.6168491461038255,-0.9303319030884043,0.9757350194194205,-0.14642407828131918,406
-0.8651219548048706,-0.8338660296948909,0.8147535337489887,-0.0783525524955668,407
0.05762807295556845,-0.4381833356810425,0.6560406757551276,-0.17818079595707775,408
-0.30394081580264554,-0.5924391505136375,1.2633377585041485,-0.6735615629479758,409
-0.2832789933952952,-0.0381045263321496,0.7874958967672747,-0.3279223178781768,410
0.08048217906804295,-0.25758911941950746,0.9655450484435663,-0.3467350953105566,411
-0.15623169388948388,-0.3007694971165909,0.9311831713952627,-0.42738889634691024,412
-0.027089347946165607,-0.5089185865768128,0.7191074516202083,-0.19860381975540317,413
-0.18208442757245494,-0.5863650028014443,1.3035114005901023,-0.6517071587780268,414
-1.1542819820333414,-0.749092300299144,0.8358680570524941,-0.11323716246410089,415
0.30909761741201425,-0.26905630657226426,1.1898607237059993,-0.5222336735213347,416
0.27408854142270983,-0.18916284885951165,0.8158366540831902,-0.3705579379049002,417
0.02530586526477026,-0.3938336853923795,1.2778864325752741,-0.6079069761839219,418
0.006123606211854377,-0.6324577264794233,0.8394151926838935,-0.1891409319868215,419
0.2963141033532409,-0.6313412876077731,0.7677419535833949,-0.06503073600833711,420
0.3948892571674188,-0.008242460465651913,1.1468378370085366,-0.935615277475296,421
-0.2201871368294196,-0.3702846673528678,0.9923369793250396,-0.5376968618943353,422
0.1570637003826231,-0.45692576496646786,0.9634667083873001,-0.35895088079386106,423
-0.28776290573895935,-0.5195618528221829,1.3435740078153422,-0.8010102505656983,424
0.47338477110377125,-1.1475200063631437,0.6660684778596866,0.2078400350514288,425
1.038023740045158,-0.7117507744280139,0.7613187981968546,0.0710169390347624,426
0.015401673702949125,-0.00013030789173217684,0.6250962790632567,-1.3399534920384182,427
-0.20357138107400347,-0.11702034596270096,0.9638586304566383,-0.5067678037546264,428
0.8822227606866677,-0.9948194874962197,0.6803808445019071,0.14001589361040157,429
-0.4160874381932037,-1.2313618987523856,0.6456187382426951,0.158732261791409,430
-1.251982622205695,-0.7574585717016158,1.0128372247051722,-0.29461780846665786,431
-0.1422334260894129,-0.5785606097799503,0.9965510720840186,-0.31389026047536345,432
-2.601643268620246,-1.3526170298853801,0.7695176366590875,0.29462508290769335,433
0.2146584388799184,-1.1649438982798836,1.5553508364772612,-0.6983355345637096,434
0.9071317743502549,-0.5523769022397139,1.2816968078291542,-0.5016623941827175,435
0.08080680433436215,-0.4368750396619556,1.1204028117933054,-0.543178278659202,436
-0.4081899374690827,-0.27917941822965603,0.7586242851601167,-0.32601880460763294,437
-0.2913921640051126,-0.6669559701765129,0.6934015457548047,0.2996156834704263,438
0.5469249704113962,-0.3269790928711038,0.8872514838586858,-0.3021378903512904,439
0.5110272917463502,-0.5485205948751382,0.7224693858840309,-0.07108724506783443,440
-0.011334043289552643,-0.5145625189236986,1.0534165234906512,-0.42323167225658875,441
-0.3023522617532949,-0.2665619729089387,0.8189183643669404,-0.2937895975275876,442
-0.3383008703483127,-0.7886124470631412,0.7155688318607815,0.2204584927618666,443
-0.5603200094843738,-0.7223907856959089,0.6360363163534469,-0.05049413171496595,444
-0.8017003910323132,-1.3767507096020994,0.674760130275232,0.2523906466062679,445
0.10615688696683942,-0.7765040590376054,0.9074113607745862,-0.1673536789033422,446
-0.32373632607630065,-0.6434005642750292,0.7529621946243311,0.43128591521595383,447
-1.3082821270505083,-0.9804683154687446,0.6696979996658811,0.29328014168083255,448
-0.7091643533991927,-0.8107905104176939,1.2866809693549301,-0.5567521973975817,449
0.15800042914647353,-0.1772436670486093,0.7009372390324383,-0.2725279798962966,450
0.47585997097548016,-0.47353148753052254,0.8856438718357639,-0.2777597768685597,451
-0.1677402394073664,-0.5707323335668315,0.6989005116593519,-0.26909937347465646,452
1.00264114900004,-0.29379445811802946,0.9784589971756532,-0.30687800972329166,453
-0.026668907184453073,-0.5511391543925592,0.6743190822074655,0.0070493947753023254,454
-0.42078821976850084,-0.36653154442041347,0.8700408660113282,-0.38993435374752466,455
0.5360025940692235,-1.021819483062586,0.7526706188128078,0.059644233650927934,456
-0.5191884884990355,-1.0078885122130503,0.9365338482394998,-0.10001688509646924,457
0.44655269950267584,-0.4727568836119114,0.653000140110842,-0.14504590601063488,458
0.007534417897257678,-0.12720296001040157,0.6226491359112561,-0.24064355647896574,459
-0.42796527855032257,-0.4281747509591709,1.1735708421940703,-0.7085023889203732,460
-0.3371760850556484,-0.39555793373927683,1.2423426210246433,-0.6458781830387558,461
-0.1655475043282696,-0.5553307690614755,1.0067184159450873,-0.41936336567375426,462
0.2688820587325674,-0.2886146209015483,0.9045207992383419,-0.3462719474708745,463
0.09328156756724541,-0.21275211966804605,0.8257700414564036,-0.29225890664878584,464
1.99886065526321,-1.3496924768680636,0.6647923545333563,0.37540786076940436,465
-0.28322063112693213,-0.24033215531036956,0.7063336586482971,-0.3010299956639812,466
-0.8720857056284067,-0.6933605589757383,0.6639646250441326,0.1691769720070565,467
0.1192558892779367,-0.32166375326782,0.8312425047247773,-0.30689892932807916,468
0.287801729930226,-0.3056580896358188,1.1094570489369127,-0.44173156979680817,469
-0.0019369233022759236,-0.31650268232018863,0.8519001407587443,-0.31539646597046006,470
0.022469612767769345,-0.5356595153723327,1.0445044823320269,-0.5149504779827545,471
1.2782046716841686,-1.069050968832477,0.6140847897401537,0.4747387555052544,472
-0.24829758826076284,-0.33790355458207655,0.6932959572099476,-0.18439651708579263,473
-0.9148521878730955,-0.8054856581175327,0.7364044709096259,-0.1953838005950962,474
0.2721434175910502,-0.5652714582202423,0.7788022040132387,-0.18995678028446278,475
0.011105029815980038,-0.5376020021010439,0.8968347435464059,-0.18364439694612708,476
-0.07390976438596963,-0.4594202834955457,0.8444461092209782,0.28178453593709524,477
-0.036533291612699886,-0.6138578910691815,0.6996990068748012,-0.20687764459179306,478
0.3725806350309132,-0.43616308133545506,0.9338869787426645,-0.3751896226648276,479
-0.8035750860508047,-0.7649768405047764,0.7011447086827877,-0.08029495205506791,480
-0.4294453856921692,-0.8477116556169435,1.3812378576352171,-0.4656520751207632,481
-1.6837360280893103,-1.134896025358872,0.7085228751240835,0.20934674431346328,482
-3.1736595162864485,-1.2211255279972604,0.8087981903693718,0.13387883166858344,483
-0.5224880560304275,-0.8276890314780458,1.0699232716695537,-0.3253556435021302,484
0.2508833278339676,-0.28066871301627333,1.2750486248439885,-0.6628075629046264,485
0.5572424542291428,-1.1752235375244544,0.9301030390909092,0.18763891228688725,486
-0.5331620253322329,-0.8907590314117968,0.8500700607474498,-0.1310604516507893,487
-0.3658856331923685,-0.775985188627136,0.6726426942149232,-0.09111504142838117,488
0.21674633360997494,-0.17973284283903543,0.9627906384393488,-0.4362723677192317,489
-0.3603939965862108,-0.49308927444848194,0.6249109031848373,-0.1970677208354475,490
-0.038502970368047576,-0.09843270997155,0.8410214152574882,-0.4476376979707214,491
0.14665507334097388,-0.14224547794055778,0.8947755955256146,-0.3899984708154093,492
0.30960887795890246,-0.7090754406172457,0.7073061129149342,-0.1298561739115797,493
-0.6287104269354439,-1.2276782932770802,0.6410078365303884,0.18288483081902202,494
-0.13532282713346344,-0.7013652168755644,1.0580614285364147,-0.361116891107089,495
0.20790353038605164,-0.5323918944163667,0.8945597310135429,-0.3005863097933768,496
0.286254320828791,-0.35723879673467956,0.7020857214358249,-0.2306367970920033,497
-0.324716706234262,-0.5870357280033373,1.2631198152921261,-0.5408079992483699,498
-0.5869518306821252,-0.5025174626326298,0.9703887227186475,-0.3213912783116891,499
-0.030081119309131592,-0.25703932978584754,0.738867725635786,-0.2939453538663661,500
-0.3103360349842296,-0.2983456826742518,0.9831208947108528,-0.47325395862274344,501
-0.47130178680779783,-0.20985563495709944,0.6690936311702246,-0.7448213862562432,502
-0.4595578985941618,-1.0048037084028205,0.7273460246216259,0.04540604851689369,503
-1.6287288985124155,-1.0920514783877278,0.6699116518403152,0.15875002881072292,504
0.4252243654258393,-0.17672144304832926,1.4847481415315495,-0.8547956083977358,505
-0.3593993223345803,-0.7110803943382734,0.7731718565084016,-0.22709029836702757,506
-0.1618185992876812,-0.4932244633933567,0.71796159904163,-0.2405438399167501,507
-0.10216405779230615,-0.28307892683323893,1.136615943475656,-0.544026375414585,508
-0.09083993682571642,-0.46890445312997203,1.2544199691369704,-0.6258394981215768,509
-0.6568869451540623,-0.7113037394097442,0.7739472650096572,-0.14724648718978833,510
-0.26146518856631545,-1.080398976215889,0.6398250272957867,0.07515592080351717,511
-0.40298530292654217,-0.5313573316084886,0.9606134576479087,-0.3876556214806242,512
-5.214712884580254,-1.7746907182741372,0.9016108698269817,0.4796986776074732,513
-0.13274470238632105,-0.1390633792999063,0.9198256908454405,-0.3591928910720993,514
-0.3807187941348192,-0.7503125721946985,0.7267760949597124,0.6642852837456695,515
-0.9748580503748066,-0.9051796196452001,0.7507705894432671,-0.08878242535748268,516
0.0652808711027544,-0.9909742579130898,1.5619167096693045,-0.7325639379136661,517
1.3099068355686807,-0.9867413347164835,0.9214731767202415,-0.10800261653506527,518
0.24097335184000387,-0.27818938478745336,0.8707140048865637,-0.3263094909069207,519
0.27077197242683543,-0.2531323721495705,0.7599623097917804,-0.212207052021985,520
0.6684045555381781,-0.648783654660658,0.6347190373678864,-0.04543519408435974,521
-0.28076818115777086,-0.769551078621726,0.7124139739919646,-0.1938200260161129,522
-1.743041847439068,-1.5243288116755704,0.7650050600433678,0.3311868411943878,523
0.32211587897395844,-0.19832194096410688,1.1417381620497482,-0.4956821762650885,524
0.41689003017301246,-0.5043169323830847,1.2279869148549143,-0.5477594477851889,525
-2.5751346905360584,-1.4921441283041692,0.8430520440836599,0.3763728979367731,526
0.2608343121723191,-0.025350165561277893,0.7276794935687081,-0.42222498873463665,527
-0.3908646702506888,-0.7986028756795485,0.7738668624394185,-0.027919480867456922,528
-0.4862631557127486,-0.33376290410419557,0.8105819642593955,-0.5714167155410045,529
-0.05990207376891311,-0.3876400520322256,0.9180408268630658,-0.6654166772699491,530
-0.2717761198661988,-0.4658469258149374,0.8956545498128745,-0.4999258134145119,531
0.2974540996190723,-0.19104670084408887,1.1656389599388375,-0.5654191973238492,532
-0.24848225363508245,-0.3082114755973016,0.6257239095257559,-0.7517703693950353,533
0.2739730037695494,-0.4299242946783959,0.7042105929487278,-0.23421679400178613,534
-0.32568091779253455,-0.01452861671041231,0.7030849316806573,-1.0648263818828003,535
-0.1311146801958965,-0.4555598626823076,1.0741359517931204,-0.5414106667640743,536
0.537856858168981,-0.41116827440579273,0.6843066460716315,-0.24247875114356865,537
-0.8065136402902572,-1.1237821594083577,0.6844413876256065,0.10965751671675139,538
-0.6443952490411959,-0.6276404174756762,0.6493445961474155,-0.02483442252563425,539
-0.2502636844309389,-0.25049557612385775,0.9060601531080893,-0.8262604052458657,540
-0.20465536331987816,-0.916139199133427,0.8717246786101868,-0.11444488851259157,541
-0.335593095887721,-0.26978315943130604,0.8193333174572832,0.08229544372128866,542
-0.04530895130143462,-0.2882771081727653,0.8631086346721875,-0.6876479045198086,543
-0.0497812333581366,-0.935916564036404,0.8685915441002887,-0.19838737604752546,544
0.3060388163363484,-0.43332686239388346,0.8200174531049362,-0.5193982702219371,545
0.08866755254240449,-0.26962153141235706,0.648242882068844,-0.08722200296793668,546
-0.10351787555905391,-0.7321245806811024,0.9456654994321342,-0.27443918882128576,547
-0.3034252082035268,-0.9215431819467074,0.772820272209173,-0.21335284341216462,548
-0.2272017112628725,-0.42585293584927725,0.6590791156507286,-0.2613352379386348,549
-0.22397474955473143,-0.7366006686659977,0.8179353867892379,-0.17314127840268598,550
0.08256996426992291,-0.5359577945611892,1.095911726405534,-0.42981494466826015,551
-0.21692580031983064,-0.6216020990518624,0.7680680394539685,-0.5742584686127873,552
-0.24936819973988048,-0.5048721187570668,0.8980721524440627,-0.5667320289862194,553
0.09380677561517467,-0.5401553576117922,0.6222658449915227,-0.5677500396977275,554
-1.3154239126115448,-1.2724587429714436,0.7528087580731041,0.14925371917214417,555
-1.1173047376184029,-1.2269453066357374,0.6306210778321802,0.17241389176755717,556
0.09349172701093188,-0.5032086842999576,1.1208699401791882,-0.48649135906023044,557
0.2858047638486317,-0.2663213443229121,0.812779707008964,-0.2645933565539675,558
-0.18174770630811152,-0.6039751033914068,0.7307257652730065,-0.25113947832145095,559
0.15815132539270274,-0.45605605751709355,1.1182845715377316,-0.516186737792353,560
-0.14691047014813446,-0.08549817717268592,0.7732743483374538,-0.4420379262203247,561
-4.890219031986424,-1.785156151952302,0.8576580952084112,1.3177831531811932,562
-0.6117033743480964,-1.0222763947111522,0.9417598138146953,-0.1510010851198557,563
1.4389693137379866,-2.537602002101044,0.8657966341850633,1.3979400086720377,564
-0.36162057852631774,-0.4187331947263294,0.7590404971559154,-0.2724890316089494,565
-0.1292918440004356,-0.42712839779951983,0.9433263055171969,-0.4236524895451004,566
0.25983269906348355,-0.17121125181504687,1.253551222589586,-0.6019311778962296,567
-0.22546843638294625,-0.8193007987039652,0.7316854433636459,-0.06910067641564074,568
-0.25970048520684996,-0.4423725115731734,0.8282473141678421,-0.3775016132627726,569
-0.45239757021431876,-0.5715412264844199,0.716620938751289,-0.24747319272884957,570
1.5612922403789582,-1.0362121726544447,0.821408708641541,0.1751461129113684,571
0.2734411343128135,-0.24366823267894244,0.9761206182998156,-0.4148972427429175,572
0.3038869217251018,-0.3521282346937675,1.0343155556632582,-0.3889951359341013,573
-0.407756604062422,-0.6526699846830496,0.927010868975651,-0.3282137248698777,574
-0.2238002143531044,-0.5644741485013453,1.0265659477323656,-0.4492020744478895,575
-2.682187291849178,-1.2335871528876006,0.70612865367693,0.2831927654825736,576
-1.4993382237254835,-1.1617807780923741,0.8423907894659554,0.05554254015031753,577
-0.5192171974385207,-0.28166442109149326,0.9461573949223723,-0.4186104249328698,578
0.11594317693905513,-0.6784015695346561,1.5391689726524602,-0.7162933843242344,579
-0.5755267268046657,-0.8338660296948909,1.0246580377247703,-0.41949977136753036,580
-0.27076229384785977,-0.7486051499598957,0.9988171095479234,-0.3397046912862431,581
-0.43726711480869124,-0.5101820916985493,1.0514805321567495,-0.45040378912531354,582
-1.145232575664756,-0.7958800173440752,0.6228872274491244,0.002705893375924967,583
0.2180626178263746,-0.39447947656253113,0.9502382478459174,-0.3437819760849311,584
0.6332967238119451,-0.5689580546641145,0.8291879455248568,-0.24635051451828663,585
-0.48710224367935406,-0.27449673114068446,0.754623505584502,-0.08921601676080247,586
0.08951654422482079,-0.9825492704894638,0.7204652698081782,0.16752446118772493,587
0.375114684692225,-0.45075144314594406,0.6508221533899328,-0.19764548443492705,588
-0.470428497198422,-0.5275361033930105,0.6640775901850746,-0.23997603025400321,589
-0.3366477806354098,-0.7349462114959853,0.7034289545772137,-0.22603646650660278,590
-0.10220801806077531,-0.2637629010952713,0.9146498585403428,-0.3403867228859477,591
2.5162708827293403,-1.2034256667895702,0.7827663544132619,0.2428397859657075,592
0.49098327252972734,-0.8233300673318504,0.6822353569025642,0.1135873367263685,593
-0.3466716898016524,-0.3977229156998074,0.8365582930236525,-0.3938357278616253,594
0.2563328184256729,-0.3870043439676525,0.9858888166395592,-0.4002755016145052,595
0.10421388419932318,-0.39404884243512706,1.2871901531602177,-0.6365352452108916,596
-0.2843475744134964,-0.4037328736044847,0.702180572858325,-0.7599430106887637,597
-0.1925529220862876,-0.1938200260161128,0.8582182770714613,-0.419859400089841,598
0.37555388359893305,-0.02410886359820726,0.9415362771458313,-0.669251695377531,599
1.2146849307506011,-1.5816987086802545,1.420084531559328,-0.24803957592478804,600
-0.03993849877554973,-0.40131890109283663,0.8973466334294002,-0.3856949141704953,601
0.6233113280355894,-0.042728020007057124,0.67641923171836,-0.37680319604194124,602
-0.2866858986252735,-0.5278288533076368,1.1558884244521004,-0.6742115029551673,603
-1.0796835808742078,-1.0793549985932125,0.8009781262396323,0.04596598527514678,604
-0.40250226553590357,-0.03114362538530769,0.7689709081383639,-0.47275738248212096,605
0.3513517389928011,-0.33752549624969036,0.7611306502028263,-0.19309436790038442,606
-0.15352062095988658,-0.5707323335668315,0.7904681345045607,-0.28970340025731867,607
0.31956406609216437,-0.22228326139037402,0.9029759697250229,-0.32195853550548925,608
0.20123320868087463,-0.027241916096460726,1.0098713883885573,-0.46774384381943224,609
-0.19088490723808116,-0.2137456042102198,0.7839392928110062,-0.32415601465462446,610
0.20311451364438488,-0.32633412375429816,0.6897083328435561,-0.1538378824699831,611
0.09113915382575485,-0.8368386250229816,0.7589497212801806,-0.13054261412629847,612
-0.5019514806463877,-1.154901959985743,0.7603093711730862,0.13717319302531153,613
-0.04138356506986568,-0.9480760839538935,0.6723195687285374,0.0610160600379736,614
0.29637995377138576,-0.3508599358557811,1.1233484823136233,-0.4409675374770972,615
0.08774593478473379,-0.5730010412434628,0.8851689116738549,-0.1753607383083252,616
-0.13164361962702767,-0.34476549296570574,0.6440543495908163,-0.09389456557539304,617
-0.43891054768192195,-0.3292904047762029,0.7579044326755492,-0.6273473172026676,618
-0.0508198717311588,-0.46344155742846993,0.8117626234483144,-0.5228787452803376,619
-0.4662660615868005,-0.5628839069519214,0.7424030213982359,-0.3129380375734036,620
-0.07804834778276325,-0.5249101966109935,0.6724765454206701,-0.2327968984060756,621
-0.4801064077826637,-0.6252516539898961,0.6475687770992071,-0.06469260825921243,622
0.5277587525209719,-0.6194269969331128,0.8421722293856158,-0.28575262271208735,623
-0.8413661586413754,-1.0338582672609673,0.6233630192983596,0.0656705385913378,624
-0.3827479669092032,-0.6083592965076121,1.5900668115245282,-0.8426374414666002,625
0.0521550671995647,-0.48945498979338786,1.0313478607933446,-0.46836341569084594,626
0.19807947617103144,-0.4393761254500702,1.1348048182839952,-0.52800511369921,627
-0.19318939992547898,-0.2694599635228808,0.7260911906333236,0.030334601575069845,628
-0.23743396237292214,-0.35793137265849595,0.7958174744354837,-0.35606150526202957,629
-0.14776406058811256,-0.1348367804939138,0.7336626179185638,-0.25333374000771247,630
-0.03194688873759291,-0.42101715729720945,0.6088361331847307,-0.44099610997925903,631
-0.26512019720737245,-0.08830984124613889,0.670922750442565,-0.5919596644236366,632
-0.5738141747554887,-0.7456936676687144,0.7601886856258161,-0.288164599592253,633
-0.32084475871664614,-0.558304864359283,0.8120639819955858,-0.16776835554019143,634
-0.3521477759424785,-0.6050232804454357,0.6791370581737234,-0.2080203840891521,635
-1.2201799262885489,-1.0352690789463705,1.027687940197531,-0.15855094706974218,636
-0.05557161805327771,-0.18635230465310332,0.9230366686707859,-0.43488652003052347,637
0.40069337512327957,-0.4221636587072559,0.7456524251064851,-0.14759998788123369,638
0.13222766073336767,-0.010995384301463193,1.0371953439588757,-0.8733941040242371,639
-0.47135321151191095,-0.7698066211309544,0.7675565683851596,-0.12162835513621115,640
0.30730345086676514,-0.3425616772970375,1.0172128662522253,-0.47473841936691996,641
0.4776565545469287,-0.1173047376184029,0.6478815356008731,-0.1682816700944759,642
-0.12368399223012935,-0.5754450233932868,1.0989101036705038,-0.5171436158321271,643
0.24254142829838424,-0.280088935801661,1.093309594702998,-0.4864073038572046,644
-0.6384043606817655,-0.9605858808238629,0.708055293004027,0.06507299213625797,645
0.8117425254413891,-0.8116340739368517,1.0092426224844346,-0.2236350050095189,646
0.12814068312999236,-0.7182850299727042,0.6419299795226938,-0.1494552804962513,647
0.09971516235102365,-0.49539322935804625,1.189734483056535,-0.45152832715853414,648
-0.35156192062376507,-0.6708055849115488,0.8433947515701075,-0.22130638990565243,649
-2.0756018162497525,-1.2564902352715703,0.7431176252147417,0.32318878569456555,650
-0.03891128023210383,-0.26664221207441463,0.8462690549556576,-0.2672319175073862,651
-0.11486503393656611,-0.28166442109149326,0.8308195467635981,-0.3721782766764985,652
-0.5118160505506028,-0.9244530386074693,0.77108014034136,-0.1010352686552024,653
-0.02988567771490289,-0.4196453388934084,1.1941867631064798,-0.5591653620366536,654
-0.033792541177987204,-0.2929410593724037,1.0536660727951577,-0.45154522780806294,655
-0.14014147951900718,-0.6333902896075704,0.9678567396651899,-0.4066148720640135,656
0.022881813332030782,-0.49921482708254405,0.8722611902845943,-0.49090953920529584,657
-0.06899496729321447,-0.6008456660417836,0.9962051061783245,-0.406159235526875,658
-0.2728655762395113,-0.45580788923496734,0.6671539806851148,-0.18303111557000662,659
-0.5070720698605966,-0.9625735020593764,0.6649614686658178,0.007505048208536394,660
-0.037379726943495666,-0.035929029442044576,0.8010811283071166,-0.5426315803379057,661
-0.30368730506235875,-0.7983298203534185,1.0100581433801836,-0.17391297495602806,662
-1.1901239379633672,-1.0700704399154122,0.8031223887384139,0.02189347523132409,663
0.17487352888741706,-0.36361241418684337,0.7405205860536647,-0.2554531224824548,664
-0.010866228739285071,-0.5907433479610903,0.6395661690196404,-0.48394456053926027,665
-0.5184140636323777,-1.0087739243075051,0.7150334506611168,-0.041348371655620164,666
0.16613397030510912,-0.5754450233932868,0.9179411608885829,-0.3119499750721387,667
0.1220191720800308,-0.6407338353932516,0.9584539818247931,-0.2686554567783418,668
-0.36439563258108987,-0.3894462946829054,0.7117144572049929,-0.05825059597874055,669
-0.07006533660248318,-0.6511112769285621,0.6433934504731534,-0.06310644929204323,670
-0.4232211198568239,-0.41827784005090124,0.8387735546935997,-0.7014803840536185,671
0.15262463944761911,-0.23844801143581806,0.9456802644060505,-0.3287429835310138,672
0.16136800223497488,-0.4615519482897828,0.939659003067951,-0.3696560313960354,673
-0.07859968100349077,-0.29140915484965624,0.8576038456946434,-0.6490274272490762,674
-0.05557161805327771,-0.2477210145398813,0.8124186474216692,-0.15988013934455492,675
-0.3061324116703626,-0.8833922560117515,0.9198935905715513,-0.11400976326833988,676
-0.23925342463908275,-0.13763006287711757,0.8355574097057076,-0.32129016934625354,677
0.1885629041579057,-0.23987921473543242,1.2435390595033298,-0.6515557615317332,678
0.2747349848727382,-0.18276526957450187,0.8824391505675288,-0.39678387131943005,679
1.171667958874787,-0.637329070274333,0.7246198911996599,-0.06077321253045888,680
-0.1573346052508682,-0.09044397075882467,0.7898978569176265,-0.46007763005381036,681
0.1872386198314787,-0.49025998442961766,0.6183619311098781,-0.471517377201664,682
-0.22259492913111037,-0.5076587467450255,0.7505238224452415,-0.3671854236744443,683
-0.2952233833572949,-0.7321245806811024,0.848940012528474,-0.2601276413181576,684
-0.05977746055828661,-0.30989256054366937,0.8384460799375167,-0.3021839724828939,685
-0.3386322447088293,-0.15372475758778684,0.8461452873086854,-0.39280400868927734,686
0.24251658236560458,-0.30390584000477666,0.9025739558405109,-0.7124678728706889,687
-0.07874543312928849,-0.2061397986573304,0.9834729265880104,-0.3657254073138808,688
-0.1577965410108111,-0.8551145817128577,0.7933712489189557,-0.15454656349954088,689
-0.4391850588029482,-0.6165437034752469,1.0411715334876896,-0.3940064788580612,690
0.12839926871780646,-0.4145392704914993,1.2295052223232494,-0.578994687259269,691
-0.2082251663483575,-0.5603515704365263,0.677241845946654,-0.22058809711461239,692
-0.5725463505986803,-1.1870866433571443,0.6639457946635757,0.18882035616614493,693
-0.13314578926488221,-0.3417023496918102,0.8874541279766357,-0.5241205427314235,694
-0.1561756884110514,-0.7235381958267558,0.7759525067377012,-0.25362119329671634,695
-0.7594507517174003,-0.7214750352629824,0.6333876490890932,0.4604932811464634,696
-0.14315032127482769,-0.11850122038501716,1.0431381950131349,-0.7409907365768033,697
-0.18983471545685035,-0.4028535121663046,0.8310631183191277,-0.3726134252276097,698
-0.21485531357336576,-0.5589335933607368,0.927344694757926,-0.33014016437284294,699
-0.07731605361850008,-0.45173345482925475,1.0501902186512844,-0.4366680202903513,700
0.10383791602560984,-0.02387938170018444,0.8274403571066423,-0.46051166906533536,701
-0.4732731326853644,-0.5870357280033373,0.7048194671801695,0.3981413350212677,702
-0.6380833813313566,-0.6221475809932454,0.7461903380476391,-0.23358964524476392,703
0.2838437577958437,-0.4163478914579562,0.837518996066281,-0.32501482581796737,704
-0.16622836143882846,-0.6829818989518885,0.7724023958365102,-0.13517451310333892,705
-1.0421198682848878,-0.7358908436941917,0.9261520151200776,-0.2636750788264897,706
0.23426412437878932,-0.09854167860388763,0.9295926087727576,-0.6229333566590948,707
0.29360560319281814,-0.2336615247487127,0.7074083499685272,-0.36321795407546936,708
0.11753643271033819,-0.23358715288760054,0.7774485728203687,0.4915295834607359,709
0.4221628856623902,-0.0436394463266779,0.8722553621974749,-0.5481205883614725,710
-0.06217129246595271,-0.26672246606741823,0.7563241560647038,-0.31746980629703847,711
-1.025695602238214,-2.42021640338319,1.4682409595543198,0.45364015887013953,712
-0.21082839410009932,-0.3517375942519555,0.8142808992465183,-0.6835314846944153,713
-0.20188132848611673,-0.5460704079422714,0.7090408780871146,-0.17494747519228554,714
-0.19481189208082367,-0.31884925006757864,1.048095939490629,-0.45635879343974,715
-0.2513391596865341,-0.7537476877006779,0.7631358697379818,-0.1316413280671489,716
0.26370706460743143,-0.5870357280033373,0.6124341618748067,-0.5332950663646092,717
-0.47481261221241694,-0.6375175252488255,0.7702553671901553,-0.36204839727185584,718
0.2764618041732441,-0.7804154737857453,0.7643031879199867,-0.15288597579125948,719
-0.006105466978751341,-0.24956875133979783,1.1361400633745282,-0.5920687565649527,720
-0.3762649851199131,-0.8921119748172014,0.8135743173267552,0.6380451332766442,721
-0.2447732598138421,-0.20873051908973153,0.7439250463950465,-0.099657606695852,722
0.22269046471134069,-0.3988094673846665,1.1047226317096595,-0.5256435712228028,723
-0.06983064900963394,-0.45717457304082015,1.027263963799064,-0.503808104961768,724
0.1615776110488706,-0.20943337485392347,0.9210566821420867,-0.4416779020746386,725
-0.3124264523183173,-0.6716203965612623,0.7469765184208128,-0.2218487496163564,726
-0.03190949468884387,-0.6560009309428387,0.873349670085006,-0.5622436944046924,727
0.12293637301630427,-0.45605605751709355,0.7949200349169881,-0.2824431692846263,728
-1.6192643025843088,-1.6615435063953952,1.4376475245349851,-0.12097254939069854,729
-0.2310660578132185,-0.6439741428068773,0.6541380218121317,-0.4999014129508224,730
-0.4550270847679848,-0.5684754158125491,0.8040576109110679,0.3100209325887585,731
-0.11536320796282028,-0.24018112262517377,1.1384006007954106,-0.36014515589378815,732
0.11320776982273513,-0.6738690432892054,1.117059069406643,-0.4203350763429261,733
-0.4701848033553697,-0.44345629151648547,0.7464940813425891,0.18120536540804258,734
0.9495558852137729,-0.6671577330056484,0.6395661690196404,-0.06991679766252,735
0.2312401489450753,-0.3939412505896856,0.7206966687497962,-0.2642286924898041,736
-0.7842038674101662,-1.0680338852718274,0.8009781262396323,-0.03987151203769221,737
0.24936959469151607,-0.24779784682347897,1.0961867450642133,-0.49500372703717654,738
-0.07316384985558039,-0.2897133522971091,0.6555321959369296,-0.20881657560247863,739
-0.4432393190543895,-0.2795099315499485,0.8210547550468882,-0.08571061030409975,740
0.42928382893412503,-0.06464390705442685,0.859186349350555,-0.5235680884017042,741
-0.48810327631956907,-0.6621415709589057,1.1416190682117298,-0.5130819665655487,742
-0.043581825936716105,-0.12784372725170717,0.8925509288625244,-0.47875657745519096,743
-0.18104209920511125,-0.40329297031855377,0.851239997860312,-0.36959194709232107,744
-0.4687127257417195,-0.6996219351292975,0.8291107101552946,-0.33142838388935997,745
0.19719782748780304,-0.4596705252091263,0.6785092742385558,-0.3970023447988273,746
0.12726681831889838,-0.8065970969375825,0.7362769552331102,-0.10775561476556088,747
-1.2147128845802542,-1.3819519032879073,0.8554646382944328,0.16370727794037615,748
0.6517527640061174,-0.5887170869826158,0.656711341769704,-0.14906920754096725,749
-0.3871843667977872,-0.5103227083363014,0.677789391068861,-0.21690770511193905,750
0.10116258221484162,-0.6472388082761692,0.6285319682040652,-0.49482592700440187,751
0.11594317693905513,-0.07247565912497125,0.8628585713522817,-0.5203034479476323,752
0.2237813963998135,-0.3725317275402904,0.967744487445321,-0.39778643014203385,753
0.058881339349561024,-0.6708055849115488,1.5179002300092683,-0.7609926910214562,754
0.28929902887841635,-0.8961962790440431,1.0302960549111109,-0.18787650925884103,755
1.2520516374065163,-0.18091692425629732,0.8096337740458996,-0.3353531767436789,756
0.0011277002770349424,-0.358823453386886,0.8450670178718883,-0.39566387879896425,757
-0.055828354564272625,-0.10050780386186829,0.8281892633247309,-0.5156768301577004,758
0.10047393625765441,-0.18342730397389695,1.160498543522346,-0.5603361628201802,759
-0.36075263773492433,-0.603451962012868,0.667452952889954,-0.15649826587448434,760
-1.6357492687540243,-0.8664610916297825,0.6642093457226671,0.16422160272891634,761
0.0998532198843815,-0.28091742609851406,0.8525836751668341,-0.42572001919004043,762
0.008515007631454796,-0.4205594028602028,0.6082157123907838,-0.40596295368680263,763
-0.12357430222461231,-0.5380515047962382,1.0160969269928788,-0.4362331113024212,764
0.1358320497126804,-0.3193925710082121,0.7221401254574156,-0.20931571793284937,765
0.5430120463770353,-0.33124145824904233,1.2397848166514909,-0.5491727667891738,766
-0.29012821190918936,-0.5082182244158342,0.9046019540348451,-0.592508588266562,767
-0.08060284457374983,-0.7237680420781664,1.226275029394611,-0.512055825531503,768
-3.5327027444482124,-1.258060922270801,0.6497047278555522,0.35635845876549876,769
-0.1713787664154516,-0.03077052013735692,0.8038529898833462,-0.5022136614242075,770
0.03534967652298813,-0.5696024086130332,0.9208639182299914,-0.4994485602194438,771
-0.1303517920899973,-0.657182685364267,0.7605054136870836,-0.23391418696841962,772
-0.4359378709657428,-0.7515362824489681,0.7350077292950888,-0.11110960618029911,773
0.10863266558047581,-0.04963514562387693,0.7929237244567074,-0.31437874257529,774
0.24360846095935654,-1.3675427078152758,0.6265764444068124,0.24721191344732932,775
-0.020069395891295624,-0.422853015172475,0.6303159814713493,-0.43979287345679213,776
-0.052384951459216095,-0.796695083861517,0.9714938692252492,-0.3429669095674893,777
0.004536317851322776,-0.2215593164287672,0.7818558609230454,-0.3322142817930698,778
-0.4998321612048323,-0.5486741915104804,0.6420389208206194,-0.17234369162407648,779
-0.915674004983173,-1.3798639450262424,1.0026066147192112,0.00414604086191086,780
0.03714750363255473,-0.2669633170664205,0.8112934274442682,-0.3703657532079125,781
0.11062337523333066,-0.062431961399617084,0.8060713867894465,-0.36249571288657045,782
0.5528506544605611,-0.40406309373082644,1.143776490574444,-0.4890663617905196,783
-0.23963783944401507,-0.3629107264696695,0.7462838201514072,-0.24333863318225016,784
-0.10400871289361972,-0.5249101966109935,0.8666830462421649,-0.3515648224462746,785
0.23694013209448864,-0.5982549177629373,1.2394045982094761,-0.5068754254918103,786
0.10160961723311136,-0.3679478332941902,0.9138879938931173,-0.382120410071615,787
-1.2749709142782906,-0.6823544567788413,0.7564154823382874,-0.005045103959899246,788
-0.07761713152580947,-0.011797899741219161,0.7471864445943742,-0.5878368269088419,789
-0.04945503840328118,-0.27043027369803013,0.8358490442115359,-0.3975354492744519,790
-0.6461606761954575,-0.929962133392245,1.0206098533777046,-0.29116339460501556,791
-0.4283377438234985,-0.48558507941963097,0.6816301186885327,-0.47144584718718896,792
0.22455895894084213,-0.12638880300353272,1.095437868205057,-0.566543246335169,793
-0.3678363861087578,-0.4899914870597653,1.0939782060385426,-0.47618281898692444,794
-0.807181742951705,-1.0366844886138888,0.6152028012154085,0.0384182014228893,795
-0.6383288147834401,-0.7201050199883618,0.6506183162264442,-0.10758401148968391,796
-0.8168155997017849,-1.0947439512515487,0.6602771701536755,0.07155228858961486,797
-0.7057763410234144,-0.8999742698921374,0.6140214199226428,0.030950961497754424,798
-0.2503177814187807,-0.33564012544885885,0.8746035654408337,-0.3897402554599031,799
-0.15591442496441968,-0.26672246606741823,0.8780849835665415,-0.8115910584489798,800
-0.33396900170727545,-0.17043894370060728,0.8070206054435647,-0.21751931165412317,801
0.0521550671995647,-0.05007355633208777,1.207381201975264,-0.8696608163280676,802
-0.7199454660267529,-0.8857227034384137,0.7038671889085347,-0.002343020228904763,803
0.33266060027063504,-0.1213633269734832,0.7776660172398967,-0.28039348137289416,804
-0.017950494693816706,-0.4145392704914993,0.9860592654066179,-0.43347833405102676,805
0.05092083693540311,-0.10050780386186829,0.7456290224670127,-0.4633295490973757,806
-0.38544023113372866,-0.8035474582966109,0.8825245379548805,-0.27528649106565045,807
-0.2550189511564228,-0.6256183019491178,0.732675155803871,-0.18070066850960062,808
-0.30417697614301775,-0.6062493596519196,0.6391875599357539,-0.5135088644526,809
0.2124539610402758,-0.6237881497173272,0.635262521993581,-0.17590866730108787,810
-0.34497687991653436,-0.90274269030658,0.6431367110434376,-0.05076214535871163,811
0.1398161406105758,-0.43509732747079516,0.690213805972146,-0.4549868095054116,812
-0.05606547689713838,-0.18528638730402336,0.7157192889840266,-0.3500750536009438,813
-0.3784083241407822,-0.1521806527047607,0.8854686493885348,-0.45723746874480403,814
0.2545480771089738,-0.3504704340521811,1.0238448365432147,-0.46825779438835735,815
-0.15797770397940056,-0.5158425756346193,0.9119349126430383,-0.3953128616383764,816
0.4102034170894535,-0.30697693207630594,0.9505157600940135,-0.3789450761444812,817
-0.2926512853878182,-0.6948636810563608,0.9099088838369971,-0.24747021503381006,818
-0.08799594277134994,-0.6409237739407371,0.9984206427598927,-0.3141446799101029,819
0.2145259552811047,-0.1782245328165365,0.8172545758737504,-0.14380371437272363,820
0.1885629041579057,-0.15976840504189108,0.9937711914493343,-0.5069858959961462,821
-0.04889572207000172,-0.23003219867055757,0.8337780066555125,-0.37098673467131127,822
-0.10856290438093402,-0.4458744184869873,0.9571521647021166,-0.3061523151512061,823
-0.4442286282444823,-0.22973726182940674,0.8868740887091936,-0.30981595428987274,824
-0.12894105012936408,-0.30513167201754393,0.7682754212389227,-0.30164421162115884,825
-0.3059391068216036,-0.5999803649348415,0.9276320928869705,-0.36499035286279036,826
-3.468125288985267,-1.469800301796918,0.6305295714268241,0.41919030844183064,827
-0.14373041194242236,-0.44830608487277523,0.9626013394434877,-0.47614695373469407,828
-0.04246454266389953,-0.451979305094469,1.1042104677724027,-0.4888360772741599,829
-0.40472428819790063,-0.9846402445907858,0.6824339080292716,0.03733418651575364,830
0.2112807679641292,-0.5534628329263562,1.0182218454762728,-0.3768690701620482,831
-0.5650321115721875,-1.2168113089247425,1.0675915483015121,-0.08421868673923871,832
0.09303625294516314,-0.26312563835157754,1.0469670519203456,-0.557609897309397,833
-0.1974109746235674,-0.431211787684653,0.9049750708968238,-0.5580643469235739,834
0.2058807298875369,-0.27449673114068446,0.7462137104600929,-0.1894501137001108,835
0.2481695133068103,-0.42678017288557807,0.9461967225038448,-0.3803737119255803,836
-1.564776953788971,-1.3260580013659122,0.7196958087174565,0.23400652297818453,837
-0.8150531769481061,-0.6952941017872346,0.7841677899376811,-0.16514163203691568,838
0.25813422499277067,-0.27670855352241613,1.093512737362979,-0.5221675492702043,839
-0.4060275812810829,-0.4778166823813137,1.1754683237545955,-0.6739942006272877,840
-0.08879976321896998,-0.27368038788922466,0.8566443185502166,-0.4409873844668909,841
-0.08842162259263953,-0.7332980331159121,0.7542030368453084,-0.2109415021963531,842
-0.10861867110056882,-0.2790968291865426,0.8380742227687773,0.6665756411790826,843
-0.6446442766052934,-0.5665502062384039,0.6620964454179235,0.5303380335839593,844
-0.0510982390297863,-0.5062631977231602,0.8767776732870186,-0.36436920655385424,845
0.22136206720357055,-0.2995558989722485,0.9018069248217656,-0.2968089112372035,846
1.3617089532383162,-1.0319842860063582,0.8862199117266436,-0.05420186160992501,847
-0.16171144778766583,-0.34027390476220837,0.8451848902259058,-0.6623397108404785,848
-0.4469062135628141,-0.7293211638552936,0.7785853278629623,-0.16008912584545743,849
0.09286094333881736,-0.4281747509591709,1.0187254574020281,-0.4195369046577726,850
-0.05726294443890436,-0.7037737127388394,1.4392805753652638,-0.71076555775266,851
0.23449197423898832,-0.251501873386263,0.8315178468015999,-0.3109060943597756,852
-0.665868067672171,-0.8029952719769542,0.7814825089449703,-0.15011953718533566,853
0.5831420738599316,-0.16399254087446855,1.293837477198707,-0.6989700043360187,854
0.26278320985076375,-0.4829361265173453,1.135784399225453,-0.42645316565424807,855
0.3277674899027289,-0.32111758532926427,0.7620104817557715,-0.11044600025385043,856
-0.0022205691343960407,-0.360613130982316,0.681395022773371,-0.2516412094088203,857
-0.6844284653855471,-0.6957249495228717,0.6595549297109705,-0.0008629798803864085,858
-0.2001014305771308,-0.3581294545236872,0.746922076548385,-0.28089866175037687,859
-0.15382376747266538,-0.30250911282894305,0.9062757668011096,-0.6132722004318182,860
0.5893351257841429,-0.006740168563263143,0.6243955546315051,-0.7401642455877054,861
0.1768433845037388,-0.4319156686846059,1.2037207911940055,-0.5777454765277927,862
0.2635650609608573,-0.06464390705442685,0.7453558984520344,-0.1273477930351731,863
0.35734395709653355,-0.4713403547650101,0.666845449884052,-0.4012308673833909,864
-0.04475976020288136,-0.22076436832413643,0.887864755176594,-0.41731901300722013,865
0.06228106997264389,-0.657379957446652,1.2593501469351989,-0.47692398263727737,866
0.2992021176034219,-0.33941908757270045,1.0926539869424117,-0.4968233884453437,867
0.3044043496837311,-0.36632959394855624,1.22924912376593,-0.5662275632750631,868
-0.3148855309534606,-0.7682756166714835,0.8264765013148658,-0.17634605195351646,869
-0.4651999651257969,-1.0506099933550872,0.7133141013747266,0.04005981102177897,870
0.12414542506165377,-0.26688301855793556,0.8111458610907106,-0.39148464566401014,871
-0.10381010513176463,-0.20957408260888935,0.869061489886798,-0.7561986566205601,872
0.19122738187400998,-0.18802305566304606,0.8904992630100986,-0.38873107040014615,873
0.09579679360480221,-0.28408018256642054,0.9604279643579617,-0.5082854500446179,874
-0.12144948226857215,-0.3498868355564286,0.9566917665642888,-0.5535507260694359,875
-0.10345724877129166,-0.47560387789615804,0.8889092592635314,-0.40218024383101525,876
-1.4962501616046893,-1.034798298974088,0.7402205334915515,0.022464563900362527,877
-0.01357763271032575,-0.24641694110709345,0.9231662739962586,-0.42337227432137853,878
1.0335041729451746,-0.5785606097799503,0.6475785542124551,-0.06008936586778334,879
-0.19649508727475243,-0.5236031732746699,0.6353429804222125,-0.09510120372150423,880
0.02779794335029943,-0.3368646850422458,0.6221518283725088,-0.1540672699405925,881
-0.020506256968648596,-0.5691190535471088,0.8110385086042159,-0.24026914863928625,882
-0.02315043413016506,-0.5282683485199489,0.7906088285844173,0.1694448951330629,883
-0.02292603631624169,-0.4024144982477954,0.7783032268579779,-0.440128733617979,884
-4.185040265915716,-1.5734887386354248,0.6189471492307373,0.5760867193553333,885
-0.23675175168977813,-0.6447400944726216,0.7721015692770119,-0.28117521649913463,886
0.24057420701838447,-0.08365134772453987,0.9608749161732201,-0.482418886666996,887
-0.3188311510706014,-1.2464169411070933,0.6107240252298234,0.23184341519009508,888
0.303757468353811,-0.20992605157369523,1.136771284718289,-0.5637318612626742,889
-0.681602720782489,-0.7752080435073185,0.6569601827428492,-0.16145859754093195,890
0.03402652377511024,-0.6639407221336507,0.8995031436805606,-0.2612428372211746,891
-0.6326068020775242,-0.785421046429501,0.6769860884519177,0.1674380890043693,892
0.06099985321828844,-0.4217046948791738,0.7487847717507593,-0.5325812461799586,893
-0.03485005979739368,-0.48744900709578926,1.1781507147218155,-0.5520802153699118,894
0.49644529187335307,-0.26857241294905204,0.921977641223205,-0.30329279302215917,895
0.001300933020418072,-0.2870137664056173,0.8321958524045873,-0.39014696090806167,896
0.2703293970898584,-0.19565608152013414,0.7573504710383551,-0.34828169402491443,897
-0.21256078021776886,-0.45792185366437443,1.0571485973689145,-0.593176385365412,898
-0.2876449779142958,-0.7126462272852535,0.7158613395330107,0.3434807451133041,899
0.3281552619699469,-0.28878347567890994,0.7708446506563407,-0.30467634388713494,900
-0.19992246495933394,-0.6405439798790133,0.772189637645957,-0.29127015837482495,901
-0.5118160505506028,-0.8948305720006683,0.7244642961354176,0.3056078053778782,902
-0.9500458519779537,-1.348721986001856,0.6975780336511131,0.22781786550192878,903
-0.09576065485883624,-0.3292904047762029,0.8236567770682254,-0.35035556240612525,904
-0.37001987226623484,-0.7488486568246454,0.9336188723011295,-0.3663559792263736,905
0.3161800988934526,-0.19688444510997305,1.0081059871732625,-0.49540563148522027,906
-0.5839256090776056,-0.8748441704194698,0.9382394447654064,-0.2541670158199548,907
-0.22730431551503977,-0.3552660725528074,0.6902049430907665,-0.23853450378387972,908
-0.5590594484603362,-0.8221750281353182,0.7575250831511473,-0.016456969629706966,909
-0.02391150186706551,-0.6710091445505713,0.7126581181053834,-0.16882256249091668,910
-0.18881388856725,-0.12918657608440248,0.6674903099483317,-0.689541652356136,911
0.315172357208987,-0.3996806702483389,0.6642375738524928,-0.21956555894776097,912
-0.028209427693773284,-0.5984271543235541,1.0307494528696592,-0.4321569333224645,913
-0.5740421252254857,-0.6601512169623629,0.9684689388285543,-0.47297096870013833,914
0.03402652377511024,-0.09458193129745798,0.8289368803365531,-0.4872825702773098,915
0.19498584342588088,-0.6169030700509057,0.863156249460296,-0.20932810681244424,916
-0.05290953578037808,-1.1617807780923741,0.942479316962794,-0.027986703912541763,917
-0.2503564262503972,-0.6304131092636557,0.8496896120070763,-0.21516291762169734,918
0.5759610320607508,-0.1664704182413563,0.9596947286035806,-0.45495000564286886,919
0.2552242474798437,-0.4143137215475031,0.9395042766886216,-0.3284878523131525,920
-0.06968275894080118,-0.5525318690502442,0.8497448591196285,-0.30414100095770935,921
-0.13075654273893828,-0.3523236867591291,1.2058374740035451,-0.6801283370220089,922
-0.2177209164938518,-0.24779784682347897,0.6275911396281744,0.736926298155737,923
0.0596391383237249,-0.3432312207339833,1.1928433294551999,-0.5529650583100597,924
-0.0006823781437071954,-0.20697834015401678,0.8349672019384444,-0.38427305366173925,925
-0.4712760767390062,-0.6730500058340012,0.8011978344591488,-0.15845251064296612,926
-0.05780338003140545,-0.20349504844670377,0.7809074938241897,-0.3009606140068477,927
-0.048978358257465056,-0.48280410205002566,0.8338798834678971,-0.25237807494043785,928
-0.23256211968496812,-0.7741740085381067,0.9329757542800742,-0.29385987673372066,929
-0.013756904340661543,-0.4640732586044307,0.8782517136463006,-0.32134778782507023,930
-0.14757490660743341,-0.4841261562883209,1.10264634127938,-0.5582665566515839,931
-0.25244837024694017,-0.36957212497497616,1.0170959734092035,-0.6600809987949307,932
-0.36201021921531473,-0.38457604711405613,0.8739828753219773,-0.5195574994074013,933
0.04809205181237225,-0.5520671344078197,1.0337774809739757,-0.42058325781742373,934
0.42992983624062986,-0.714892970433188,0.6331552466432832,-0.07963199282592107,935
-0.5649045139417118,-0.8054856581175327,0.8850840426723856,-0.1953838005950962,936
0.20449982417115128,-0.3195738291418546,0.9118817170081923,-0.39509394321426095,937
-0.16075456043273337,-0.423773862550395,0.9983160197474352,-0.5894544031833602,938
0.11574360835995784,-0.16551571466519474,0.7577754910119255,-0.31151868984281883,939
0.013637612453531527,-0.640164517660112,1.0590747037239185,-0.4148595739278402,940
-0.472395874046732,-0.5199930570428494,0.6101915535686248,-0.04511882208983471,941
-0.09817129675223872,-0.17037464664195062,0.7054103732462141,-0.3463234009998823,942
-0.21784999153400436,-0.4744369417299331,0.7500530341067332,-0.28252500958377247,943
-1.8981498620618746,-1.1481303992702336,0.7204156682759466,0.14943133229065186,944
-0.12351081014498282,-0.41827784005090124,1.2873873855379439,-0.6652682113991738,945
-0.27409653121178773,-0.6579723119125283,0.7411988878722375,-0.23380103171254324,946
-0.13393725217994296,-0.1935486767527379,0.9388248249339003,-0.32673208780769114,947
0.23696529910297962,-0.03320145361663902,0.9016108698269817,-0.41388709616685215,948
0.5222224649962562,-0.057892691010644454,0.9783996638989976,-0.6723609358585887,949
0.1207712929369916,-0.16323295260579468,0.7177620113551868,-0.3267585344539707,950
-0.08475322383343753,-0.7214750352629824,0.9535954113625159,-0.23594945229682696,951
-0.08149786036382622,-0.6416843599178041,1.292519670136097,-0.7381795851084383,952
-1.1649883458960042,-0.9597933724252888,0.6546192772434656,0.3171564030404317,953
-0.29506057380265965,-0.43226803745193093,1.0393109867806696,-0.6168805036595226,954
0.14245204006634057,-0.3570411205902093,1.3231613117887049,-0.7233578556256798,955
0.10778638431595332,-0.45062884766682276,0.7992509238845186,-0.22324019562238268,956
-0.20177073480229815,-0.13542959314656974,0.7628585448663168,-0.27095209872389436,957
-0.10382665230999445,-1.0017406615763014,0.957932766220627,0.09621179021794603,958
-0.1575405429333965,-0.3492069603480692,1.0277531306143908,-0.3381926003906714,959
0.21152099724022955,-0.18071935302751885,0.8173802426578927,-0.3038042055901054,960
-0.14283642871593522,-0.2218487496163564,0.700470069624387,-0.21872345062415383,961
-0.47340229089654784,-0.3702846673528678,0.9043530312538136,-0.4823482248533458,962
0.19694954097399722,-0.35694231624854705,0.9642030409099224,-0.39508441738964634,963
-0.11093932775629396,-0.3193925710082121,0.9994393984525551,-0.6669277317005954,964
0.2017793537250607,-0.24412514432750865,1.005652315355074,-0.43262275550080426,965
-0.22465173675724548,-0.4549404153059971,0.7138264243805247,-0.2963508490930851,966
-0.11499518336174742,-0.5252011811993688,0.820812064634368,0.16229045472969927,967
-0.28289561341362446,-0.3928667956084333,1.0010367254177757,-0.6271298328078205,968
0.41980710517149866,-0.5054280157698013,1.261557850868864,-0.5118485965616533,969
-0.17898459094331523,-0.5212892444872407,0.8236241848563766,-0.25573430561936794,970
-0.4806577428899557,-0.24664678735850398,0.7815112397257366,-0.5692298584018249,971
-0.14120422758390233,-0.6907958203295924,1.0375460120858269,-0.33377237116114467,972
0.14166921696620913,-0.01781925440359742,0.7626035495668034,-0.4842840026831823,973
0.13110516209373138,-0.3148855309534606,0.7542718686834592,-0.2658197472930789,974
-0.29384571540886967,-0.4467239538629006,0.7335102296669812,-0.38536823613561944,975
-0.028594253537366957,-0.397505931192719,0.7513714972358775,-0.23420718390515,976
-0.24832836037080733,-0.4194171231856328,0.8831786174475215,-0.47712125471966244,977
-0.27419450526485756,-0.8187282284405385,0.6796458976952054,-0.19584529747645987,978
0.36533820234694103,-0.31390022800408407,1.0929941850930844,-0.4924187424546345,979
-0.3316327229581455,-0.5000381344038097,0.8497264441963278,-0.41897481868530306,980
-2.290662185812266,-1.6556077263148892,1.0813293018553374,0.19967577066516498,981
-0.5382014424748907,-0.8038238149600268,0.9495217389226155,-0.3455299498569068,982
-0.13730225970507648,-0.3988094673846665,1.0826812707339752,-0.6077543021177217,983
-0.20586064423222603,-0.4528408786725825,1.1985581225064719,-0.6533973592694741,984
-0.5520206882838353,-0.5605094096103165,0.7598717264083008,-0.20573322742417305,985
-0.4985436153034844,-0.5754450233932868,0.6351015604047463,-0.17658171024490657,986
-1.350382844267413,-1.0352690789463705,0.6367485953783361,0.12798972363046981,987
0.2617147757943664,-0.16992483357024982,0.7360696623717528,-0.1618756822310883,988
-0.2913496898017219,-0.3562513145404742,0.632528150305392,-0.21870381090813695,989
-0.15025514088037153,-0.5807052782465395,1.0283678836970616,-0.3814699711651187,990
-0.007185895312433896,-0.4426131179404928,0.7513176035606827,-0.2800069073922525,991
0.5415043591318591,-0.3412256791556432,0.9812702983909796,-0.30370611449550605,992
0.05789421972453023,-0.5282683485199489,0.8284536543460451,-0.3053015376367684,993
0.49067468526133834,-0.23754651763645307,0.8325727748461799,-0.3291637971685213,994
0.49539168326693855,-0.3082114755973016,0.6557913072155698,-0.08219411517747836,995
-0.22797917575277285,-0.6581699430794897,0.9480655869294088,-0.3514912021329089,996
-0.40343589001720565,-0.7456936676687144,0.6614340503939201,-0.009287461593532408,997
0.31393046253346235,-0.1166225102516611,0.8596605781418669,-0.5644797751208521,998
-0.08796403359826345,-0.5159850373324371,0.9670656790794656,-0.43209104662145636,999
-0.3841971917699639,-0.544089759617257,0.8027326876540817,-0.3138337793094582,1000
-0.05262510301972405,-0.21402987486799047,0.8560941998408881,-0.3922194847839292,1001
-0.2655682369469474,-0.6728454875905685,0.7588589264265799,0.018611180705056702,1002
-0.18506686690994573,-0.4292236312052518,0.895593798898112,-0.5844525917439829,1003
-0.5732285652073033,-0.9948194874962197,1.0330053444963658,-0.0161758968052435,1004
0.2049064289025684,-0.07628980560343722,0.7059150038787945,-0.3640429160085052,1005
-0.4458744184869873,-0.438898616350944,0.7356068829792511,-0.3210516115364083,1006
0.047352760753934194,-0.8027194418743807,0.6548693194685238,-0.004155959771157752,1007
-0.11883225928804116,-0.47404865875198754,0.6413451911825975,-0.2171735675832913,1008
-0.41468594014529553,-0.21183162885883233,0.6408489906785672,0.26143724145380537,1009
1.7687712546097138,-0.6649434805609086,0.6141692684491813,0.1127214898555295,1010
0.30756021462173594,-0.5897290357478155,0.9094918430477087,-0.25311652434590287,1011
0.16049854352234602,-0.48598381959935066,0.93734735031084,-0.23366548735464374,1012
0.8954612219428388,-0.00034757463392091225,0.7258626489521118,-1.3406875827016451,1013
0.4061653332765531,-0.21296481797377653,0.862453401407827,-0.3911848060074424,1014
1.109949580230588,-0.4243503852447807,0.6230838133595474,-0.12340304023478212,1015
-0.0006432319423524059,-0.9400581119380453,0.6127202967788601,0.02068459885985105,1016
1.682983961845778,-8.686758342857122e-05,0.6326900683245215,-1.1910272650567593,1017
-0.7655333365097383,-0.7469044141509684,0.8492781068916475,-0.15272504073146867,1018
0.34184982408475223,-0.16146572948813143,0.6674622924558063,-0.4082979171003581,1019
0.5216871451612316,-0.24313577593945096,0.9703747743371383,-0.39551419970828267,1020
-0.033178014348376146,-0.15570925674565686,1.2092173404050186,-0.6627329693915568,1021
0.006594386184137135,-0.18916284885951165,0.6623611208025147,-0.11134630586828384,1022
2.5710096723093048,-1.3467874862246563,0.8085215546293504,0.2746708965553633,1023
1.0066371590685863,-0.015652742414136153,0.7280858167916252,-0.5057807619920205,1024
0.42952619429668687,-0.10314322726279564,1.3673186409296911,-0.7792540810471202,1025
0.12057393120584989,-0.46079840070587225,0.7473496503821089,-0.10240308906232432,1026
-0.7315390413151981,-0.7726275577103637,0.64281063073728,0.038623928205442935,1027
-0.8360340170451165,-0.8141746403870378,1.0158834435010107,-0.18843897521564887,1028
-0.4036888632191711,-0.41805034162668214,1.2127068486232702,-0.6628715659972441,1029
0.010596736206525166,-0.39739747957974353,1.0977742671044282,-0.4308760667670254,1030
0.10829435094008824,-0.5914208745913325,1.6212396550538823,-0.7979189623187876,1031
-1.4998321612048324,-0.9157813132607613,0.6487794636986862,0.11251003588404805,1032
-1.0148340909334561,-0.9943905546397196,0.6436894998031001,0.038930315032130514,1033
-0.3537041255265943,-1.2153827073671246,0.8770947838893582,0.10243708541808166,1034
-0.022550772617658758,-0.5107448316307395,1.4459107474380666,-0.7609013863480323,1035
-0.14783730360741143,-1.1979107421182673,0.7889457270237478,0.09663592370776089,1036
0.06569172809327087,-0.4456319990099124,0.6689261187787878,-0.22598839755134986,1037
0.27579491463100303,-0.14327110961711742,1.210759814889922,-0.6119571288875876,1038
-1.7946873466903908,-1.9665762445130504,0.6596310116070007,0.8340437323721017,1039
0.3343532083835173,-0.13176713157753506,1.0544445125342417,-0.4623744691048283,1040
-0.1284796032547463,-0.557990840859048,0.9921557110426167,-0.28244196590733167,1041
0.7387567825882035,-0.9442395353122652,0.753199914199416,0.049749720082239254,1042
-0.5379615670300167,-0.029467170231675728,0.7359899079950084,-0.5590814876303868,1043
-2.7533045049038845,-1.4282911681913124,0.6497436431317345,0.58180115749215,1044
-0.7434265618762758,-1.0438315695246367,0.7666730483760843,0.1751293661222597,1045
0.13713247600899317,-0.4606729364606249,0.6397653044634994,-0.15193723720064564,1046
-1.1557900690193195,-1.4881166390211256,0.6491790300481438,0.38021124171160603,1047
-0.2205333836525859,-0.2897979853446152,0.941913738837475,-0.38182241121664706,1048
-0.959318560626642,-0.8850555842874153,0.7386140998703716,-0.11019326012158363,1049
-0.8678364039491359,-0.9570309266068199,0.8630669674498458,-0.10195482968761037,1050
-0.021746421787752823,-0.460422116654691,1.0787503570019232,-0.5033483392590146,1051
-0.42987754859558835,-0.7859513205880585,0.9647262106757867,-0.2335907871358414,1052
0.3017243115303357,-0.1973630819171894,0.7698055006497456,-0.30308729217766167,1053
3.469895618975018,-1.0376306643299789,0.6796640595135837,0.3179813573759845,1054
-0.2924298239020636,-0.34495765866879824,0.7475982270401956,-0.2726650378630881,1055
-1.0857679433765997,-1.238072161579471,0.8445703619882668,0.1518860139631877,1056
-0.4737899961583357,-0.700057099977233,0.6325888766371482,-0.029496992004804438,1057
0.13614958608853084,-0.13253251214094852,0.8182852915326878,-0.3926686690584203,1058
-0.012619784471126286,-1.0433514207947967,0.9072984725382273,-0.018128854028711387,1059
-0.6550185860727421,-0.9048306485682449,0.6159605671339842,0.0332299172860513,1060
-0.5459329947210954,-0.6515004297161623,1.1390789962486845,-0.5355862136409822,1061
1.50200354465664,-0.4596705252091263,0.9818367212655508,-0.4250518833949724,1062
0.3312652916762259,-0.37427609047424415,1.7016396420505884,-0.9715473676477955,1063
-0.2899927039670136,-0.7525177393229456,1.019917644782915,-0.3074641056693911,1064
-0.030439657491558463,-0.5526868911764318,1.0108340139250325,-0.31313600124680196,1065
0.47096880460579615,-0.9570309266068199,0.9495949062593665,-0.07308742964668019,1066
-0.47153324594379875,-0.9251835593548252,1.033182413729195,-0.12202399760108264,1067
1.4961821292572683,-0.6252516539898961,0.6114365152655441,-0.037888525093294476,1068
-0.8565792148700634,-0.8371370066780739,0.7073487146121819,-0.13632972879862928,1069
1.082030981267012,-0.9473060580750321,0.7169460750079298,0.062250473787616806,1070
-0.4604848080271424,-0.9546770212133425,1.1617003349617148,-0.278910131674258,1071
-0.14271576119219395,-0.29748330256184946,0.6646607757761195,-0.19331417510704765,1072
0.10195317747719945,-0.22914798835785583,1.3204391802509223,-0.6602623013428952,1073
-0.9861520041281687,-0.8985966494446692,0.7194887316311005,0.0346827468287667,1074
-0.8746488794852476,-0.9875846252375671,0.8247244480456489,-0.06253767072555819,1075
0.6133025816802632,-0.361610592334664,0.7797623860321656,-0.06389513938000847,1076
-3.4909050561886206,-1.4412914294668342,0.9380190974762103,0.3221050217476256,1077
2.2793018372746165,-1.2403321553103694,1.030551149503481,0.1406992839668398,1078
0.3143518417756629,-0.21027830601907818,1.0841292429160612,-0.41883867720331597,1079
-2.7955544185669323,-1.1237821594083577,0.6323256678521807,0.2473071403510897,1080
-0.2373589417332636,-0.7466619946738936,1.3393997601696095,-0.6600519383056491,1081
-1.0098210376417323,-0.5422694517540017,0.8303063175832084,-0.2671187504323934,1082
-0.6652648528681666,-1.0030507515046188,0.6570941150025763,0.21390411681951205,1083
0.09436629833613436,-0.2860896458710447,1.1487599346937498,-0.6013053525943809,1084
0.19089171692216964,-0.3187587626244128,0.9714660429161177,-0.4143043262164141,1085
0.40445739304674866,-0.16941133131485567,1.1135322483979653,-0.4782131736846244,1086
-0.37068216294612827,-0.4879830305038733,1.1103405086480573,-0.5755032270172333,1087
0.9574827746536111,-0.21488380497807996,0.6370291732721121,-0.16748689726407798,1088
0.8099500675253822,-1.1197582241045196,0.7796974782323298,0.1355369804935607,1089
-0.29224252158001607,-0.06183065360967973,0.7951149856303633,-0.4693790842907093,1090
-0.5476001540885584,-0.6302277114030372,0.8091285728420596,-0.2837685829785809,1091
0.3830250209362793,-1.1295960947209729,1.0070988379911865,0.009265300353026626,1092
0.9593467228420827,-0.21268124337545247,0.6364377439793963,-0.05020566231858624,1093
0.8280473285887555,-1.1237821594083577,0.8777168008649767,0.193080171523887,1094
-0.9611017878854675,-0.361011840656318,0.7193064220840432,-0.16085473124316446,1095
0.25536900426644127,-0.26034855629062315,0.9955518371523254,-0.41290606414405495,1096
-0.8017003910323132,-0.5471406642041478,0.7701963948425263,0.395144935701416,1097
-0.3843444851347481,-1.2189630613788682,0.7383682585837755,0.3179527007800455,1098
0.014058277424335934,-0.11165198982195101,1.130333768495006,-0.52680903890877,1099
1.0832517172216034,-0.2446588161884524,0.6466585421202875,-0.20707463864080236,1100
-1.2780575506870548,-1.0877779434675845,0.7510326258371672,0.2521307992520216,1101
1.245931954338602,-0.7505570385574177,0.7341034406212331,-0.07104161990882703,1102
1.679164332552692,-0.9321854888381599,1.0190290071875046,-0.42733307419141825,1103
0.4319585010371133,-0.43509732747079516,0.6619829637130961,-0.0027288091645565533,1104
-0.5424511395889915,-0.4737899961583357,0.7355110739195219,-0.2465430597932087,1105
-0.20990492538986696,-0.5161275457773263,0.8328791824658417,-0.29046955116025613,1106
1.3145623781778388,-0.7311880962602195,0.7011014940114779,0.42306491881955094,1107
0.6497047278555522,-0.6403542073254571,0.7638545906222944,-0.08020700438752244,1108
-5.628027530305907,-1.8477116556169435,0.6329833909551814,0.8389377313094384,1109
0.4481495716859465,-0.2175990475034702,0.7122202448146019,-0.13944207308673912,1110
-1.5360622406948012,-0.7387371312075065,0.7672820529822769,-0.08807660038021949,1111
-1.0664519759115056,-0.6876110506294081,0.6122857213766173,-0.044982530617687776,1112
0.9489115312648543,-1.2660007134616131,0.6413154351344487,0.38492646628738975,1113
0.11210205477089083,-0.4841261562883209,1.287412033288322,-0.5102643983513987,1114
0.30500723750951825,-0.26217149410421536,0.6486234355907893,-0.17292583336657977,1115
0.7714037303044066,-2.619788758288394,0.7473185682935716,1.599337132992489,1116
0.43365784669298807,-0.23995467203418938,0.6197088407510848,-0.11748189086142283,1117
-0.06466406741474538,-0.5611413405794381,0.9797577324748048,-0.35072257072001073,1118
-0.2200862001497374,-0.7649768405047764,0.653337958506749,0.06644091364807629,1119
-2.564474148501345,-1.2189630613788682,0.6866720121932138,0.1998749991557117,1120
0.03015427092210241,-0.36744148546732813,0.9687583813498885,-0.34745148496585987,1121
-0.6050232804454357,-0.7685304095693187,1.1638915448075537,-0.3278370743464436,1122
-1.6275851437999462,-1.198596289982645,0.7087861997410012,0.17310798271997335,1123
-0.12233499986978433,-0.21204387671606814,0.7264174702639391,-0.2121911427472125,1124
